{
"type": "FeatureCollection",
"name": "output_wards_near_omr",
"crs": { "type": "name", "properties": { "name": "urn:ogc:def:crs:OGC:1.3:CRS84" } },
"features": [
{ "type": "Feature", "properties": { "id": null, "Name": "170", "description": null, "timestamp": null, "begin": null, "end": null, "altitudeMode": null, "tessellate": 1, "extrude": 0, "visibility": -1, "drawOrder": null, "icon": null, "id_2": "ID_00002\n", "name2": "170\n" }, "geometry": { "type": "MultiPolygon", "coordinates": [ [ [ [ 80.249174430549672, 13.018470357851999, 0.0 ], [ 80.24909092303993, 13.019222498324901, 0.0 ], [ 80.248928327502043, 13.019945937327531, 0.0 ], [ 80.248815818422401, 13.02047062797231, 0.0 ], [ 80.248213597775177, 13.021328053639801, 0.0 ], [ 80.247786239930377, 13.022024675716912, 0.0 ], [ 80.247155717377041, 13.022751543072276, 0.0 ], [ 80.246180852837725, 13.023789215495899, 0.0 ], [ 80.245570377227949, 13.02435193144367, 0.0 ], [ 80.244874486468248, 13.0250426124291, 0.0 ], [ 80.244507401118639, 13.025472710206609, 0.0 ], [ 80.244071501364687, 13.025848083557532, 0.0 ], [ 80.243369087395934, 13.026209070182569, 0.0 ], [ 80.242857633853475, 13.026334345545806, 0.0 ], [ 80.242319448372172, 13.026364736546848, 0.0 ], [ 80.241700557110704, 13.026415144401419, 0.0 ], [ 80.241248357686402, 13.02640459301826, 0.0 ], [ 80.240825186627703, 13.026304178045029, 0.0 ], [ 80.240808557884705, 13.02630023225386, 0.0 ], [ 80.240363323095679, 13.026181065773491, 0.0 ], [ 80.240031392579397, 13.02601195732046, 0.0 ], [ 80.239608767241918, 13.025676255266513, 0.0 ], [ 80.239171340073298, 13.025114640520709, 0.0 ], [ 80.238647268430427, 13.024314152903951, 0.0 ], [ 80.238313271875072, 13.02353976637481, 0.0 ], [ 80.237888941715354, 13.022481828840549, 0.0 ], [ 80.237835289705956, 13.022337157744142, 0.0 ], [ 80.237388765678077, 13.021392084058171, 0.0 ], [ 80.238049567713929, 13.020780830177319, 0.0 ], [ 80.237779862830976, 13.020288730867449, 0.0 ], [ 80.237724083942965, 13.020229286420188, 0.0 ], [ 80.237622804756128, 13.020301371019659, 0.0 ], [ 80.237461724201069, 13.02031716551903, 0.0 ], [ 80.237419774267877, 13.020280127700751, 0.0 ], [ 80.237379416722561, 13.020245997998781, 0.0 ], [ 80.23732775542382, 13.020179543602282, 0.0 ], [ 80.237078748151518, 13.019728019459063, 0.0 ], [ 80.237040103985521, 13.01962437457807, 0.0 ], [ 80.236943255431811, 13.019480646821098, 0.0 ], [ 80.236840044858113, 13.019306218403431, 0.0 ], [ 80.236665581738876, 13.019102633263699, 0.0 ], [ 80.236543956335936, 13.018844004307748, 0.0 ], [ 80.236402775560407, 13.018578102847901, 0.0 ], [ 80.236360001147119, 13.018497540916561, 0.0 ], [ 80.236294764353161, 13.018313326796266, 0.0 ], [ 80.236004473616717, 13.017703250594511, 0.0 ], [ 80.23575184528822, 13.01711830427409, 0.0 ], [ 80.235736115669582, 13.017015269811198, 0.0 ], [ 80.235676778031163, 13.016880529822929, 0.0 ], [ 80.235624675112348, 13.016789344134848, 0.0 ], [ 80.23563907232473, 13.016780696312203, 0.0 ], [ 80.238105060457869, 13.018148145820819, 0.0 ], [ 80.238145656864134, 13.01811083125834, 0.0 ], [ 80.238310765585908, 13.018304826303391, 0.0 ], [ 80.238367938443091, 13.018353912209241, 0.0 ], [ 80.238517103036486, 13.018454453978251, 0.0 ], [ 80.238616842794031, 13.018536650807169, 0.0 ], [ 80.238665877927872, 13.018522253423926, 0.0 ], [ 80.238731404699223, 13.018524813843948, 0.0 ], [ 80.239081100819774, 13.018650128322697, 0.0 ], [ 80.23918351112836, 13.018663520621269, 0.0 ], [ 80.239960621450862, 13.01862928826348, 0.0 ], [ 80.240134515214578, 13.01857672130193, 0.0 ], [ 80.240619644058512, 13.018352742104371, 0.0 ], [ 80.240757942729587, 13.018286942860508, 0.0 ], [ 80.240787787641381, 13.018266215565081, 0.0 ], [ 80.240933042274492, 13.018141065571021, 0.0 ], [ 80.241007618492077, 13.018054708584469, 0.0 ], [ 80.241163072222378, 13.01794277964486, 0.0 ], [ 80.241134793808868, 13.017849355581291, 0.0 ], [ 80.241125696953105, 13.01781930233774, 0.0 ], [ 80.241119528006877, 13.017798919927028, 0.0 ], [ 80.241095689576866, 13.017723440013658, 0.0 ], [ 80.241059402681628, 13.017582328582693, 0.0 ], [ 80.241050850444424, 13.017549069737496, 0.0 ], [ 80.241034116114193, 13.01747243514591, 0.0 ], [ 80.241013121202869, 13.017371645981878, 0.0 ], [ 80.24097998848238, 13.017196788223558, 0.0 ], [ 80.240924611340319, 13.016911782794171, 0.0 ], [ 80.240882688861205, 13.016718432853317, 0.0 ], [ 80.240839760454932, 13.016563231723662, 0.0 ], [ 80.240806282177545, 13.01639320497123, 0.0 ], [ 80.240765624049416, 13.0162092678053, 0.0 ], [ 80.240724748825116, 13.016001545050242, 0.0 ], [ 80.240696267929579, 13.015827831120376, 0.0 ], [ 80.240682595419585, 13.015746918662808, 0.0 ], [ 80.240668327771473, 13.015662490746189, 0.0 ], [ 80.240625116742592, 13.015493291761098, 0.0 ], [ 80.240606628663926, 13.015318843021859, 0.0 ], [ 80.240600900558491, 13.015275148933808, 0.0 ], [ 80.240595278780518, 13.015232271648371, 0.0 ], [ 80.240582053472977, 13.01513139759361, 0.0 ], [ 80.240556306309301, 13.014911833399186, 0.0 ], [ 80.240527415994634, 13.014673666960499, 0.0 ], [ 80.240517233935194, 13.01457425847353, 0.0 ], [ 80.240515510877401, 13.014559279897556, 0.0 ], [ 80.240509792799571, 13.014509574722458, 0.0 ], [ 80.240498542613196, 13.014411779815108, 0.0 ], [ 80.240485469608004, 13.01421637944633, 0.0 ], [ 80.240470972902472, 13.01405669709075, 0.0 ], [ 80.240469491610156, 13.013889317412229, 0.0 ], [ 80.240466918464648, 13.013739518490599, 0.0 ], [ 80.240467928770727, 13.013588192014719, 0.0 ], [ 80.240468463506446, 13.013472825038258, 0.0 ], [ 80.240473478517956, 13.013278219951538, 0.0 ], [ 80.240475269982966, 13.013054455861909, 0.0 ], [ 80.240492984928778, 13.012237529620068, 0.0 ], [ 80.240487696621514, 13.01182187467098, 0.0 ], [ 80.240490987452631, 13.011678664607237, 0.0 ], [ 80.240492468146869, 13.011614217636119, 0.0 ], [ 80.24049352686275, 13.011568132807289, 0.0 ], [ 80.24049791483985, 13.011367417989618, 0.0 ], [ 80.240501814321959, 13.011225395106427, 0.0 ], [ 80.240504452654889, 13.011129314500568, 0.0 ], [ 80.24050676607186, 13.011004558982878, 0.0 ], [ 80.240506821326292, 13.011002765213687, 0.0 ], [ 80.240520000141032, 13.01084861704611, 0.0 ], [ 80.240520430104795, 13.010834293982821, 0.0 ], [ 80.24052437963158, 13.01068036022455, 0.0 ], [ 80.240536292515529, 13.010454647317989, 0.0 ], [ 80.24054155922579, 13.010309361552036, 0.0 ], [ 80.240547777297309, 13.01012083162856, 0.0 ], [ 80.240554143986543, 13.00982952543812, 0.0 ], [ 80.240552049064576, 13.009661311142038, 0.0 ], [ 80.240550843000719, 13.009538568907738, 0.0 ], [ 80.240548948009987, 13.009357378126751, 0.0 ], [ 80.240547347563989, 13.009156967643278, 0.0 ], [ 80.240542065698676, 13.008938784296348, 0.0 ], [ 80.240532410232603, 13.008707268390792, 0.0 ], [ 80.240523460887118, 13.00848128101347, 0.0 ], [ 80.240505008577358, 13.008195181788651, 0.0 ], [ 80.240483695280233, 13.00794231436031, 0.0 ], [ 80.240449471415474, 13.007656451087948, 0.0 ], [ 80.24041626860118, 13.007391728263206, 0.0 ], [ 80.240396672826691, 13.007199014087011, 0.0 ], [ 80.240385212631821, 13.007105756701968, 0.0 ], [ 80.240380513636779, 13.007089671713707, 0.0 ], [ 80.240377729305408, 13.007073164641801, 0.0 ], [ 80.240376896780319, 13.007056453506967, 0.0 ], [ 80.240378026452163, 13.007039759868501, 0.0 ], [ 80.240381104737011, 13.00702330521535, 0.0 ], [ 80.240386090401572, 13.007007306434659, 0.0 ], [ 80.240392917329686, 13.006991975819661, 0.0 ], [ 80.240401494533288, 13.006977517453002, 0.0 ], [ 80.240411708937941, 13.006964120885511, 0.0 ], [ 80.240423425371972, 13.006951964752869, 0.0 ], [ 80.240429356488221, 13.006947081346956, 0.0 ], [ 80.24041071985431, 13.006855831986508, 0.0 ], [ 80.240397062206611, 13.006788959939961, 0.0 ], [ 80.240379718486508, 13.006704041947367, 0.0 ], [ 80.240917240862402, 13.00660844896813, 0.0 ], [ 80.241190460743482, 13.00657385735569, 0.0 ], [ 80.241291591317889, 13.006562879376688, 0.0 ], [ 80.241431880872454, 13.006552874773698, 0.0 ], [ 80.241607890432448, 13.006546414022091, 0.0 ], [ 80.241860027512431, 13.006540833739489, 0.0 ], [ 80.24191744645934, 13.006539561931827, 0.0 ], [ 80.241925485942133, 13.006539383771647, 0.0 ], [ 80.242203238486539, 13.00653494943033, 0.0 ], [ 80.242545052023118, 13.006538938067022, 0.0 ], [ 80.242567180052134, 13.006539787475031, 0.0 ], [ 80.242695945725302, 13.006544762799651, 0.0 ], [ 80.242760304136368, 13.006547248106365, 0.0 ], [ 80.243074563500201, 13.006556943455871, 0.0 ], [ 80.243440611292883, 13.006566948496692, 0.0 ], [ 80.243556436563182, 13.006567525631644, 0.0 ], [ 80.242906527954148, 13.00434274249081, 0.0 ], [ 80.242895846985618, 13.004047577765748, 0.0 ], [ 80.24311172761341, 13.004069603238129, 0.0 ], [ 80.243386778153138, 13.004042452432538, 0.0 ], [ 80.243614019531648, 13.00406342555373, 0.0 ], [ 80.243803425395114, 13.004058814259102, 0.0 ], [ 80.243788546958569, 13.00384947843169, 0.0 ], [ 80.243763621556738, 13.003587713132497, 0.0 ], [ 80.24373551665532, 13.003214268941329, 0.0 ], [ 80.243706156227347, 13.002893082951966, 0.0 ], [ 80.243678252354229, 13.002531542220773, 0.0 ], [ 80.243673910409868, 13.002306504880108, 0.0 ], [ 80.243684807568087, 13.002192691477639, 0.0 ], [ 80.243709661471101, 13.001883734433529, 0.0 ], [ 80.243654627826785, 13.001593755362009, 0.0 ], [ 80.243581036817133, 13.001353231715488, 0.0 ], [ 80.243517063839846, 13.00113506258081, 0.0 ], [ 80.243474238201856, 13.000933306593298, 0.0 ], [ 80.243476865287661, 13.000793270799271, 0.0 ], [ 80.243516053397144, 13.000595305401989, 0.0 ], [ 80.243554485871954, 13.000416033942301, 0.0 ], [ 80.243584695103166, 13.000235552211411, 0.0 ], [ 80.243592431257994, 13.000065108558966, 0.0 ], [ 80.243568249907057, 12.99989512260686, 0.0 ], [ 80.243521773448407, 12.999572336899949, 0.0 ], [ 80.243497574940207, 12.999336195971491, 0.0 ], [ 80.243471085443105, 12.999082587351911, 0.0 ], [ 80.243449805244836, 12.99891255287061, 0.0 ], [ 80.243388061821449, 12.9986988614674, 0.0 ], [ 80.243329856774665, 12.99853134883306, 0.0 ], [ 80.243276332335782, 12.99829776814285, 0.0 ], [ 80.243216433523941, 12.99800823412825, 0.0 ], [ 80.243152223731059, 12.99767013830543, 0.0 ], [ 80.243120089478182, 12.997474127044864, 0.0 ], [ 80.243118555589234, 12.997299604651461, 0.0 ], [ 80.243118973305357, 12.997009576329189, 0.0 ], [ 80.243122429807485, 12.996817658088471, 0.0 ], [ 80.243130994258223, 12.996657800496992, 0.0 ], [ 80.243141119500322, 12.996558593987961, 0.0 ], [ 80.243146680510463, 12.99650411673554, 0.0 ], [ 80.243171291370572, 12.996327940759098, 0.0 ], [ 80.243194799292525, 12.996210847453407, 0.0 ], [ 80.243206617299464, 12.996111674801762, 0.0 ], [ 80.243202500906037, 12.995885605431958, 0.0 ], [ 80.243191785914135, 12.995705588570411, 0.0 ], [ 80.243171021698743, 12.995544315446312, 0.0 ], [ 80.243152229217131, 12.99543833641898, 0.0 ], [ 80.243212273692052, 12.995427256636361, 0.0 ], [ 80.243270087760152, 12.9954118953874, 0.0 ], [ 80.243615429526159, 12.99530537617134, 0.0 ], [ 80.243646526198631, 12.995293817882338, 0.0 ], [ 80.243709385306474, 12.995267642511307, 0.0 ], [ 80.243754231844676, 12.995245419400478, 0.0 ], [ 80.243782898421244, 12.995230958770298, 0.0 ], [ 80.243815715075243, 12.995216240763691, 0.0 ], [ 80.243826192419618, 12.995211705043726, 0.0 ], [ 80.243863213735878, 12.995198191908978, 0.0 ], [ 80.243865365028043, 12.995197546241117, 0.0 ], [ 80.243900987321908, 12.995186855560801, 0.0 ], [ 80.243939379351502, 12.995177738106859, 0.0 ], [ 80.243979116782754, 12.995170717786886, 0.0 ], [ 80.244057772380472, 12.9951556114044, 0.0 ], [ 80.244170686978833, 12.995133926235297, 0.0 ], [ 80.244362345012277, 12.995099172863581, 0.0 ], [ 80.24441119457677, 12.99509053243866, 0.0 ], [ 80.244558417635872, 12.995064491860647, 0.0 ], [ 80.244756949373539, 12.995032553062892, 0.0 ], [ 80.244907653268925, 12.995008007110469, 0.0 ], [ 80.245078705170215, 12.994980147522609, 0.0 ], [ 80.245406019684381, 12.994931812158338, 0.0 ], [ 80.245650890611671, 12.994902618576942, 0.0 ], [ 80.245688140732284, 12.994898177615619, 0.0 ], [ 80.24583729068037, 12.994880395525872, 0.0 ], [ 80.246172712046288, 12.994857029623249, 0.0 ], [ 80.246536688024335, 12.99485288956258, 0.0 ], [ 80.246628310436904, 12.99485184714441, 0.0 ], [ 80.246742702324838, 12.994855706548417, 0.0 ], [ 80.246945562054961, 12.99486164610258, 0.0 ], [ 80.247308835790008, 12.99486260470769, 0.0 ], [ 80.247626810745018, 12.994859732547438, 0.0 ], [ 80.248000370879922, 12.99486229780365, 0.0 ], [ 80.248476710786591, 12.994862191787957, 0.0 ], [ 80.248794820360814, 12.994863328269037, 0.0 ], [ 80.249021093018698, 12.994864163218599, 0.0 ], [ 80.249309000346969, 12.99488217505086, 0.0 ], [ 80.249351016962848, 12.99488497921126, 0.0 ], [ 80.24937715322163, 12.994895630264638, 0.0 ], [ 80.249399657174393, 12.994912515239843, 0.0 ], [ 80.249413475199617, 12.994932489191969, 0.0 ], [ 80.249415611629473, 12.99493248903441, 0.0 ], [ 80.249753385983752, 12.994955220599628, 0.0 ], [ 80.250098257606354, 12.995001289773032, 0.0 ], [ 80.250093804623035, 12.995030273772599, 0.0 ], [ 80.250084026869771, 12.995102823127977, 0.0 ], [ 80.250070155021504, 12.995162505626361, 0.0 ], [ 80.250108845349871, 12.995220757483079, 0.0 ], [ 80.250114677361296, 12.995273313872991, 0.0 ], [ 80.250089147921088, 12.995320359053952, 0.0 ], [ 80.250062977827866, 12.995494206753779, 0.0 ], [ 80.249984839286157, 12.995800309421069, 0.0 ], [ 80.249798226050785, 12.996514846875128, 0.0 ], [ 80.249749376153034, 12.996696099531089, 0.0 ], [ 80.249706313449082, 12.996860662854658, 0.0 ], [ 80.24963205764368, 12.997143466233631, 0.0 ], [ 80.249515599611556, 12.997585708508828, 0.0 ], [ 80.249383388538618, 12.998081274771208, 0.0 ], [ 80.249299601133487, 12.99827086976364, 0.0 ], [ 80.249255621589839, 12.99836566481075, 0.0 ], [ 80.249151678001454, 12.998589707647129, 0.0 ], [ 80.249098444361692, 12.99872653215316, 0.0 ], [ 80.249091452013047, 12.998804199123418, 0.0 ], [ 80.249094375791799, 12.998843811601239, 0.0 ], [ 80.24908645691572, 12.998886150548172, 0.0 ], [ 80.249075604307578, 12.998953527394299, 0.0 ], [ 80.249056177071097, 12.99909732968386, 0.0 ], [ 80.249022931418224, 12.99920618984078, 0.0 ], [ 80.248942441785147, 12.999464106620691, 0.0 ], [ 80.24886919515734, 12.99970509053248, 0.0 ], [ 80.248829952165067, 12.999830480192289, 0.0 ], [ 80.248829866306366, 13.00001231483947, 0.0 ], [ 80.248792629671527, 13.00023703680769, 0.0 ], [ 80.248739224239557, 13.000359350979211, 0.0 ], [ 80.248715877504537, 13.000509069818492, 0.0 ], [ 80.248677548198458, 13.000667827107858, 0.0 ], [ 80.248645777863302, 13.000790963365141, 0.0 ], [ 80.248589931489079, 13.00085749206187, 0.0 ], [ 80.248575552210312, 13.000947970046099, 0.0 ], [ 80.248605382582852, 13.001008999518417, 0.0 ], [ 80.248563909497094, 13.001040960583797, 0.0 ], [ 80.248532952253157, 13.001128271101518, 0.0 ], [ 80.248512765450101, 13.001190611616011, 0.0 ], [ 80.248483518024514, 13.001256067104027, 0.0 ], [ 80.248456917583766, 13.001318258847729, 0.0 ], [ 80.248449617980398, 13.001461146722921, 0.0 ], [ 80.248430048669164, 13.001560031400567, 0.0 ], [ 80.248407447784544, 13.001624509680457, 0.0 ], [ 80.248406739437286, 13.001691357031419, 0.0 ], [ 80.248341299534047, 13.00180438446559, 0.0 ], [ 80.24831812895431, 13.001950888404036, 0.0 ], [ 80.24827468719964, 13.00207712476355, 0.0 ], [ 80.248225852795471, 13.002205877263982, 0.0 ], [ 80.248219480459696, 13.002244634550388, 0.0 ], [ 80.248196913162303, 13.002381886645798, 0.0 ], [ 80.248165330242173, 13.002520092762426, 0.0 ], [ 80.248134350951474, 13.002672180105858, 0.0 ], [ 80.248113797383681, 13.002806936969858, 0.0 ], [ 80.248119704042736, 13.003034857942668, 0.0 ], [ 80.248016123931663, 13.003473005063018, 0.0 ], [ 80.24796921018644, 13.003593980585268, 0.0 ], [ 80.247970114434892, 13.003594396423978, 0.0 ], [ 80.247952988962098, 13.003635808959007, 0.0 ], [ 80.247908995136797, 13.003742191885999, 0.0 ], [ 80.247908545865712, 13.003938783759205, 0.0 ], [ 80.247916019134706, 13.004147360251368, 0.0 ], [ 80.247925879148852, 13.004410003112998, 0.0 ], [ 80.247939096570477, 13.004712430587459, 0.0 ], [ 80.247958265610706, 13.004987193185968, 0.0 ], [ 80.247968069693414, 13.005213619914848, 0.0 ], [ 80.247983776993209, 13.005791485005847, 0.0 ], [ 80.247988502819922, 13.00620592466292, 0.0 ], [ 80.248017516411522, 13.006423129917234, 0.0 ], [ 80.247954652599887, 13.006529620901368, 0.0 ], [ 80.247923847982193, 13.00672600724968, 0.0 ], [ 80.247944879797757, 13.007018794123098, 0.0 ], [ 80.247974086626698, 13.007716947897318, 0.0 ], [ 80.247984625463332, 13.007944955448178, 0.0 ], [ 80.248018855335445, 13.008809224481698, 0.0 ], [ 80.248048129033108, 13.009422492018778, 0.0 ], [ 80.248079152948065, 13.009947324747211, 0.0 ], [ 80.248104046302018, 13.010352918146111, 0.0 ], [ 80.248134194328657, 13.010714322203551, 0.0 ], [ 80.248158191928397, 13.01124768917307, 0.0 ], [ 80.248176693097577, 13.011458989318399, 0.0 ], [ 80.248198258632186, 13.01179542521243, 0.0 ], [ 80.248211029827772, 13.011931101318478, 0.0 ], [ 80.248119545387695, 13.012003000505437, 0.0 ], [ 80.248102818187135, 13.012099006152978, 0.0 ], [ 80.24806208769057, 13.012291162730088, 0.0 ], [ 80.248052067400309, 13.012477636775929, 0.0 ], [ 80.248071323192988, 13.01271237144806, 0.0 ], [ 80.24811767976, 13.013122988317001, 0.0 ], [ 80.248149228331542, 13.013394839853079, 0.0 ], [ 80.248186861931799, 13.01371571667131, 0.0 ], [ 80.248257056003709, 13.01430903565956, 0.0 ], [ 80.248308673913968, 13.01475420636169, 0.0 ], [ 80.248342896605593, 13.015073932162359, 0.0 ], [ 80.248355499279796, 13.015215394633666, 0.0 ], [ 80.248353933057487, 13.015294184817, 0.0 ], [ 80.248354115689096, 13.015294169070522, 0.0 ], [ 80.248353654746339, 13.015416842388198, 0.0 ], [ 80.248357542957564, 13.015516454019762, 0.0 ], [ 80.248371181446672, 13.015626625118909, 0.0 ], [ 80.24836310607563, 13.015769284515379, 0.0 ], [ 80.248372685490764, 13.015841138315951, 0.0 ], [ 80.248386855282931, 13.01586190634943, 0.0 ], [ 80.248405948563359, 13.016100210277996, 0.0 ], [ 80.248418837625778, 13.01661211533515, 0.0 ], [ 80.248428350903623, 13.01677539623353, 0.0 ], [ 80.248433756065225, 13.016980280135007, 0.0 ], [ 80.248440421447697, 13.017118876253118, 0.0 ], [ 80.248435525425592, 13.017272606830748, 0.0 ], [ 80.248435175176539, 13.017402606282021, 0.0 ], [ 80.248430870260535, 13.017469422334477, 0.0 ], [ 80.248439082046275, 13.01757345264647, 0.0 ], [ 80.248443309732721, 13.017659871159989, 0.0 ], [ 80.248449480450219, 13.017786357695462, 0.0 ], [ 80.248455543188001, 13.017972545534978, 0.0 ], [ 80.248469150322393, 13.018093160037548, 0.0 ], [ 80.248491519264562, 13.018228628805018, 0.0 ], [ 80.248555722874414, 13.018321480849689, 0.0 ], [ 80.248710185295465, 13.018366512580871, 0.0 ], [ 80.249174430549672, 13.018470357851999, 0.0 ] ] ] ] } },
{ "type": "Feature", "properties": { "id": null, "Name": "173", "description": null, "timestamp": null, "begin": null, "end": null, "altitudeMode": null, "tessellate": 1, "extrude": 0, "visibility": -1, "drawOrder": null, "icon": null, "id_2": "ID_00005\n", "name2": "173\n" }, "geometry": { "type": "MultiPolygon", "coordinates": [ [ [ [ 80.250742546741861, 12.992499676790526, 0.0 ], [ 80.250759218610725, 12.992465562158486, 0.0 ], [ 80.250819956841156, 12.992296082622833, 0.0 ], [ 80.25090002087218, 12.992043208179991, 0.0 ], [ 80.250949715787968, 12.991935601956001, 0.0 ], [ 80.250977324074526, 12.991873728356088, 0.0 ], [ 80.251057388105551, 12.99169886809908, 0.0 ], [ 80.251156777937155, 12.99135721770319, 0.0 ], [ 80.251228559482186, 12.99101018650493, 0.0 ], [ 80.251281015226638, 12.990816494462489, 0.0 ], [ 80.251457708260617, 12.99011973989411, 0.0 ], [ 80.251703422010962, 12.98917817656119, 0.0 ], [ 80.251772442727358, 12.98890915781049, 0.0 ], [ 80.251885636702241, 12.98857288396241, 0.0 ], [ 80.251918766646099, 12.988373809629817, 0.0 ], [ 80.251871832558948, 12.98826351162011, 0.0 ], [ 80.251860079479258, 12.988160440087526, 0.0 ], [ 80.251953815611358, 12.987796466740329, 0.0 ], [ 80.251924288303442, 12.98773892285476, 0.0 ], [ 80.251935331618085, 12.987604412736491, 0.0 ], [ 80.251996069848502, 12.987303109807268, 0.0 ], [ 80.252045764764304, 12.987028708607351, 0.0 ], [ 80.252062329736248, 12.986786589649828, 0.0 ], [ 80.252084416365491, 12.986625176880411, 0.0 ], [ 80.252205892826339, 12.986200122752539, 0.0 ], [ 80.252261109399456, 12.985984905195298, 0.0 ], [ 80.25236049923106, 12.985640556715939, 0.0 ], [ 80.252448845748049, 12.985231642276842, 0.0 ], [ 80.252498540663836, 12.985032565266859, 0.0 ], [ 80.252620017124684, 12.984629030297848, 0.0 ], [ 80.252724928613617, 12.984279299461281, 0.0 ], [ 80.252784257993497, 12.983923530471358, 0.0 ], [ 80.252793595489493, 12.983867538009278, 0.0 ], [ 80.252967881535312, 12.983203201492167, 0.0 ], [ 80.253194269485093, 12.98240150547627, 0.0 ], [ 80.253271572687467, 12.982347700281922, 0.0 ], [ 80.253321267603269, 12.982019488344152, 0.0 ], [ 80.253382005833686, 12.981777364505669, 0.0 ], [ 80.25346483069336, 12.98180964769776, 0.0 ], [ 80.253708047615248, 12.981849893110777, 0.0 ], [ 80.253711590178057, 12.98184053345666, 0.0 ], [ 80.253872454053734, 12.981888842560588, 0.0 ], [ 80.254067371039028, 12.98197074251863, 0.0 ], [ 80.254262188293211, 12.982086135326, 0.0 ], [ 80.254408287091422, 12.98217746455436, 0.0 ], [ 80.254476379090761, 12.982249431073699, 0.0 ], [ 80.254553958162205, 12.982412335093979, 0.0 ], [ 80.254689379550513, 12.982812250192632, 0.0 ], [ 80.254815064693375, 12.983204960199538, 0.0 ], [ 80.254858462604417, 12.983377335695938, 0.0 ], [ 80.254940564880727, 12.983659871422947, 0.0 ], [ 80.25502758911864, 12.983928066967868, 0.0 ], [ 80.255094840831219, 12.984282331410299, 0.0 ], [ 80.255143168006867, 12.984437974348495, 0.0 ], [ 80.255200875660506, 12.98472044012019, 0.0 ], [ 80.255249096091333, 12.98491196838739, 0.0 ], [ 80.255307017695614, 12.98512266344685, 0.0 ], [ 80.255446800549024, 12.985697234202012, 0.0 ], [ 80.255500014363335, 12.98585049870006, 0.0 ], [ 80.255509544548502, 12.985927082045936, 0.0 ], [ 80.255567195884538, 12.986228686595789, 0.0 ], [ 80.255615473807808, 12.986401075953637, 0.0 ], [ 80.255677619826812, 12.986831881689767, 0.0 ], [ 80.255711502800736, 12.986922889010859, 0.0 ], [ 80.255759481816099, 12.98719575730772, 0.0 ], [ 80.255834527514992, 12.98755482863641, 0.0 ], [ 80.255873257521117, 12.987740674101376, 0.0 ], [ 80.255903417222214, 12.987921058613319, 0.0 ], [ 80.256012951572075, 12.98897738957659, 0.0 ], [ 80.256069699008592, 12.9904278427364, 0.0 ], [ 80.256082739090203, 12.990849624919431, 0.0 ], [ 80.256082865297245, 12.990858956659128, 0.0 ], [ 80.256083212206121, 12.990884595433606, 0.0 ], [ 80.256083270266402, 12.990888942105236, 0.0 ], [ 80.256092338521569, 12.9912424455561, 0.0 ], [ 80.256097200580029, 12.99136726303967, 0.0 ], [ 80.256103468492867, 12.99151509832871, 0.0 ], [ 80.256105472383538, 12.991561785368351, 0.0 ], [ 80.256105687952882, 12.99156680612213, 0.0 ], [ 80.256107982399314, 12.991620271901152, 0.0 ], [ 80.256110745070842, 12.991684640095141, 0.0 ], [ 80.256112206598175, 12.991718692053499, 0.0 ], [ 80.256114005058706, 12.991760050034511, 0.0 ], [ 80.256119440692146, 12.991888568251264, 0.0 ], [ 80.256124652096588, 12.991963863516363, 0.0 ], [ 80.256127217894175, 12.992003920736281, 0.0 ], [ 80.256136915141866, 12.992185767494879, 0.0 ], [ 80.2561375173849, 12.99238614065961, 0.0 ], [ 80.256125644735818, 12.992595610564271, 0.0 ], [ 80.256119003507294, 12.99272217548363, 0.0 ], [ 80.256117523568903, 12.992750373345542, 0.0 ], [ 80.256101402400745, 12.993057589008112, 0.0 ], [ 80.256096328068637, 12.993186513856159, 0.0 ], [ 80.256090928642138, 12.993323666020817, 0.0 ], [ 80.256076373048685, 12.9935667645805, 0.0 ], [ 80.25606850580256, 12.993672752642532, 0.0 ], [ 80.256063262905954, 12.993743379406769, 0.0 ], [ 80.256060427306508, 12.993781557595279, 0.0 ], [ 80.256032596388081, 12.994086375204928, 0.0 ], [ 80.2560248639587, 12.994192591504838, 0.0 ], [ 80.256020270440629, 12.994255693537051, 0.0 ], [ 80.256011440108651, 12.994376985181733, 0.0 ], [ 80.256009941317515, 12.99439756869018, 0.0 ], [ 80.256009915433836, 12.99439790045861, 0.0 ], [ 80.256004836363545, 12.994467684967999, 0.0 ], [ 80.25600478927106, 12.99446832681733, 0.0 ], [ 80.256004775810339, 12.994468512140418, 0.0 ], [ 80.256004000928101, 12.994479156912879, 0.0 ], [ 80.256003991322487, 12.994479286186428, 0.0 ], [ 80.256000197604607, 12.994531421619023, 0.0 ], [ 80.255993703682734, 12.994613105005056, 0.0 ], [ 80.255993564766143, 12.994614856952786, 0.0 ], [ 80.255993549412779, 12.99461505854612, 0.0 ], [ 80.255992711238349, 12.994625591920171, 0.0 ], [ 80.25599270260868, 12.994625703112426, 0.0 ], [ 80.255979505955381, 12.994791682430449, 0.0 ], [ 80.255969821692247, 12.994960362711261, 0.0 ], [ 80.255969813884946, 12.994960507361411, 0.0 ], [ 80.255969209943245, 12.994971030555302, 0.0 ], [ 80.255969199291656, 12.994971201419148, 0.0 ], [ 80.255963556726741, 12.99506949835248, 0.0 ], [ 80.255963243601002, 12.995075254516468, 0.0 ], [ 80.255961557829337, 12.995106294595725, 0.0 ], [ 80.255961555899049, 12.99510632352469, 0.0 ], [ 80.255955654776542, 12.99521496199025, 0.0 ], [ 80.255950603467511, 12.99534445471382, 0.0 ], [ 80.255949329577973, 12.995377136196018, 0.0 ], [ 80.255946396658672, 12.99545231046803, 0.0 ], [ 80.255945489642372, 12.995484099647996, 0.0 ], [ 80.255945108224907, 12.99548584999688, 0.0 ], [ 80.255935799534726, 12.995689702124112, 0.0 ], [ 80.255937380410785, 12.995796365530868, 0.0 ], [ 80.255938431793055, 12.995867190239899, 0.0 ], [ 80.255938790297535, 12.99589170963438, 0.0 ], [ 80.255934223788543, 12.996157170545139, 0.0 ], [ 80.255938095263218, 12.996311451314579, 0.0 ], [ 80.255938609473574, 12.996331987236038, 0.0 ], [ 80.255942135638421, 12.996472488770458, 0.0 ], [ 80.255942922025724, 12.99664466663112, 0.0 ], [ 80.255943245651778, 12.99671556882128, 0.0 ], [ 80.255946017807105, 12.99680985799862, 0.0 ], [ 80.255948560701995, 12.996816422561238, 0.0 ], [ 80.255949043842477, 12.996817669936597, 0.0 ], [ 80.255953905732667, 12.996824552186789, 0.0 ], [ 80.255960315163222, 12.996830096127839, 0.0 ], [ 80.25596146048079, 12.996830681714741, 0.0 ], [ 80.256002598458764, 12.997048780249409, 0.0 ], [ 80.255977412779657, 12.997104537221549, 0.0 ], [ 80.255970694537723, 12.997333007336538, 0.0 ], [ 80.255987796820506, 12.99758081061856, 0.0 ], [ 80.255993368497727, 12.99762956311065, 0.0 ], [ 80.2560006326718, 12.997707254941526, 0.0 ], [ 80.256059054585265, 12.998332050107717, 0.0 ], [ 80.256113007816808, 12.99854306020195, 0.0 ], [ 80.256149720337334, 12.998796695670078, 0.0 ], [ 80.256153858331729, 12.998825285754201, 0.0 ], [ 80.256159266652418, 12.998862647530681, 0.0 ], [ 80.256194303995812, 12.999079997960852, 0.0 ], [ 80.256202271154407, 12.999129420087153, 0.0 ], [ 80.25622030988778, 12.999202802589148, 0.0 ], [ 80.256230131617386, 12.99925585587847, 0.0 ], [ 80.256243070594081, 12.99932573897817, 0.0 ], [ 80.256243091454479, 12.999325855680031, 0.0 ], [ 80.25629408868744, 12.999601315179078, 0.0 ], [ 80.256357301881351, 12.999894096193158, 0.0 ], [ 80.256429449020146, 13.000221352895908, 0.0 ], [ 80.25653469972012, 13.000858212946696, 0.0 ], [ 80.25655264243143, 13.000994889344108, 0.0 ], [ 80.256560795618526, 13.001103897143137, 0.0 ], [ 80.256595056958474, 13.0015619720873, 0.0 ], [ 80.256610988752243, 13.001680957420659, 0.0 ], [ 80.256611554482546, 13.001684510748268, 0.0 ], [ 80.256621724164717, 13.00174834763531, 0.0 ], [ 80.25663147202161, 13.001809542138297, 0.0 ], [ 80.256648497232604, 13.001916828407518, 0.0 ], [ 80.256665358861071, 13.002023624129448, 0.0 ], [ 80.256681024547802, 13.002117408567118, 0.0 ], [ 80.256707008280799, 13.002267642071722, 0.0 ], [ 80.256736083823995, 13.00242778996334, 0.0 ], [ 80.256765390820249, 13.002583609191769, 0.0 ], [ 80.256784006092047, 13.002681509857819, 0.0 ], [ 80.256810712972509, 13.002820859725761, 0.0 ], [ 80.256832301494953, 13.002933504688617, 0.0 ], [ 80.2568492290564, 13.003015710795502, 0.0 ], [ 80.256874356359916, 13.003137738847299, 0.0 ], [ 80.256902039236678, 13.003278217231562, 0.0 ], [ 80.256927894883475, 13.00340990424696, 0.0 ], [ 80.256948110045755, 13.003513092735972, 0.0 ], [ 80.256967432641929, 13.003614417820287, 0.0 ], [ 80.256983230659813, 13.003697259957809, 0.0 ], [ 80.257006050620873, 13.003816930468068, 0.0 ], [ 80.257025215269692, 13.003917429559181, 0.0 ], [ 80.257053254493741, 13.00403705622668, 0.0 ], [ 80.25708257282308, 13.00417120533265, 0.0 ], [ 80.257104370214776, 13.004274773581209, 0.0 ], [ 80.257112186116586, 13.004311908035849, 0.0 ], [ 80.25712698594738, 13.00438222952805, 0.0 ], [ 80.257147406541065, 13.00448274215023, 0.0 ], [ 80.257161746280318, 13.004550267433984, 0.0 ], [ 80.257181126826566, 13.004639912179579, 0.0 ], [ 80.25720047306514, 13.004700802278789, 0.0 ], [ 80.257215224671043, 13.004798503787269, 0.0 ], [ 80.257233940360834, 13.00488754623662, 0.0 ], [ 80.25725244048455, 13.004974043641898, 0.0 ], [ 80.257270494410704, 13.005054621763577, 0.0 ], [ 80.257283233809318, 13.00511148191443, 0.0 ], [ 80.257310439160165, 13.0052185739232, 0.0 ], [ 80.257338934151548, 13.00532673296073, 0.0 ], [ 80.257369432153837, 13.0054280149348, 0.0 ], [ 80.257393354124076, 13.00550745787964, 0.0 ], [ 80.257408928352049, 13.005574472190629, 0.0 ], [ 80.257423266201187, 13.00563616263655, 0.0 ], [ 80.25743992660945, 13.005707852971572, 0.0 ], [ 80.257455413622566, 13.00576916512922, 0.0 ], [ 80.257476146182924, 13.005842370797899, 0.0 ], [ 80.257637529929397, 13.006393074853078, 0.0 ], [ 80.257763792015211, 13.006674899671999, 0.0 ], [ 80.257640011678248, 13.006741775006498, 0.0 ], [ 80.257661401125745, 13.00696807578454, 0.0 ], [ 80.257968138093958, 13.00717102574402, 0.0 ], [ 80.258332987660637, 13.007492379458167, 0.0 ], [ 80.258598784957314, 13.00791165164342, 0.0 ], [ 80.258694784595704, 13.008095478954649, 0.0 ], [ 80.258829380318161, 13.008588654652966, 0.0 ], [ 80.258943909986115, 13.009565429167649, 0.0 ], [ 80.259006743012606, 13.010973799660508, 0.0 ], [ 80.259024232888734, 13.011338058114866, 0.0 ], [ 80.259035286984357, 13.01205456505383, 0.0 ], [ 80.259036688214763, 13.012534634193509, 0.0 ], [ 80.25904813922098, 13.01288762847749, 0.0 ], [ 80.258765287955043, 13.012811638838681, 0.0 ], [ 80.257548481735739, 13.01310344865928, 0.0 ], [ 80.257182439458717, 13.013191230253007, 0.0 ], [ 80.257060532887124, 13.013170454619898, 0.0 ], [ 80.256367645884339, 13.01319828750545, 0.0 ], [ 80.254446925639613, 13.014001855404999, 0.0 ], [ 80.252973471534474, 13.013914611716409, 0.0 ], [ 80.252101193673951, 13.014615928959918, 0.0 ], [ 80.251080993329651, 13.01542672162112, 0.0 ], [ 80.250243842971713, 13.01668156921019, 0.0 ], [ 80.249656164573437, 13.01747123615276, 0.0 ], [ 80.249174430549672, 13.018470357851999, 0.0 ], [ 80.248710185295465, 13.018366512580871, 0.0 ], [ 80.248555722874414, 13.018321480849689, 0.0 ], [ 80.248491519264562, 13.018228628805018, 0.0 ], [ 80.248469150322393, 13.018093160037548, 0.0 ], [ 80.248455543188001, 13.017972545534978, 0.0 ], [ 80.248449480450219, 13.017786357695462, 0.0 ], [ 80.248443309732721, 13.017659871159989, 0.0 ], [ 80.248439082046275, 13.01757345264647, 0.0 ], [ 80.248430870260535, 13.017469422334477, 0.0 ], [ 80.248435175176539, 13.017402606282021, 0.0 ], [ 80.248435525425592, 13.017272606830748, 0.0 ], [ 80.248440421447697, 13.017118876253118, 0.0 ], [ 80.248433756065225, 13.016980280135007, 0.0 ], [ 80.248428350903623, 13.01677539623353, 0.0 ], [ 80.248418837625778, 13.01661211533515, 0.0 ], [ 80.248405948563359, 13.016100210277996, 0.0 ], [ 80.248386855282931, 13.01586190634943, 0.0 ], [ 80.248372685490764, 13.015841138315951, 0.0 ], [ 80.24836310607563, 13.015769284515379, 0.0 ], [ 80.248371181446672, 13.015626625118909, 0.0 ], [ 80.248357542957564, 13.015516454019762, 0.0 ], [ 80.248353654746339, 13.015416842388198, 0.0 ], [ 80.248354115689096, 13.015294169070522, 0.0 ], [ 80.248353933057487, 13.015294184817, 0.0 ], [ 80.248355499279796, 13.015215394633666, 0.0 ], [ 80.248342896605593, 13.015073932162359, 0.0 ], [ 80.248284666986805, 13.014547162474759, 0.0 ], [ 80.248186861931799, 13.01371571667131, 0.0 ], [ 80.248103760274489, 13.012999692505501, 0.0 ], [ 80.248052067400309, 13.012477636775929, 0.0 ], [ 80.24806208769057, 13.012291162730088, 0.0 ], [ 80.248119545387695, 13.012003000505437, 0.0 ], [ 80.248211029827772, 13.011931101318478, 0.0 ], [ 80.248190987611764, 13.011681992781229, 0.0 ], [ 80.248158871131253, 13.0112554462904, 0.0 ], [ 80.248137785878939, 13.010794147503891, 0.0 ], [ 80.248133541193909, 13.010706492658787, 0.0 ], [ 80.248115877585931, 13.010494747546318, 0.0 ], [ 80.248103439891921, 13.010343037769989, 0.0 ], [ 80.248026712584505, 13.008973829562818, 0.0 ], [ 80.248019695917478, 13.008826834220972, 0.0 ], [ 80.247994409351406, 13.008191988728981, 0.0 ], [ 80.247927673896996, 13.006710009428568, 0.0 ], [ 80.247954652599887, 13.006529620901368, 0.0 ], [ 80.248017516411522, 13.006423129917234, 0.0 ], [ 80.247988502819922, 13.00620592466292, 0.0 ], [ 80.247983776993209, 13.005791485005847, 0.0 ], [ 80.247958265610706, 13.004987193185968, 0.0 ], [ 80.247940239366542, 13.004728811053459, 0.0 ], [ 80.247928357166828, 13.004466702596607, 0.0 ], [ 80.247917949240431, 13.004198772815297, 0.0 ], [ 80.247908995136797, 13.003742191885999, 0.0 ], [ 80.248011511774436, 13.003484898345269, 0.0 ], [ 80.248066780385756, 13.003258726896037, 0.0 ], [ 80.248119704042736, 13.003034857942668, 0.0 ], [ 80.248113797383681, 13.002806936969858, 0.0 ], [ 80.24814993194623, 13.002595687997584, 0.0 ], [ 80.248196913162303, 13.002381886645798, 0.0 ], [ 80.248225852795471, 13.002205877263982, 0.0 ], [ 80.248252961965832, 13.002134403625789, 0.0 ], [ 80.24831812895431, 13.001950888404036, 0.0 ], [ 80.248341299534047, 13.00180438446559, 0.0 ], [ 80.248406739437286, 13.001691357031419, 0.0 ], [ 80.248407447784544, 13.001624509680457, 0.0 ], [ 80.248428061843029, 13.001565699637421, 0.0 ], [ 80.248432881409229, 13.001545717433407, 0.0 ], [ 80.248449617980398, 13.001461146722921, 0.0 ], [ 80.248450733420924, 13.001439312275558, 0.0 ], [ 80.248456917583766, 13.001318258847729, 0.0 ], [ 80.248513959899356, 13.001186922940732, 0.0 ], [ 80.248534481756394, 13.00112395735615, 0.0 ], [ 80.248563909497094, 13.001040960583797, 0.0 ], [ 80.248605382582852, 13.001008999518417, 0.0 ], [ 80.248575552210312, 13.000947970046099, 0.0 ], [ 80.248589931489079, 13.00085749206187, 0.0 ], [ 80.248645777863302, 13.000790963365141, 0.0 ], [ 80.248715877504537, 13.000509069818492, 0.0 ], [ 80.248739224239557, 13.000359350979211, 0.0 ], [ 80.248792629671527, 13.00023703680769, 0.0 ], [ 80.248829866306366, 13.00001231483947, 0.0 ], [ 80.248829884676965, 12.999973410248442, 0.0 ], [ 80.248829952165067, 12.999830480192289, 0.0 ], [ 80.249056177071097, 12.99909732968386, 0.0 ], [ 80.249060663343329, 12.999064121879629, 0.0 ], [ 80.249071623136487, 12.998982996425577, 0.0 ], [ 80.249084606886328, 12.998897636190717, 0.0 ], [ 80.249094375791799, 12.998843811601239, 0.0 ], [ 80.24909246313338, 12.99881789817116, 0.0 ], [ 80.249091807135585, 12.998800254628881, 0.0 ], [ 80.249098444361692, 12.99872653215316, 0.0 ], [ 80.249129223325795, 12.99864742211213, 0.0 ], [ 80.249151678001454, 12.998589707647129, 0.0 ], [ 80.24917557718193, 12.998538194745958, 0.0 ], [ 80.249299601133487, 12.99827086976364, 0.0 ], [ 80.249330960673817, 12.99819990911657, 0.0 ], [ 80.249384472974199, 12.99807720999469, 0.0 ], [ 80.249706313449082, 12.996860662854658, 0.0 ], [ 80.250114677361296, 12.995273313872991, 0.0 ], [ 80.250066591448487, 12.995173484336098, 0.0 ], [ 80.250098257606354, 12.995001289773032, 0.0 ], [ 80.250742546741861, 12.992499676790526, 0.0 ] ] ] ] } },
{ "type": "Feature", "properties": { "id": null, "Name": "179", "description": null, "timestamp": null, "begin": null, "end": null, "altitudeMode": null, "tessellate": 1, "extrude": 0, "visibility": -1, "drawOrder": null, "icon": null, "id_2": "ID_00006\n", "name2": "179\n" }, "geometry": { "type": "MultiPolygon", "coordinates": [ [ [ [ 80.270990355911948, 12.992918582839289, 0.0 ], [ 80.271561352413016, 12.99491238946241, 0.0 ], [ 80.271917722232715, 12.996245599059549, 0.0 ], [ 80.271993166360303, 12.996630085493518, 0.0 ], [ 80.272004171107696, 12.9967114894694, 0.0 ], [ 80.272017737370675, 12.996791691889058, 0.0 ], [ 80.272017741742005, 12.996791717863809, 0.0 ], [ 80.272033863016617, 12.996871893786638, 0.0 ], [ 80.272062520129808, 12.99700516358577, 0.0 ], [ 80.27207431498951, 12.997071113243431, 0.0 ], [ 80.272075275877341, 12.997084373415889, 0.0 ], [ 80.272074185175882, 12.997097625098927, 0.0 ], [ 80.272071067718088, 12.997110565492285, 0.0 ], [ 80.272012481704394, 12.997127288274418, 0.0 ], [ 80.271904145007753, 12.997158211397817, 0.0 ], [ 80.271644947561541, 12.997232193985072, 0.0 ], [ 80.270753394181938, 12.997486666883932, 0.0 ], [ 80.270771589087133, 12.997417677028716, 0.0 ], [ 80.270667540837138, 12.996460626918568, 0.0 ], [ 80.270536257411507, 12.995410646069757, 0.0 ], [ 80.270341765978301, 12.995505097507049, 0.0 ], [ 80.270257328706109, 12.99546774343149, 0.0 ], [ 80.269953088073166, 12.995484290403969, 0.0 ], [ 80.269541989632657, 12.995554225998498, 0.0 ], [ 80.269433651197645, 12.995531551089289, 0.0 ], [ 80.269339360434614, 12.995562484080191, 0.0 ], [ 80.269280935388053, 12.995571532457008, 0.0 ], [ 80.267866326000046, 12.995746642000029, 0.0 ], [ 80.26777488517223, 12.995754973445671, 0.0 ], [ 80.267480995252299, 12.99578175040693, 0.0 ], [ 80.267135570828685, 12.995813222356299, 0.0 ], [ 80.266921379286231, 12.99584254725535, 0.0 ], [ 80.2667634635079, 12.995868799178426, 0.0 ], [ 80.266559710470688, 12.99589160226996, 0.0 ], [ 80.266500319543155, 12.995898249591249, 0.0 ], [ 80.266200562694664, 12.995931797261321, 0.0 ], [ 80.26604953890164, 12.995943436366929, 0.0 ], [ 80.265921798032267, 12.99595362753286, 0.0 ], [ 80.265882225710314, 12.995958537670489, 0.0 ], [ 80.265709367397051, 12.99598108469047, 0.0 ], [ 80.265697647606657, 12.995982104060278, 0.0 ], [ 80.265631921048538, 12.995987819122618, 0.0 ], [ 80.265608651174858, 12.995989842058629, 0.0 ], [ 80.265478966911175, 12.996003671456148, 0.0 ], [ 80.265366436793997, 12.996016283408631, 0.0 ], [ 80.265271437364618, 12.996025056809932, 0.0 ], [ 80.265180314598737, 12.996032484833931, 0.0 ], [ 80.265056306664178, 12.996041900374426, 0.0 ], [ 80.264950173353881, 12.99604967285309, 0.0 ], [ 80.264860732415073, 12.996058988980597, 0.0 ], [ 80.264792995647866, 12.996068484045049, 0.0 ], [ 80.264681633225749, 12.99608409372755, 0.0 ], [ 80.264669463279276, 12.996085799876056, 0.0 ], [ 80.264585693692027, 12.99610023257752, 0.0 ], [ 80.264421700943004, 12.996119338009168, 0.0 ], [ 80.264260727715239, 12.996135711243381, 0.0 ], [ 80.264099522586932, 12.996149730979869, 0.0 ], [ 80.263976221296858, 12.996172153173569, 0.0 ], [ 80.263916247431382, 12.996177889520069, 0.0 ], [ 80.263423384390634, 12.99622464873933, 0.0 ], [ 80.263359796945494, 12.996230681236041, 0.0 ], [ 80.263016637573656, 12.996263237700251, 0.0 ], [ 80.262769619696329, 12.996285615756182, 0.0 ], [ 80.262524687016281, 12.996307227303749, 0.0 ], [ 80.262448477480589, 12.996316620839711, 0.0 ], [ 80.262331363597895, 12.99632576619743, 0.0 ], [ 80.262283117725531, 12.99633237818173, 0.0 ], [ 80.261970194778897, 12.996377121878362, 0.0 ], [ 80.261968288832648, 12.996377752119351, 0.0 ], [ 80.261849616568611, 12.996280495141988, 0.0 ], [ 80.261848561630501, 12.996280211841359, 0.0 ], [ 80.261847599749018, 12.99627995321862, 0.0 ], [ 80.261829296306857, 12.996282539680109, 0.0 ], [ 80.261510948381073, 12.996325555750152, 0.0 ], [ 80.261376716714054, 12.996339818637459, 0.0 ], [ 80.261312965661276, 12.996346592515238, 0.0 ], [ 80.261223640208684, 12.996356084025868, 0.0 ], [ 80.261182547805717, 12.996359253045227, 0.0 ], [ 80.261147232594965, 12.996361976440179, 0.0 ], [ 80.261019988629485, 12.996371790438328, 0.0 ], [ 80.260989249795173, 12.996374160626448, 0.0 ], [ 80.260879866794269, 12.99638259672005, 0.0 ], [ 80.260788999830595, 12.996392949017148, 0.0 ], [ 80.260729676601557, 12.996399708222949, 0.0 ], [ 80.26056379937954, 12.996418606906008, 0.0 ], [ 80.260560876394166, 12.996418921387198, 0.0 ], [ 80.260488166086617, 12.996426746466488, 0.0 ], [ 80.260193893605859, 12.996458417476422, 0.0 ], [ 80.259791664723934, 12.996499677991002, 0.0 ], [ 80.259433104245915, 12.996537530542707, 0.0 ], [ 80.259391784082254, 12.996541311676788, 0.0 ], [ 80.259311561165717, 12.996548652957941, 0.0 ], [ 80.259130256937084, 12.99656524441305, 0.0 ], [ 80.258812697355083, 12.996601835015548, 0.0 ], [ 80.258787557606368, 12.996604731789771, 0.0 ], [ 80.258762620784452, 12.996607604727091, 0.0 ], [ 80.25866162223123, 12.996618166072832, 0.0 ], [ 80.258510263665912, 12.996633993495079, 0.0 ], [ 80.258442075338593, 12.99664112291034, 0.0 ], [ 80.258296917048, 12.996653134987239, 0.0 ], [ 80.258132498980686, 12.996668381475267, 0.0 ], [ 80.257918694819423, 12.996688194978541, 0.0 ], [ 80.257732820582589, 12.996697048689748, 0.0 ], [ 80.257635114546972, 12.996699284094218, 0.0 ], [ 80.257357324097981, 12.996724289765531, 0.0 ], [ 80.257019012463829, 12.996756054580631, 0.0 ], [ 80.256682248104553, 12.996794604900558, 0.0 ], [ 80.256432500571933, 12.996811250882677, 0.0 ], [ 80.25610908063689, 12.996827414412641, 0.0 ], [ 80.255967891375761, 12.996833972443426, 0.0 ], [ 80.25596146048079, 12.996830681714741, 0.0 ], [ 80.255960315163222, 12.996830096127839, 0.0 ], [ 80.255953905732667, 12.996824552186789, 0.0 ], [ 80.255949043842477, 12.996817669936597, 0.0 ], [ 80.255948560701995, 12.996816422561238, 0.0 ], [ 80.255946017807105, 12.99680985799862, 0.0 ], [ 80.255943245651778, 12.99671556882128, 0.0 ], [ 80.255942922025724, 12.99664466663112, 0.0 ], [ 80.255942135638421, 12.996472488770458, 0.0 ], [ 80.255938609473574, 12.996331987236038, 0.0 ], [ 80.255938095263218, 12.996311451314579, 0.0 ], [ 80.255934223788543, 12.996157170545139, 0.0 ], [ 80.255938790297535, 12.99589170963438, 0.0 ], [ 80.255938431793055, 12.995867190239899, 0.0 ], [ 80.255937380410785, 12.995796365530868, 0.0 ], [ 80.255935799534726, 12.995689702124112, 0.0 ], [ 80.255945108224907, 12.99548584999688, 0.0 ], [ 80.255945489642372, 12.995484099647996, 0.0 ], [ 80.255946396658672, 12.99545231046803, 0.0 ], [ 80.255949329577973, 12.995377136196018, 0.0 ], [ 80.255950603467511, 12.99534445471382, 0.0 ], [ 80.255955654776542, 12.99521496199025, 0.0 ], [ 80.255961555899049, 12.99510632352469, 0.0 ], [ 80.255961557829337, 12.995106294595725, 0.0 ], [ 80.255963243601002, 12.995075254516468, 0.0 ], [ 80.255963556726741, 12.99506949835248, 0.0 ], [ 80.255969199291656, 12.994971201419148, 0.0 ], [ 80.255969209943245, 12.994971030555302, 0.0 ], [ 80.255969813884946, 12.994960507361411, 0.0 ], [ 80.255969821692247, 12.994960362711261, 0.0 ], [ 80.255979505955381, 12.994791682430449, 0.0 ], [ 80.25599270260868, 12.994625703112426, 0.0 ], [ 80.255992711238349, 12.994625591920171, 0.0 ], [ 80.255993549412779, 12.99461505854612, 0.0 ], [ 80.255993564766143, 12.994614856952786, 0.0 ], [ 80.255993703682734, 12.994613105005056, 0.0 ], [ 80.256000197604607, 12.994531421619023, 0.0 ], [ 80.256003991322487, 12.994479286186428, 0.0 ], [ 80.256004000928101, 12.994479156912879, 0.0 ], [ 80.256004775810339, 12.994468512140418, 0.0 ], [ 80.25600478927106, 12.99446832681733, 0.0 ], [ 80.256004836363545, 12.994467684967999, 0.0 ], [ 80.256009915433836, 12.99439790045861, 0.0 ], [ 80.256009941317515, 12.99439756869018, 0.0 ], [ 80.256011440108651, 12.994376985181733, 0.0 ], [ 80.256020270440629, 12.994255693537051, 0.0 ], [ 80.2560248639587, 12.994192591504838, 0.0 ], [ 80.256032596388081, 12.994086375204928, 0.0 ], [ 80.256060427306508, 12.993781557595279, 0.0 ], [ 80.256063262905954, 12.993743379406769, 0.0 ], [ 80.25606850580256, 12.993672752642532, 0.0 ], [ 80.256076373048685, 12.9935667645805, 0.0 ], [ 80.256090928642138, 12.993323666020817, 0.0 ], [ 80.256096328068637, 12.993186513856159, 0.0 ], [ 80.256101402400745, 12.993057589008112, 0.0 ], [ 80.256117523568903, 12.992750373345542, 0.0 ], [ 80.256119003507294, 12.99272217548363, 0.0 ], [ 80.256125644735818, 12.992595610564271, 0.0 ], [ 80.2561375173849, 12.99238614065961, 0.0 ], [ 80.256136915141866, 12.992185767494879, 0.0 ], [ 80.256127217894175, 12.992003920736281, 0.0 ], [ 80.256124652096588, 12.991963863516363, 0.0 ], [ 80.256119440692146, 12.991888568251264, 0.0 ], [ 80.256114005058706, 12.991760050034511, 0.0 ], [ 80.256112206598175, 12.991718692053499, 0.0 ], [ 80.256110745070842, 12.991684640095141, 0.0 ], [ 80.256107982399314, 12.991620271901152, 0.0 ], [ 80.256105687952882, 12.99156680612213, 0.0 ], [ 80.256105472383538, 12.991561785368351, 0.0 ], [ 80.256103468492867, 12.99151509832871, 0.0 ], [ 80.256097200580029, 12.99136726303967, 0.0 ], [ 80.256092338521569, 12.9912424455561, 0.0 ], [ 80.256083270266402, 12.990888942105236, 0.0 ], [ 80.256083212206121, 12.990884595433606, 0.0 ], [ 80.256082865297245, 12.990858956659128, 0.0 ], [ 80.256082739090203, 12.990849624919431, 0.0 ], [ 80.256069699008592, 12.9904278427364, 0.000000000000227 ], [ 80.256067248037127, 12.990348591337638, 0.000000000000227 ], [ 80.25606523694465, 12.9902835697418, 0.000000000000227 ], [ 80.256061192753577, 12.99009462577361, 0.000000000000227 ], [ 80.256058278811039, 12.989984739541091, 0.000000000000227 ], [ 80.256050247467314, 12.989764886622071, 0.000000000000227 ], [ 80.256039391953465, 12.989504430499499, 0.000000000000227 ], [ 80.256031839460675, 12.989387328101479, 0.000000000000227 ], [ 80.256027595935876, 12.989246770190192, 0.000000000000227 ], [ 80.25601973554032, 12.989108583597179, 0.000000000000227 ], [ 80.256015878391665, 12.98906095177818, 0.000000000000227 ], [ 80.256012951572075, 12.988977389576629, 0.000000000000227 ], [ 80.255997582312119, 12.98881278055609, 0.000000000000227 ], [ 80.255984114424351, 12.988665176001229, 0.000000000000227 ], [ 80.255975259350265, 12.988568129622539, 0.000000000000227 ], [ 80.255958520796099, 12.988398905240167, 0.000000000000227 ], [ 80.255940411208002, 12.988256622195358, 0.000000000000227 ], [ 80.255912886709041, 12.9880247960528, 0.000000000000227 ], [ 80.255904477143673, 12.987938239705516, 0.000000000000227 ], [ 80.255904175446005, 12.987933347100949, 0.000000000000227 ], [ 80.255904167605195, 12.98793319336388, 0.000000000000227 ], [ 80.255903054800115, 12.987915192911942, 0.000000000000227 ], [ 80.255898671616677, 12.987844185922498, 0.000000000000227 ], [ 80.255914532933573, 12.987785520485749, 0.0 ], [ 80.255930915424685, 12.98776271363414, 0.0 ], [ 80.255980836826097, 12.987729802455618, 0.0 ], [ 80.256053383679813, 12.987722470833733, 0.0 ], [ 80.25613468834392, 12.987717220411021, 0.0 ], [ 80.256207351065129, 12.9877130899579, 0.0 ], [ 80.256284592219671, 12.987708172362808, 0.0 ], [ 80.256336942182344, 12.987704411447151, 0.0 ], [ 80.256395844652204, 12.987700179186081, 0.0 ], [ 80.256439144940515, 12.987671562027069, 0.0 ], [ 80.256581676921797, 12.98766132177559, 0.0 ], [ 80.256734435604983, 12.98764910425774, 0.0 ], [ 80.256790376259261, 12.987644630153232, 0.0 ], [ 80.256899678923304, 12.987635887928679, 0.0 ], [ 80.257022688499092, 12.987625956020738, 0.0 ], [ 80.257142746827071, 12.98761626246816, 0.0 ], [ 80.257233693923908, 12.987608919799268, 0.0 ], [ 80.25736621156571, 12.987598990480738, 0.0 ], [ 80.257507413997786, 12.987588410459658, 0.0 ], [ 80.257632624853159, 12.987579275726198, 0.0 ], [ 80.257719033701463, 12.98757346611459, 0.0 ], [ 80.257830598096291, 12.987565964191621, 0.0 ], [ 80.257919588248029, 12.987559981041548, 0.0 ], [ 80.258041426046717, 12.987557130644372, 0.0 ], [ 80.258175765737079, 12.987547467425317, 0.0 ], [ 80.258288373799559, 12.987539366987138, 0.0 ], [ 80.258377395455128, 12.987532084428002, 0.0 ], [ 80.258510629669857, 12.987520532615362, 0.0 ], [ 80.258588298320717, 12.987514148930568, 0.0 ], [ 80.258673773026729, 12.987507124701558, 0.0 ], [ 80.258803737595144, 12.987495907010699, 0.0 ], [ 80.258929294400815, 12.987484823170078, 0.0 ], [ 80.259056095793937, 12.987473793450969, 0.0 ], [ 80.259171848160989, 12.987461896697699, 0.0 ], [ 80.259286473153779, 12.98744959069238, 0.0 ], [ 80.25937044785843, 12.987440635098951, 0.0 ], [ 80.259430141492174, 12.987427332517623, 0.0 ], [ 80.25949647881572, 12.987409229438651, 0.0 ], [ 80.259549203358674, 12.987393223299431, 0.0 ], [ 80.259582839369614, 12.98738234387239, 0.0 ], [ 80.259621722560723, 12.9873671572888, 0.0 ], [ 80.259680971249026, 12.987333159762651, 0.0 ], [ 80.259700454191616, 12.987321565477879, 0.0 ], [ 80.259728587953077, 12.987305221627338, 0.0 ], [ 80.259771800796045, 12.987282328157411, 0.0 ], [ 80.259820710731958, 12.987247975644461, 0.0 ], [ 80.259848460316647, 12.987209408057449, 0.0 ], [ 80.259848339364794, 12.987163993148549, 0.0 ], [ 80.259857068476151, 12.987073621081201, 0.0 ], [ 80.25985849612087, 12.987038939868873, 0.0 ], [ 80.259861881056594, 12.986946707103938, 0.0 ], [ 80.259861887671732, 12.986885919275569, 0.0 ], [ 80.259858264852326, 12.98679906646654, 0.0 ], [ 80.25985505340914, 12.986742375467459, 0.0 ], [ 80.259851674846303, 12.986669255504028, 0.0 ], [ 80.25984873477617, 12.98660561375428, 0.0 ], [ 80.259846407372365, 12.98655521853351, 0.0 ], [ 80.259843828611466, 12.986499407317201, 0.0 ], [ 80.259842437347729, 12.986444248700233, 0.0 ], [ 80.259837572246298, 12.986386463425706, 0.0 ], [ 80.259833122515658, 12.986316378537621, 0.0 ], [ 80.260327275559362, 12.986254341063241, 0.0 ], [ 80.262050789583697, 12.986066274295553, 0.0 ], [ 80.261976807837044, 12.984988069805244, 0.0 ], [ 80.261971235582863, 12.984916826396661, 0.0 ], [ 80.261960747250612, 12.984906854816431, 0.0 ], [ 80.262053984767277, 12.984794464574907, 0.0 ], [ 80.262314476756771, 12.984765570253039, 0.0 ], [ 80.262719061186232, 12.98474633521419, 0.0 ], [ 80.263065254259431, 12.984714260715359, 0.0 ], [ 80.263537867598984, 12.98464728060506, 0.0 ], [ 80.263874034400672, 12.98460105489692, 0.0 ], [ 80.264345529717488, 12.984521880694819, 0.0 ], [ 80.265048418184008, 12.98438514883496, 0.0 ], [ 80.265478508907478, 12.984279229357586, 0.0 ], [ 80.265669801085266, 12.98421518407401, 0.0 ], [ 80.265807404664017, 12.984146499478609, 0.0 ], [ 80.265904326298568, 12.984090712379089, 0.0 ], [ 80.266071144194342, 12.98401388455375, 0.0 ], [ 80.266423812325769, 12.983932171134626, 0.0 ], [ 80.266765106829624, 12.98385349456783, 0.0 ], [ 80.267079235729824, 12.983769698945871, 0.0 ], [ 80.267101108970891, 12.983757448930341, 0.0 ], [ 80.267185073297284, 12.983702789425932, 0.0 ], [ 80.267204239010496, 12.983680306106482, 0.0 ], [ 80.267261866746452, 12.983595969557101, 0.0 ], [ 80.267343075912407, 12.98348216083658, 0.0 ], [ 80.267398092637279, 12.983439279257409, 0.0 ], [ 80.267527143682386, 12.983383453637492, 0.0 ], [ 80.267811672047358, 12.983325535772929, 0.0 ], [ 80.268044819919695, 12.983315414043487, 0.0 ], [ 80.268572684976661, 12.983212126585101, 0.0 ], [ 80.268762657368399, 12.984090439475882, 0.0 ], [ 80.268998758107216, 12.984977664800541, 0.0 ], [ 80.269000399734978, 12.984983833389029, 0.0 ], [ 80.270037855023446, 12.988882335025021, 0.0 ], [ 80.270990355911948, 12.992918582839289, 0.0 ] ] ] ] } },
{ "type": "Feature", "properties": { "id": null, "Name": "178", "description": null, "timestamp": null, "begin": null, "end": null, "altitudeMode": null, "tessellate": 1, "extrude": 0, "visibility": -1, "drawOrder": null, "icon": null, "id_2": "ID_00007\n", "name2": "178\n" }, "geometry": { "type": "MultiPolygon", "coordinates": [ [ [ [ 80.24964536755833, 12.994947951215146, 0.0 ], [ 80.249415611629473, 12.99493248903441, 0.0 ], [ 80.249413475199617, 12.994932489191969, 0.0 ], [ 80.249399657174393, 12.994912515239843, 0.0 ], [ 80.24937715322163, 12.994895630264638, 0.0 ], [ 80.249351016962848, 12.99488497921126, 0.0 ], [ 80.249309000346969, 12.99488217505086, 0.0 ], [ 80.249021093018698, 12.994864163218599, 0.0 ], [ 80.248794820360814, 12.994863328269037, 0.0 ], [ 80.248476710786591, 12.994862191787957, 0.0 ], [ 80.248000370879922, 12.99486229780365, 0.0 ], [ 80.247626810745018, 12.994859732547438, 0.0 ], [ 80.247308835790008, 12.99486260470769, 0.0 ], [ 80.246945562054961, 12.99486164610258, 0.0 ], [ 80.246742702324838, 12.994855706548417, 0.0 ], [ 80.246628310436904, 12.99485184714441, 0.0 ], [ 80.246536688024335, 12.99485288956258, 0.0 ], [ 80.246172712046288, 12.994857029623249, 0.0 ], [ 80.24583729068037, 12.994880395525872, 0.0 ], [ 80.245688140732284, 12.994898177615619, 0.0 ], [ 80.245650890611671, 12.994902618576942, 0.0 ], [ 80.245406019684381, 12.994931812158338, 0.0 ], [ 80.245078705170215, 12.994980147522609, 0.0 ], [ 80.244907653268925, 12.995008007110469, 0.0 ], [ 80.244756949373539, 12.995032553062892, 0.0 ], [ 80.244558417635872, 12.995064491860647, 0.0 ], [ 80.24441119457677, 12.99509053243866, 0.0 ], [ 80.244362345012277, 12.995099172863581, 0.0 ], [ 80.244170686978833, 12.995133926235297, 0.0 ], [ 80.244057772380472, 12.9951556114044, 0.0 ], [ 80.243979116782754, 12.995170717786886, 0.0 ], [ 80.243939379351502, 12.995177738106859, 0.0 ], [ 80.243900987321908, 12.995186855560801, 0.0 ], [ 80.243865365028043, 12.995197546241117, 0.0 ], [ 80.243863213735878, 12.995198191908978, 0.0 ], [ 80.243826192419618, 12.995211705043726, 0.0 ], [ 80.243815715075243, 12.995216240763691, 0.0 ], [ 80.243782898421244, 12.995230958770298, 0.0 ], [ 80.243754231844676, 12.995245419400478, 0.0 ], [ 80.243709385306474, 12.995267642511307, 0.0 ], [ 80.243646526198631, 12.995293817882338, 0.0 ], [ 80.243615429526159, 12.99530537617134, 0.0 ], [ 80.243270087760152, 12.9954118953874, 0.0 ], [ 80.243212273692052, 12.995427256636361, 0.0 ], [ 80.243152229217131, 12.99543833641898, 0.0 ], [ 80.243102024048611, 12.995447600977847, 0.0 ], [ 80.242802809591282, 12.995521159284229, 0.0 ], [ 80.242623789666155, 12.99558152724601, 0.0 ], [ 80.24253288566949, 12.995608616105171, 0.0 ], [ 80.242441606931976, 12.995635216474671, 0.0 ], [ 80.242383684619298, 12.995650970545229, 0.0 ], [ 80.242256955993383, 12.995683656722736, 0.0 ], [ 80.241531681988917, 12.99577807900755, 0.0 ], [ 80.241259814152656, 12.99581347231512, 0.0 ], [ 80.241239417411023, 12.995649413430534, 0.0 ], [ 80.241357856698329, 12.994822657465329, 0.0 ], [ 80.241589012108349, 12.99360475860707, 0.0 ], [ 80.241590898376913, 12.993594821524498, 0.0 ], [ 80.240585498182895, 12.987024186997409, 0.0 ], [ 80.240589758278659, 12.98698705939823, 0.0 ], [ 80.240590263818419, 12.986985151203109, 0.0 ], [ 80.24059143138436, 12.986983545136537, 0.0 ], [ 80.240592626197497, 12.9869826824025, 0.0 ], [ 80.2405993153927, 12.986979097798571, 0.0 ], [ 80.240616636998155, 12.986966877488992, 0.0 ], [ 80.240632185598287, 12.986950990890428, 0.0 ], [ 80.240644537719191, 12.986932602976927, 0.0 ], [ 80.240653390740277, 12.98691208087471, 0.0 ], [ 80.240661358612826, 12.986874252497456, 0.0 ], [ 80.240666842126927, 12.986838678269304, 0.0 ], [ 80.240670371628141, 12.9868028722834, 0.0 ], [ 80.24067186930921, 12.986768470011647, 0.0 ], [ 80.240675295214899, 12.986721538436967, 0.0 ], [ 80.240676464000742, 12.986673081212199, 0.0 ], [ 80.240675146513809, 12.98661961649529, 0.0 ], [ 80.240736741028257, 12.986496708446209, 0.0 ], [ 80.240747852466029, 12.98648091919201, 0.0 ], [ 80.240776728905516, 12.98645930451268, 0.0 ], [ 80.240793366081022, 12.986445339794818, 0.0 ], [ 80.240826892727867, 12.986420253899489, 0.0 ], [ 80.240904329521683, 12.986364148304421, 0.0 ], [ 80.240964755997084, 12.986326162032958, 0.0 ], [ 80.241009323640299, 12.986298145280932, 0.0 ], [ 80.241031703598537, 12.98625945204761, 0.0 ], [ 80.241031546782992, 12.98625552645399, 0.0 ], [ 80.241030492032564, 12.986229082733999, 0.0 ], [ 80.241028876105574, 12.9861885544477, 0.0 ], [ 80.241028347593485, 12.986180415097211, 0.0 ], [ 80.241014345005695, 12.986023882370718, 0.0 ], [ 80.240998876224452, 12.985950630398507, 0.0 ], [ 80.240990073873633, 12.9859140867412, 0.0 ], [ 80.240983105525572, 12.985878732036889, 0.0 ], [ 80.240966921609271, 12.985843939062539, 0.0 ], [ 80.240952481775537, 12.985809887198743, 0.0 ], [ 80.240940298973726, 12.985781640563888, 0.0 ], [ 80.240925420864528, 12.985747693210758, 0.0 ], [ 80.24092129234738, 12.985740899650661, 0.0 ], [ 80.240919340316424, 12.985738803439091, 0.0 ], [ 80.240916351459802, 12.985736252099848, 0.0 ], [ 80.240904354639582, 12.985727836939569, 0.0 ], [ 80.240885904199715, 12.985704039659197, 0.0 ], [ 80.24086613301057, 12.985681286490088, 0.0 ], [ 80.240845104477714, 12.98565964814477, 0.0 ], [ 80.24082029925647, 12.985636812458429, 0.0 ], [ 80.240741513250384, 12.985551586609329, 0.0 ], [ 80.240665341642696, 12.985466232744006, 0.0 ], [ 80.240591589379477, 12.98538061285643, 0.0 ], [ 80.240532823203154, 12.985317058535959, 0.0 ], [ 80.24047485405309, 12.985250652874068, 0.0 ], [ 80.24041884078926, 12.985182653383328, 0.0 ], [ 80.240365715633644, 12.985114257237891, 0.0 ], [ 80.240335200379732, 12.985077159143399, 0.0 ], [ 80.240314015973141, 12.985040698644509, 0.0 ], [ 80.240303458983092, 12.985025749389941, 0.0 ], [ 80.240281894979844, 12.984992234570008, 0.0 ], [ 80.240254787888389, 12.984951997094269, 0.0 ], [ 80.240239772412608, 12.984926586769568, 0.0 ], [ 80.240223014748722, 12.984902244639482, 0.0 ], [ 80.240204592925309, 12.984879083956809, 0.0 ], [ 80.240184595121391, 12.984857215291447, 0.0 ], [ 80.240163115069876, 12.984836741995831, 0.0 ], [ 80.240138478670417, 12.984820598733748, 0.0 ], [ 80.240064358913216, 12.98477501655143, 0.0 ], [ 80.239988894518092, 12.984730459399259, 0.0 ], [ 80.23991487681019, 12.984684689401348, 0.0 ], [ 80.239834938606236, 12.984635341332206, 0.0 ], [ 80.239754364956966, 12.984588182260289, 0.0 ], [ 80.239672036654554, 12.984542561504458, 0.0 ], [ 80.239544547707965, 12.984471410555088, 0.0 ], [ 80.239491691841792, 12.984448901410879, 0.0 ], [ 80.239436135932891, 12.984427116761118, 0.0 ], [ 80.23940216081732, 12.984415389358768, 0.0 ], [ 80.239346080524697, 12.984398984054542, 0.0 ], [ 80.239287927363094, 12.984389299926869, 0.0 ], [ 80.239140677861911, 12.984364779374133, 0.0 ], [ 80.238957698856154, 12.98433090328929, 0.0 ], [ 80.238915436162344, 12.98432083790216, 0.0 ], [ 80.238874497266778, 12.984311455438037, 0.0 ], [ 80.23887266120208, 12.984310648941779, 0.0 ], [ 80.238797193705736, 12.984292674043358, 0.0 ], [ 80.23854674863307, 12.984227519170789, 0.0 ], [ 80.238491278135172, 12.984211644430133, 0.0 ], [ 80.23843621296497, 12.984193166767749, 0.0 ], [ 80.238382067149715, 12.984172238691118, 0.0 ], [ 80.238329027625895, 12.984148937605401, 0.0 ], [ 80.238320471075269, 12.98414475141025, 0.0 ], [ 80.238270498028882, 12.984120301919216, 0.0 ], [ 80.23821225786827, 12.984095026173108, 0.0 ], [ 80.238206100354915, 12.984092680721362, 0.0 ], [ 80.238153056968798, 12.98407247466813, 0.0 ], [ 80.238151940564507, 12.984072116950589, 0.0 ], [ 80.23811849739316, 12.98405954099597, 0.0 ], [ 80.238085067700766, 12.984043147542572, 0.0 ], [ 80.238007844103919, 12.983992425274907, 0.0 ], [ 80.237986889851868, 12.983979520605448, 0.0 ], [ 80.237965870472351, 12.983968926879772, 0.0 ], [ 80.237944001006085, 12.98396014267874, 0.0 ], [ 80.237921443529018, 12.98395323357957, 0.0 ], [ 80.237896574457068, 12.983947863886151, 0.0 ], [ 80.237756158200938, 12.983916488865297, 0.0 ], [ 80.237716886696887, 12.983907628314793, 0.0 ], [ 80.237675518739991, 12.98389536633985, 0.0 ], [ 80.237623090772672, 12.983883819705239, 0.0 ], [ 80.237562178336404, 12.983872881122867, 0.0 ], [ 80.237516717381766, 12.98386762281231, 0.0 ], [ 80.237516462071653, 12.983867593129268, 0.0 ], [ 80.237473330793023, 12.983865148280422, 0.0 ], [ 80.237424489861766, 12.983866489746438, 0.0 ], [ 80.237359507057192, 12.983871459434738, 0.0 ], [ 80.237294256877476, 12.98387823853135, 0.0 ], [ 80.237229221654005, 12.983886789570327, 0.0 ], [ 80.23716445119905, 12.98389710456002, 0.0 ], [ 80.237100011929442, 12.983909172845069, 0.0 ], [ 80.237076625027655, 12.98391423285176, 0.0 ], [ 80.237055048277512, 12.983921034231999, 0.0 ], [ 80.237032134261185, 12.983930663641704, 0.0 ], [ 80.236921000465614, 12.983974604457067, 0.0 ], [ 80.236790941405175, 12.98402632004824, 0.0 ], [ 80.236703909527208, 12.984059295745231, 0.0 ], [ 80.236628011967241, 12.984088052551138, 0.0 ], [ 80.236627562420836, 12.984088223029346, 0.0 ], [ 80.236451936131502, 12.9841531370938, 0.0 ], [ 80.23631253937603, 12.983970624533212, 0.0 ], [ 80.235741135907062, 12.983133505572768, 0.0 ], [ 80.235693218715141, 12.983003702453511, 0.0 ], [ 80.235649765814799, 12.982891453929581, 0.0 ], [ 80.235607717800505, 12.982772066348751, 0.0 ], [ 80.235563356060609, 12.982625365119478, 0.0 ], [ 80.235552515617414, 12.982590762972539, 0.0 ], [ 80.235552362024151, 12.982590335738589, 0.0 ], [ 80.235551288321204, 12.982588680608819, 0.0 ], [ 80.23554967928176, 12.98258751217338, 0.0 ], [ 80.235547745573584, 12.98258698566978, 0.0 ], [ 80.235545745149537, 12.982587170575419, 0.0 ], [ 80.235538387646869, 12.98258921413975, 0.0 ], [ 80.235333266296493, 12.982640421727801, 0.0 ], [ 80.235018092281635, 12.98270984152915, 0.0 ], [ 80.234783559979704, 12.9827605100519, 0.0 ], [ 80.234682720049463, 12.982781169034952, 0.0 ], [ 80.234619317281414, 12.982794158432446, 0.0 ], [ 80.234455104897805, 12.982830390999128, 0.0 ], [ 80.234450711620369, 12.98283230129875, 0.0 ], [ 80.234435932390312, 12.982840793435782, 0.0 ], [ 80.234422220644959, 12.982850861118131, 0.0 ], [ 80.234330460075242, 12.982917501740818, 0.0 ], [ 80.234311718230529, 12.98292682039593, 0.0 ], [ 80.234291879535718, 12.982933614006717, 0.0 ], [ 80.234271296570768, 12.982937762448357, 0.0 ], [ 80.23415064192767, 12.982949218698868, 0.0 ], [ 80.234029843189177, 12.982958951063658, 0.0 ], [ 80.233908935405466, 12.98296695602922, 0.0 ], [ 80.233813809328268, 12.982971889383281, 0.0 ], [ 80.233787957314519, 12.982973230092707, 0.0 ], [ 80.233260291327611, 12.982999248359519, 0.0 ], [ 80.233230788684878, 12.983000703028749, 0.0 ], [ 80.23319369060377, 12.983002405653096, 0.0 ], [ 80.233156754345458, 12.983006060011991, 0.0 ], [ 80.233120102578155, 12.983011652904162, 0.0 ], [ 80.23308385429327, 12.983019167500871, 0.0 ], [ 80.232930558487269, 12.98305609315358, 0.0 ], [ 80.23277791774008, 12.98309558233394, 0.0 ], [ 80.232625984538146, 12.98313762317227, 0.0 ], [ 80.232602379714635, 12.98314068927623, 0.0 ], [ 80.232579058574757, 12.983136037969569, 0.0 ], [ 80.232559169260682, 12.983127153480449, 0.0 ], [ 80.23257490487245, 12.983089236412781, 0.0 ], [ 80.232624545702421, 12.982906012222596, 0.0 ], [ 80.232699839366461, 12.98262498614549, 0.0 ], [ 80.232842597620632, 12.982198884296899, 0.0 ], [ 80.232970923324103, 12.981832408008458, 0.0 ], [ 80.232767367693, 12.981908102854492, 0.0 ], [ 80.232609948524342, 12.981954430988369, 0.0 ], [ 80.23241945683165, 12.981996877799657, 0.0 ], [ 80.232231624143765, 12.982026176383938, 0.0 ], [ 80.232027491705267, 12.982048973455356, 0.0 ], [ 80.231754291037234, 12.982048227078261, 0.0 ], [ 80.23162871858645, 12.982044521884989, 0.0 ], [ 80.231549752302939, 12.982042625086876, 0.0 ], [ 80.231505431197732, 12.982041562319219, 0.0 ], [ 80.231428416598391, 12.98203971061479, 0.0 ], [ 80.231363349354552, 12.98202860478251, 0.0 ], [ 80.231319206172358, 12.982020944515128, 0.0 ], [ 80.231277296869422, 12.982013917352946, 0.0 ], [ 80.231252132886667, 12.982005168865648, 0.0 ], [ 80.231219626913244, 12.981997924328789, 0.0 ], [ 80.23109038653709, 12.981952800655939, 0.0 ], [ 80.230826192436993, 12.98183309636622, 0.0 ], [ 80.230631495062937, 12.98173599990079, 0.0 ], [ 80.230481769395908, 12.981655587730037, 0.0 ], [ 80.230076770576034, 12.981434643357321, 0.0 ], [ 80.229908608914627, 12.98132513414714, 0.0 ], [ 80.229785078630741, 12.98124424056576, 0.0 ], [ 80.22921931416397, 12.98089655280482, 0.0 ], [ 80.229272604825596, 12.980826988972927, 0.0 ], [ 80.22930652560521, 12.98073913589092, 0.0 ], [ 80.229338162791578, 12.980611456400192, 0.0 ], [ 80.229343415399015, 12.980499960415031, 0.0 ], [ 80.229340010185183, 12.980246987136038, 0.0 ], [ 80.229336683816584, 12.979645482386021, 0.0 ], [ 80.229328735476571, 12.979202755519671, 0.0 ], [ 80.229333428570627, 12.979117445755207, 0.0 ], [ 80.229407506853278, 12.978969620524488, 0.0 ], [ 80.229402357983446, 12.97846223979179, 0.0 ], [ 80.22935084161513, 12.978394641362152, 0.0 ], [ 80.229332249577297, 12.978376806233259, 0.0 ], [ 80.229316786486578, 12.978165070614137, 0.0 ], [ 80.229323492703344, 12.97780788106169, 0.0 ], [ 80.229341810333537, 12.977580109455971, 0.0 ], [ 80.229374510228268, 12.976934910709291, 0.0 ], [ 80.229796420417955, 12.976960342087041, 0.0 ], [ 80.230442128547779, 12.977001573208826, 0.0 ], [ 80.230556782427314, 12.975943560985861, 0.0 ], [ 80.230908801009903, 12.974753529127261, 0.0 ], [ 80.231170361857679, 12.97498972275355, 0.0 ], [ 80.231591342737829, 12.97537197767903, 0.0 ], [ 80.232887125001895, 12.97654854991041, 0.0 ], [ 80.232923120904559, 12.976732384374991, 0.0 ], [ 80.232926700716035, 12.976750669397472, 0.0 ], [ 80.232978655986258, 12.976796141083369, 0.0 ], [ 80.233046748617866, 12.97685346556854, 0.0 ], [ 80.23311595441632, 12.976909493983369, 0.0 ], [ 80.233260169860102, 12.977024933299868, 0.0 ], [ 80.233437894625794, 12.977157198983674, 0.0 ], [ 80.233651896992541, 12.977305575765023, 0.0 ], [ 80.233724370060187, 12.97735456179845, 0.0 ], [ 80.233797841490755, 12.977402104937578, 0.0 ], [ 80.233872279077715, 12.977448184289948, 0.0 ], [ 80.234060297824257, 12.977561130010978, 0.0 ], [ 80.234212258786243, 12.977646481777819, 0.0 ], [ 80.234388626644886, 12.977740404774819, 0.0 ], [ 80.23454660125951, 12.977819082974188, 0.0 ], [ 80.234697685108856, 12.977889868843457, 0.0 ], [ 80.234748967092258, 12.977913896016767, 0.0 ], [ 80.23488563010963, 12.977972039515, 0.0 ], [ 80.234958265732473, 12.978002942416859, 0.0 ], [ 80.235177988036114, 12.97809039174226, 0.0 ], [ 80.235384306228397, 12.97816347212594, 0.0 ], [ 80.235497945286113, 12.978203724359439, 0.0 ], [ 80.235697466409334, 12.978264168722342, 0.0 ], [ 80.235802956852467, 12.97829324354133, 0.0 ], [ 80.235992259231409, 12.9783454181204, 0.0 ], [ 80.236073271779119, 12.978364393791656, 0.0 ], [ 80.236259264864955, 12.978407959081748, 0.0 ], [ 80.236485943810294, 12.978451845302811, 0.0 ], [ 80.236748584265328, 12.978494661389098, 0.0 ], [ 80.236995861688229, 12.978526220064641, 0.0 ], [ 80.23721808791143, 12.978548843883779, 0.0 ], [ 80.237387715120576, 12.978559369977209, 0.0 ], [ 80.237479611064643, 12.978565072466917, 0.0 ], [ 80.237601021975863, 12.97857067270286, 0.0 ], [ 80.237760523864452, 12.978575973507818, 0.0 ], [ 80.237812877145856, 12.978577713368898, 0.0 ], [ 80.238003712473997, 12.978584149768718, 0.0 ], [ 80.238258624642057, 12.978591406618747, 0.0 ], [ 80.238495836158265, 12.978598068881679, 0.0 ], [ 80.238696449664445, 12.978602905838338, 0.0 ], [ 80.238896505588045, 12.978609187730756, 0.0 ], [ 80.239039406263331, 12.97861249925214, 0.0 ], [ 80.239164695985195, 12.978616030445666, 0.0 ], [ 80.239247300290316, 12.978618442124372, 0.0 ], [ 80.239305473769008, 12.97862009694925, 0.0 ], [ 80.239559095404815, 12.978627310777902, 0.0 ], [ 80.239819298641578, 12.978633997614269, 0.0 ], [ 80.24001444959751, 12.978639012532971, 0.0 ], [ 80.240198271633417, 12.978643736191218, 0.0 ], [ 80.240336393779032, 12.978646939280461, 0.0 ], [ 80.240687686261822, 12.97865564322046, 0.0 ], [ 80.241160521029371, 12.978668095742227, 0.0 ], [ 80.24137076192774, 12.978673632346172, 0.0 ], [ 80.241580128127183, 12.978679482594318, 0.0 ], [ 80.24201872612467, 12.978692625454388, 0.0 ], [ 80.242216098819569, 12.978698539607798, 0.0 ], [ 80.242426258548633, 12.97870418181979, 0.0 ], [ 80.242848075345307, 12.978716010898772, 0.0 ], [ 80.243292886193004, 12.978730323894338, 0.0 ], [ 80.243291419682336, 12.978764331177919, 0.0 ], [ 80.243280038256302, 12.97896069069143, 0.0 ], [ 80.24327504195432, 12.97927126945603, 0.0 ], [ 80.243274170505529, 12.979528873992543, 0.0 ], [ 80.243272975617884, 12.979586468165516, 0.0 ], [ 80.243266614736044, 12.979893064456608, 0.0 ], [ 80.243272495256448, 12.980235050640839, 0.0 ], [ 80.24327160277592, 12.980255443214832, 0.0 ], [ 80.243267232675848, 12.980355295048559, 0.0 ], [ 80.243256944769669, 12.98059035664701, 0.0 ], [ 80.243254838253705, 12.98092092663388, 0.0 ], [ 80.243263092781163, 12.981030727057208, 0.0 ], [ 80.243280551394449, 12.98116839101086, 0.0 ], [ 80.243281249769325, 12.981186541273297, 0.0 ], [ 80.243284020490592, 12.981204500449449, 0.0 ], [ 80.243288829211664, 12.981222040580612, 0.0 ], [ 80.243295614826067, 12.981238940863616, 0.0 ], [ 80.243302838045494, 12.981252300662041, 0.0 ], [ 80.243304291310949, 12.981254987656541, 0.0 ], [ 80.24331377736452, 12.98126858370567, 0.0 ], [ 80.24331474956324, 12.98126997719636, 0.0 ], [ 80.243326856461039, 12.98128372102164, 0.0 ], [ 80.243336297542939, 12.981291763332912, 0.0 ], [ 80.243347126483471, 12.98129790272051, 0.0 ], [ 80.243358947494869, 12.981301914694928, 0.0 ], [ 80.243371329517771, 12.981303652425529, 0.0 ], [ 80.24340705561562, 12.981307668840957, 0.0 ], [ 80.243442961474102, 12.981309562709066, 0.0 ], [ 80.243478916186248, 12.981309327319499, 0.0 ], [ 80.243514785135389, 12.981306963184846, 0.0 ], [ 80.243676444000656, 12.981292007371488, 0.0 ], [ 80.243808529289836, 12.981279787190598, 0.0 ], [ 80.243907491226636, 12.981269974980471, 0.0 ], [ 80.24401403439586, 12.981259411676991, 0.0 ], [ 80.244045215243915, 12.981256319521647, 0.0 ], [ 80.244146088154139, 12.981246318370868, 0.0 ], [ 80.244425777392394, 12.981201920989317, 0.0 ], [ 80.244775748890646, 12.98114931832303, 0.0 ], [ 80.245214712235807, 12.98109091530795, 0.0 ], [ 80.245653360093144, 12.981045350295069, 0.0 ], [ 80.245993341096295, 12.981003476992679, 0.0 ], [ 80.246377491588291, 12.980959922826997, 0.0 ], [ 80.246756034619068, 12.980910745792286, 0.0 ], [ 80.247113976231233, 12.980874981177324, 0.0 ], [ 80.247386970757731, 12.98084900690921, 0.0 ], [ 80.247689338366399, 12.980836047412348, 0.0 ], [ 80.248115844761202, 12.980811239735708, 0.0 ], [ 80.248432066343312, 12.980790362438478, 0.0 ], [ 80.248519033295494, 12.980783383729937, 0.0 ], [ 80.24903022922642, 12.980742359124536, 0.0 ], [ 80.249127469405252, 12.980729784541298, 0.0 ], [ 80.249449434646948, 12.980688148806728, 0.0 ], [ 80.249482851289187, 12.980683827392916, 0.0 ], [ 80.249482938930043, 12.980683816002701, 0.0 ], [ 80.249501469363167, 12.980681419787659, 0.0 ], [ 80.249604140184246, 12.980664243217317, 0.0 ], [ 80.249706441749737, 12.98064506092274, 0.0 ], [ 80.249808333467314, 12.98062388002082, 0.0 ], [ 80.249909773817109, 12.980600709434089, 0.0 ], [ 80.250010722201424, 12.980575558088029, 0.0 ], [ 80.250111139863861, 12.980548435817427, 0.0 ], [ 80.250210984357295, 12.980519353350973, 0.0 ], [ 80.250317396286647, 12.980487825821919, 0.0 ], [ 80.250424340393877, 12.980458077444652, 0.0 ], [ 80.250531784391896, 12.980430114455039, 0.0 ], [ 80.25063969782704, 12.98040394671113, 0.0 ], [ 80.251183595498361, 12.980249357310209, 0.0 ], [ 80.251597168635698, 12.980144136512408, 0.0 ], [ 80.251637740379692, 12.980133212929376, 0.0 ], [ 80.252005755506772, 12.980033267511718, 0.0 ], [ 80.252397575677904, 12.97992163985794, 0.0 ], [ 80.252568017567071, 12.97988535303557, 0.0 ], [ 80.252595431647563, 12.979868724845051, 0.0 ], [ 80.252610609274086, 12.979866435612911, 0.0 ], [ 80.25274388701979, 12.979860583418379, 0.0 ], [ 80.252775399981033, 12.979859199841641, 0.0 ], [ 80.252812555695641, 12.979896700820111, 0.0 ], [ 80.252822890828682, 12.979911109153331, 0.0 ], [ 80.252831355514502, 12.979926646888458, 0.0 ], [ 80.252837824132271, 12.979943081284581, 0.0 ], [ 80.252842199681155, 12.979960167023908, 0.0 ], [ 80.252962825894343, 12.979954737074456, 0.0 ], [ 80.25303944193152, 12.979951288199462, 0.0 ], [ 80.253060398730597, 12.980261324804628, 0.0 ], [ 80.253061335286233, 12.980298061245456, 0.0 ], [ 80.253062642529898, 12.98034986045942, 0.0 ], [ 80.253071848118367, 12.98071828501527, 0.0 ], [ 80.253073351173697, 12.98077844006206, 0.0 ], [ 80.253075840128261, 12.980878052623018, 0.0 ], [ 80.253089984953988, 12.981444154872079, 0.0 ], [ 80.253032134365853, 12.981535963724802, 0.0 ], [ 80.253027329906786, 12.981543588394949, 0.0 ], [ 80.253004675645528, 12.981579540669639, 0.0 ], [ 80.252987078817682, 12.981607466796937, 0.0 ], [ 80.252976178033833, 12.981624766313061, 0.0 ], [ 80.252964539564985, 12.981644337443619, 0.0 ], [ 80.252976765420172, 12.981654188991218, 0.0 ], [ 80.252984798996977, 12.981660662653921, 0.0 ], [ 80.252990285604241, 12.981664482883652, 0.0 ], [ 80.252988952351586, 12.981670935480357, 0.0 ], [ 80.253020291665862, 12.981691554938138, 0.0 ], [ 80.253051419061833, 12.981700630378768, 0.0 ], [ 80.253053391945983, 12.981701629297998, 0.0 ], [ 80.253078022159755, 12.981712018807428, 0.0 ], [ 80.253117592257254, 12.981719923687498, 0.0 ], [ 80.253125659992065, 12.98172227589686, 0.0 ], [ 80.253126304910239, 12.981722414756669, 0.0 ], [ 80.253378499417948, 12.981776718382042, 0.0 ], [ 80.253381987835553, 12.98177743625266, 0.0 ], [ 80.253321267603269, 12.982019488344161, 0.0 ], [ 80.253316143459898, 12.982053330989741, 0.0 ], [ 80.253303854339762, 12.98213449501575, 0.0 ], [ 80.253271572687467, 12.982347700281911, 0.0 ], [ 80.253194269485078, 12.982401505476288, 0.0 ], [ 80.253094163344201, 12.982756006942701, 0.0 ], [ 80.253059121161996, 12.982880100004268, 0.0 ], [ 80.252967881535326, 12.983203201492159, 0.0 ], [ 80.252850298676336, 12.983651399538028, 0.0 ], [ 80.252810322404812, 12.983803779205637, 0.0 ], [ 80.252793595489493, 12.983867538009278, 0.0 ], [ 80.252784257993525, 12.983923530471346, 0.0 ], [ 80.252724928613617, 12.984279299461267, 0.0 ], [ 80.252620017124698, 12.98462903029786, 0.0 ], [ 80.252498540663851, 12.985032565266899, 0.0 ], [ 80.252448845748049, 12.985231642276842, 0.0 ], [ 80.25244425303498, 12.98525289982215, 0.0 ], [ 80.252413004341548, 12.985397535464077, 0.0 ], [ 80.25236049923106, 12.985640556715927, 0.0 ], [ 80.25226110939947, 12.985984905195329, 0.0 ], [ 80.252205892826353, 12.986200122752562, 0.0 ], [ 80.252084416365491, 12.986625176880432, 0.0 ], [ 80.2520630436467, 12.986781372277369, 0.0 ], [ 80.252055729422068, 12.986883062044949, 0.0 ], [ 80.252045764764304, 12.987028708607371, 0.0 ], [ 80.251996069848502, 12.987303109807268, 0.0 ], [ 80.251935331618085, 12.987604412736511, 0.0 ], [ 80.251924288303442, 12.987738922854771, 0.0 ], [ 80.251953815611344, 12.987796466740344, 0.0 ], [ 80.251860079479258, 12.988160440087526, 0.0 ], [ 80.251871832558948, 12.988263511620149, 0.0 ], [ 80.251881885895926, 12.98828713759262, 0.0 ], [ 80.251910254093417, 12.98835380461149, 0.0 ], [ 80.251918766646099, 12.988373809629817, 0.0 ], [ 80.251885636702241, 12.98857288396241, 0.0 ], [ 80.251772442727372, 12.988909157810507, 0.0 ], [ 80.251703422010962, 12.989178176561197, 0.0 ], [ 80.251581029968875, 12.989647178036341, 0.0 ], [ 80.25153979782722, 12.989805177517026, 0.0 ], [ 80.251457708260631, 12.990119739894118, 0.0 ], [ 80.251282183366911, 12.99081188814359, 0.0 ], [ 80.251246919978414, 12.990942390690128, 0.0 ], [ 80.2512285594822, 12.991010186504967, 0.0 ], [ 80.251156777937169, 12.99135721770322, 0.0 ], [ 80.251057388105551, 12.991698868099089, 0.0 ], [ 80.25097732407454, 12.99187372835611, 0.0 ], [ 80.250949715787968, 12.991935601956023, 0.0 ], [ 80.25090002087218, 12.992043208179981, 0.0 ], [ 80.250870899105493, 12.99213518651178, 0.0 ], [ 80.250822999519485, 12.992286472630589, 0.0 ], [ 80.250819956841184, 12.992296082622847, 0.0 ], [ 80.250759218610725, 12.992465562158486, 0.0 ], [ 80.250742546741861, 12.992499676790519, 0.0 ], [ 80.250548536680952, 12.993252975262919, 0.0 ], [ 80.250489313349178, 12.993482925409507, 0.0 ], [ 80.250243001356253, 12.994439291180569, 0.0 ], [ 80.250187362357664, 12.994655321849169, 0.0 ], [ 80.25011437513173, 12.994938710175679, 0.0 ], [ 80.250105680532158, 12.994972468745971, 0.0 ], [ 80.250098257606354, 12.995001289773032, 0.0 ], [ 80.249753385983752, 12.994955220599628, 0.0 ], [ 80.24964536755833, 12.994947951215146, 0.0 ] ] ] ] } },
{ "type": "Feature", "properties": { "id": null, "Name": "172", "description": null, "timestamp": null, "begin": null, "end": null, "altitudeMode": null, "tessellate": 1, "extrude": 0, "visibility": -1, "drawOrder": null, "icon": null, "id_2": "ID_00008\n", "name2": "172\n" }, "geometry": { "type": "MultiPolygon", "coordinates": [ [ [ [ 80.23245900156148, 12.98311475103335, 0.0 ], [ 80.232474137591765, 12.983112468781252, 0.0 ], [ 80.23249810563928, 12.983108854811549, 0.0 ], [ 80.232514109894254, 12.98311071315881, 0.0 ], [ 80.232544622223998, 12.983120655368777, 0.0 ], [ 80.232579058576249, 12.983136037969212, 0.0 ], [ 80.232602379714635, 12.983140689275761, 0.0 ], [ 80.232625984544342, 12.98313762317092, 0.0 ], [ 80.232777917708873, 12.98309558224312, 0.0 ], [ 80.232930558487269, 12.98305609315358, 0.0 ], [ 80.23308385429327, 12.983019167500871, 0.0 ], [ 80.233120102578155, 12.983011652904162, 0.0 ], [ 80.233156754345458, 12.983006060011991, 0.0 ], [ 80.23319369060377, 12.983002405653096, 0.0 ], [ 80.233230788684878, 12.983000703028749, 0.0 ], [ 80.233260291327611, 12.982999248359519, 0.0 ], [ 80.233787957314519, 12.982973230092707, 0.0 ], [ 80.233813809328268, 12.982971889383281, 0.0 ], [ 80.233908935405466, 12.98296695602922, 0.0 ], [ 80.234029843189177, 12.982958951063658, 0.0 ], [ 80.23415064192767, 12.982949218698868, 0.0 ], [ 80.234271296570768, 12.982937762448357, 0.0 ], [ 80.234291879535718, 12.982933614006717, 0.0 ], [ 80.234311718230529, 12.98292682039593, 0.0 ], [ 80.234330460075242, 12.982917501740818, 0.0 ], [ 80.234422220644959, 12.982850861118131, 0.0 ], [ 80.234435932390312, 12.982840793435782, 0.0 ], [ 80.234450711620369, 12.98283230129875, 0.0 ], [ 80.234455104897805, 12.982830390999128, 0.0 ], [ 80.234619317281414, 12.982794158432446, 0.0 ], [ 80.234682720049463, 12.982781169034952, 0.0 ], [ 80.234783559979704, 12.9827605100519, 0.0 ], [ 80.235018092281635, 12.98270984152915, 0.0 ], [ 80.235333266296493, 12.982640421727801, 0.0 ], [ 80.235538387646869, 12.98258921413975, 0.0 ], [ 80.235545745149537, 12.982587170575419, 0.0 ], [ 80.235547745573584, 12.98258698566978, 0.0 ], [ 80.23554967928176, 12.98258751217338, 0.0 ], [ 80.235551288321204, 12.982588680608819, 0.0 ], [ 80.235552362024151, 12.982590335738589, 0.0 ], [ 80.235552515617414, 12.982590762972539, 0.0 ], [ 80.235563356060609, 12.982625365119478, 0.0 ], [ 80.235607717800505, 12.982772066348751, 0.0 ], [ 80.235649765814799, 12.982891453929581, 0.0 ], [ 80.235693218715141, 12.983003702453511, 0.0 ], [ 80.235741135907062, 12.983133505572768, 0.0 ], [ 80.23631253937603, 12.983970624533212, 0.0 ], [ 80.236451936131502, 12.9841531370938, 0.0 ], [ 80.236627562420836, 12.984088223029346, 0.0 ], [ 80.236628011967241, 12.984088052551138, 0.0 ], [ 80.236703909527208, 12.984059295745231, 0.0 ], [ 80.236790941405175, 12.98402632004824, 0.0 ], [ 80.236921000465614, 12.983974604457067, 0.0 ], [ 80.237032134261185, 12.983930663641704, 0.0 ], [ 80.237055048277512, 12.983921034231999, 0.0 ], [ 80.237076625027655, 12.98391423285176, 0.0 ], [ 80.237100011929442, 12.983909172845069, 0.0 ], [ 80.23716445119905, 12.98389710456002, 0.0 ], [ 80.237229221654005, 12.983886789570327, 0.0 ], [ 80.237294256877476, 12.98387823853135, 0.0 ], [ 80.237359507057192, 12.983871459434738, 0.0 ], [ 80.237424489861766, 12.983866489746438, 0.0 ], [ 80.237473330793023, 12.983865148280422, 0.0 ], [ 80.237516462071653, 12.983867593129268, 0.0 ], [ 80.237516717381766, 12.98386762281231, 0.0 ], [ 80.237562178336404, 12.983872881122867, 0.0 ], [ 80.237623090772672, 12.983883819705239, 0.0 ], [ 80.237675518739991, 12.98389536633985, 0.0 ], [ 80.237716886696887, 12.983907628314793, 0.0 ], [ 80.237756158200938, 12.983916488865297, 0.0 ], [ 80.237896574457068, 12.983947863886151, 0.0 ], [ 80.237921443529018, 12.98395323357957, 0.0 ], [ 80.237944001006085, 12.98396014267874, 0.0 ], [ 80.237965870472351, 12.983968926879772, 0.0 ], [ 80.237986889851868, 12.983979520605448, 0.0 ], [ 80.238007844103919, 12.983992425274907, 0.0 ], [ 80.238085067700766, 12.984043147542572, 0.0 ], [ 80.23811849739316, 12.98405954099597, 0.0 ], [ 80.238151940564507, 12.984072116950589, 0.0 ], [ 80.238153056968798, 12.98407247466813, 0.0 ], [ 80.238206100354915, 12.984092680721362, 0.0 ], [ 80.23821225786827, 12.984095026173108, 0.0 ], [ 80.238270498028882, 12.984120301919216, 0.0 ], [ 80.238320471075269, 12.98414475141025, 0.0 ], [ 80.238329027625895, 12.984148937605401, 0.0 ], [ 80.238382067149715, 12.984172238691118, 0.0 ], [ 80.23843621296497, 12.984193166767749, 0.0 ], [ 80.238491278135172, 12.984211644430133, 0.0 ], [ 80.23854674863307, 12.984227519170789, 0.0 ], [ 80.238797193705736, 12.984292674043358, 0.0 ], [ 80.23887266120208, 12.984310648941779, 0.0 ], [ 80.238874497266778, 12.984311455438037, 0.0 ], [ 80.238915436162344, 12.98432083790216, 0.0 ], [ 80.238957698856154, 12.98433090328929, 0.0 ], [ 80.239140677861911, 12.984364779374133, 0.0 ], [ 80.239287927363094, 12.984389299926869, 0.0 ], [ 80.239346080524697, 12.984398984054542, 0.0 ], [ 80.23940216081732, 12.984415389358768, 0.0 ], [ 80.239436135932891, 12.984427116761118, 0.0 ], [ 80.239491691841792, 12.984448901410879, 0.0 ], [ 80.239544547707965, 12.984471410555088, 0.0 ], [ 80.239672036654554, 12.984542561504458, 0.0 ], [ 80.239754364956966, 12.984588182260289, 0.0 ], [ 80.239834938606236, 12.984635341332206, 0.0 ], [ 80.23991487681019, 12.984684689401348, 0.0 ], [ 80.239988894518092, 12.984730459399259, 0.0 ], [ 80.240064358913216, 12.98477501655143, 0.0 ], [ 80.240138478670417, 12.984820598733748, 0.0 ], [ 80.240163115069876, 12.984836741995831, 0.0 ], [ 80.240184595121391, 12.984857215291447, 0.0 ], [ 80.240204592925309, 12.984879083956809, 0.0 ], [ 80.240223014748722, 12.984902244639482, 0.0 ], [ 80.240239772412608, 12.984926586769568, 0.0 ], [ 80.240254787888389, 12.984951997094269, 0.0 ], [ 80.240281894979844, 12.984992234570008, 0.0 ], [ 80.240303458983092, 12.985025749389941, 0.0 ], [ 80.240314015973141, 12.985040698644509, 0.0 ], [ 80.240335200379732, 12.985077159143399, 0.0 ], [ 80.240365715633644, 12.985114257237891, 0.0 ], [ 80.24041884078926, 12.985182653383328, 0.0 ], [ 80.24047485405309, 12.985250652874068, 0.0 ], [ 80.240532823203154, 12.985317058535959, 0.0 ], [ 80.240591589379477, 12.98538061285643, 0.0 ], [ 80.240665341642696, 12.985466232744006, 0.0 ], [ 80.240741513250384, 12.985551586609329, 0.0 ], [ 80.24082029925647, 12.985636812458429, 0.0 ], [ 80.240845104477714, 12.98565964814477, 0.0 ], [ 80.24086613301057, 12.985681286490088, 0.0 ], [ 80.240885904199715, 12.985704039659197, 0.0 ], [ 80.240904354639582, 12.985727836939569, 0.0 ], [ 80.240916351459802, 12.985736252099848, 0.0 ], [ 80.240919340316424, 12.985738803439091, 0.0 ], [ 80.24092129234738, 12.985740899650661, 0.0 ], [ 80.240925420864528, 12.985747693210758, 0.0 ], [ 80.240940298973726, 12.985781640563888, 0.0 ], [ 80.240952481775537, 12.985809887198743, 0.0 ], [ 80.240966921609271, 12.985843939062539, 0.0 ], [ 80.240983105525572, 12.985878732036889, 0.0 ], [ 80.240990073873633, 12.9859140867412, 0.0 ], [ 80.240998876224452, 12.985950630398507, 0.0 ], [ 80.241014345005695, 12.986023882370718, 0.0 ], [ 80.241028347593485, 12.986180415097211, 0.0 ], [ 80.241028876105574, 12.9861885544477, 0.0 ], [ 80.241030492032564, 12.986229082733999, 0.0 ], [ 80.241031546782992, 12.98625552645399, 0.0 ], [ 80.241031703598537, 12.98625945204761, 0.0 ], [ 80.241009323640299, 12.986298145280932, 0.0 ], [ 80.240964755997084, 12.986326162032958, 0.0 ], [ 80.240904329521683, 12.986364148304421, 0.0 ], [ 80.240826892727867, 12.986420253899489, 0.0 ], [ 80.240793366081022, 12.986445339794818, 0.0 ], [ 80.240776728905516, 12.98645930451268, 0.0 ], [ 80.240747852466029, 12.98648091919201, 0.0 ], [ 80.240736741028257, 12.986496708446209, 0.0 ], [ 80.240675146513809, 12.98661961649529, 0.0 ], [ 80.240676464000742, 12.986673081212199, 0.0 ], [ 80.240675295214899, 12.986721538436967, 0.0 ], [ 80.24067186930921, 12.986768470011647, 0.0 ], [ 80.240670371628141, 12.9868028722834, 0.0 ], [ 80.240666842126927, 12.986838678269304, 0.0 ], [ 80.240661358612826, 12.986874252497456, 0.0 ], [ 80.240653390740277, 12.98691208087471, 0.0 ], [ 80.240644537719191, 12.986932602976927, 0.0 ], [ 80.240632185598287, 12.986950990890428, 0.0 ], [ 80.240616636998155, 12.986966877488992, 0.0 ], [ 80.2405993153927, 12.986979097798571, 0.0 ], [ 80.240592626197497, 12.9869826824025, 0.0 ], [ 80.24059143138436, 12.986983545136537, 0.0 ], [ 80.240590263818419, 12.986985151203109, 0.0 ], [ 80.240589758278659, 12.98698705939823, 0.0 ], [ 80.240585498182895, 12.987024186997409, 0.0 ], [ 80.241590898376913, 12.993594821524498, 0.0 ], [ 80.241589012108349, 12.99360475860707, 0.0 ], [ 80.241357856698329, 12.994822657465329, 0.0 ], [ 80.241239417411023, 12.995649413430534, 0.0 ], [ 80.241259814152656, 12.99581347231512, 0.0 ], [ 80.241531681988917, 12.99577807900755, 0.0 ], [ 80.242256955993383, 12.995683656722736, 0.0 ], [ 80.242383684619298, 12.995650970545229, 0.0 ], [ 80.242441606931976, 12.995635216474671, 0.0 ], [ 80.24253288566949, 12.995608616105171, 0.0 ], [ 80.242623789666155, 12.99558152724601, 0.0 ], [ 80.242802809591282, 12.995521159284229, 0.0 ], [ 80.243102024048611, 12.995447600977847, 0.0 ], [ 80.243152229217131, 12.99543833641898, 0.0 ], [ 80.243171021698743, 12.995544315446312, 0.0 ], [ 80.243191785914135, 12.995705588570411, 0.0 ], [ 80.243202500906037, 12.995885605431958, 0.0 ], [ 80.243206617299464, 12.996111674801762, 0.0 ], [ 80.243194799292525, 12.996210847453407, 0.0 ], [ 80.243171291370572, 12.996327940759098, 0.0 ], [ 80.243146680510463, 12.99650411673554, 0.0 ], [ 80.243141119500322, 12.996558593987961, 0.0 ], [ 80.243130994258223, 12.996657800496992, 0.0 ], [ 80.243122429807485, 12.996817658088471, 0.0 ], [ 80.243118973305357, 12.997009576329189, 0.0 ], [ 80.243118555589234, 12.997299604651461, 0.0 ], [ 80.243120089478182, 12.997474127044864, 0.0 ], [ 80.243152223731059, 12.99767013830543, 0.0 ], [ 80.243216433523941, 12.99800823412825, 0.0 ], [ 80.243276332335782, 12.99829776814285, 0.0 ], [ 80.243329856774665, 12.99853134883306, 0.0 ], [ 80.243388061821449, 12.9986988614674, 0.0 ], [ 80.243449805244836, 12.99891255287061, 0.0 ], [ 80.243471085443105, 12.999082587351911, 0.0 ], [ 80.243497574940207, 12.999336195971491, 0.0 ], [ 80.243521773448407, 12.999572336899949, 0.0 ], [ 80.243568249907057, 12.99989512260686, 0.0 ], [ 80.243592431257994, 13.000065108558966, 0.0 ], [ 80.243584695103166, 13.000235552211411, 0.0 ], [ 80.243554485871954, 13.000416033942301, 0.0 ], [ 80.243516053397144, 13.000595305401989, 0.0 ], [ 80.243476865287661, 13.000793270799271, 0.0 ], [ 80.243474238201856, 13.000933306593298, 0.0 ], [ 80.243517063839846, 13.00113506258081, 0.0 ], [ 80.243581036817133, 13.001353231715488, 0.0 ], [ 80.243654627826785, 13.001593755362009, 0.0 ], [ 80.243709661471101, 13.001883734433529, 0.0 ], [ 80.243684807568087, 13.002192691477639, 0.0 ], [ 80.243673910409868, 13.002306504880108, 0.0 ], [ 80.243678252354229, 13.002531542220773, 0.0 ], [ 80.243706156227347, 13.002893082951966, 0.0 ], [ 80.24373551665532, 13.003214268941329, 0.0 ], [ 80.243763621556738, 13.003587713132497, 0.0 ], [ 80.243788546958569, 13.00384947843169, 0.0 ], [ 80.243803425395114, 13.004058814259102, 0.0 ], [ 80.243614019531648, 13.00406342555373, 0.0 ], [ 80.243386778153138, 13.004042452432538, 0.0 ], [ 80.24311172761341, 13.004069603238129, 0.0 ], [ 80.242895846985618, 13.004047577765748, 0.0 ], [ 80.242906527954148, 13.00434274249081, 0.0 ], [ 80.243556436563182, 13.006567525631644, 0.0 ], [ 80.243440611292883, 13.006566948496692, 0.0 ], [ 80.243074563500201, 13.006556943455871, 0.0 ], [ 80.242760304136368, 13.006547248106365, 0.0 ], [ 80.242695945725302, 13.006544762799651, 0.0 ], [ 80.242567180052134, 13.006539787475031, 0.0 ], [ 80.242545052023118, 13.006538938067022, 0.0 ], [ 80.242203238486539, 13.00653494943033, 0.0 ], [ 80.241925485942133, 13.006539383771647, 0.0 ], [ 80.24191744645934, 13.006539561931827, 0.0 ], [ 80.241860027512431, 13.006540833739489, 0.0 ], [ 80.241607890432448, 13.006546414022091, 0.0 ], [ 80.241431880872454, 13.006552874773698, 0.0 ], [ 80.241291591317889, 13.006562879376688, 0.0 ], [ 80.241190460743482, 13.00657385735569, 0.0 ], [ 80.240917240862402, 13.00660844896813, 0.0 ], [ 80.240379718486508, 13.006704041947367, 0.0 ], [ 80.240196623447261, 13.006751971208852, 0.0 ], [ 80.240016964623791, 13.006787015611579, 0.0 ], [ 80.239970160999704, 13.006796145726717, 0.0 ], [ 80.239915602442608, 13.0068067875537, 0.0 ], [ 80.239489035806471, 13.006890594457023, 0.0 ], [ 80.239389715553884, 13.0066224326727, 0.0 ], [ 80.239304918208305, 13.006253061191529, 0.0 ], [ 80.23923812463245, 13.006009441496539, 0.0 ], [ 80.238028428576939, 13.005919449706818, 0.0 ], [ 80.238005581543277, 13.005912510738012, 0.0 ], [ 80.236862976278175, 13.006237564969558, 0.0 ], [ 80.235292644508974, 13.007001361744198, 0.0 ], [ 80.235324923009316, 13.007674955269488, 0.0 ], [ 80.235282353113377, 13.007736555864062, 0.0 ], [ 80.235131982070683, 13.007767398092708, 0.0 ], [ 80.234959381918756, 13.007802664063288, 0.0 ], [ 80.234888555124883, 13.007816301298599, 0.0 ], [ 80.234721765781941, 13.00784895211385, 0.0 ], [ 80.234605857923455, 13.007871881722481, 0.0 ], [ 80.234407464544873, 13.007910983727928, 0.0 ], [ 80.234206670776729, 13.007951012533351, 0.0 ], [ 80.233953890527275, 13.008001418960349, 0.0 ], [ 80.233755104160437, 13.008040517487659, 0.0 ], [ 80.233537912124007, 13.008083600564678, 0.0 ], [ 80.233321513646331, 13.008125285197169, 0.0 ], [ 80.233107918471632, 13.008165722900836, 0.0 ], [ 80.232890793326462, 13.008207980993454, 0.0 ], [ 80.232727254200086, 13.008239659048991, 0.0 ], [ 80.2324352472003, 13.008295613712979, 0.0 ], [ 80.232264442475781, 13.008327646131892, 0.0 ], [ 80.232083154079405, 13.008362117689044, 0.0 ], [ 80.231864457275847, 13.008403502224793, 0.0 ], [ 80.23161004187574, 13.008454023545539, 0.0 ], [ 80.231342080303861, 13.008504919523869, 0.0 ], [ 80.23110175656295, 13.008551817352156, 0.0 ], [ 80.230852847910114, 13.008599896617648, 0.0 ], [ 80.230655320055718, 13.008637283897299, 0.0 ], [ 80.230464788378512, 13.00867462304616, 0.0 ], [ 80.230307549783859, 13.008704722314292, 0.0 ], [ 80.230156215705549, 13.008734441150708, 0.0 ], [ 80.230090411187746, 13.008747487939567, 0.0 ], [ 80.229992542134084, 13.008765864775167, 0.0 ], [ 80.229535610822921, 13.008863135062558, 0.0 ], [ 80.228953792676151, 13.00897081521145, 0.0 ], [ 80.228720906862364, 13.009017412794936, 0.0 ], [ 80.228490135389762, 13.00906609610213, 0.0 ], [ 80.228472414484003, 13.009069577029118, 0.0 ], [ 80.22845441980084, 13.009071238801109, 0.0 ], [ 80.228436345047427, 13.009071061197396, 0.0 ], [ 80.228221145934967, 13.009118626848679, 0.0 ], [ 80.228191345561513, 13.00913365550349, 0.0 ], [ 80.226557259914017, 13.00982815073667, 0.0 ], [ 80.224773952971276, 13.010662466072418, 0.0 ], [ 80.224103032030001, 13.010946424797778, 0.0 ], [ 80.223027920829608, 13.01138481579131, 0.0 ], [ 80.222444018605458, 13.011622512914077, 0.0 ], [ 80.221228399901989, 13.01229848673929, 0.0 ], [ 80.22121179094421, 13.012292164039252, 0.0 ], [ 80.22121118213748, 13.012291933902818, 0.0 ], [ 80.218250322112596, 13.011165051213709, 0.0 ], [ 80.217721973818314, 13.010987025425459, 0.0 ], [ 80.216305649454625, 13.010509789914108, 0.0 ], [ 80.216018837208196, 13.010407750655427, 0.0 ], [ 80.216018048715256, 13.010407483344617, 0.0 ], [ 80.215888312321283, 13.010363454086139, 0.0 ], [ 80.215887809847942, 13.010363281675382, 0.0 ], [ 80.215620262081075, 13.010272482818049, 0.0 ], [ 80.215619984817764, 13.01027238930015, 0.0 ], [ 80.214986087357502, 13.010057257400838, 0.0 ], [ 80.212621844317795, 13.008328761528711, 0.0 ], [ 80.212507629598605, 13.008222898967301, 0.0 ], [ 80.211324927856381, 13.007126680453128, 0.0 ], [ 80.211181603147153, 13.006993835253146, 0.0 ], [ 80.210237806007825, 13.00554595590533, 0.0 ], [ 80.20895933703234, 13.002832210483424, 0.0 ], [ 80.208862417778576, 13.002631094295721, 0.0 ], [ 80.20872339351547, 13.002331744335109, 0.0 ], [ 80.208589445313606, 13.00208865061609, 0.0 ], [ 80.208589142747741, 13.002088107177917, 0.0 ], [ 80.208466674995407, 13.001869371196531, 0.0 ], [ 80.208369434965547, 13.00168226842114, 0.0 ], [ 80.208307935552682, 13.001576725225258, 0.0 ], [ 80.208305650930697, 13.001572804079119, 0.0 ], [ 80.208094180962192, 13.00119633683005, 0.0 ], [ 80.207937185370753, 13.000862903924439, 0.0 ], [ 80.207890856204244, 13.000805395832634, 0.0 ], [ 80.207861050051605, 13.000763132099857, 0.0 ], [ 80.207830512921404, 13.000719831857467, 0.0 ], [ 80.207810739391007, 13.000623780084089, 0.0 ], [ 80.20780448379287, 13.000571207948719, 0.0 ], [ 80.207795253243347, 13.000548557325301, 0.0 ], [ 80.207771800300407, 13.00045128001871, 0.0 ], [ 80.207746604116053, 13.000266678979859, 0.0 ], [ 80.207736554992309, 13.000183336908121, 0.0 ], [ 80.207724474166724, 13.00008314700624, 0.0 ], [ 80.207699432890408, 12.99995146345212, 0.0 ], [ 80.207671525543603, 12.999812019954037, 0.0 ], [ 80.207620088892426, 12.999556110107411, 0.0 ], [ 80.207619890512191, 12.99955537928315, 0.0 ], [ 80.207612864591638, 12.99952946544737, 0.0 ], [ 80.207556683453973, 12.999256570759842, 0.0 ], [ 80.207537740462158, 12.999168770030554, 0.0 ], [ 80.207508468338574, 12.99908716640223, 0.0 ], [ 80.207494528857609, 12.999048306313089, 0.0 ], [ 80.207465414444783, 12.998895770610188, 0.0 ], [ 80.207427478534612, 12.998704508204549, 0.0 ], [ 80.207392089990563, 12.998553219069889, 0.0 ], [ 80.207375136406213, 12.998478367478357, 0.0 ], [ 80.207368825866212, 12.998450496408697, 0.0 ], [ 80.207368799254084, 12.99845037793291, 0.0 ], [ 80.20734719870525, 12.998354975551219, 0.0 ], [ 80.207299620068937, 12.998142071369108, 0.0 ], [ 80.20725297458479, 12.997935139964746, 0.0 ], [ 80.207194098309117, 12.997659814195538, 0.0 ], [ 80.207176777057498, 12.99756514254841, 0.0 ], [ 80.207176353862366, 12.997562830494671, 0.0 ], [ 80.207149687361749, 12.997417083531046, 0.0 ], [ 80.207116370246311, 12.997259498456531, 0.0 ], [ 80.207106055280207, 12.997210776603881, 0.0 ], [ 80.207021932687269, 12.99685130122438, 0.0 ], [ 80.207143008099351, 12.996836138236516, 0.0 ], [ 80.207345668639434, 12.996793516330451, 0.0 ], [ 80.207548640059443, 12.996758968755749, 0.0 ], [ 80.207609946443128, 12.996753127499499, 0.0 ], [ 80.207894819345285, 12.99671625521168, 0.0 ], [ 80.208210391614557, 12.996674087180718, 0.0 ], [ 80.208345621578957, 12.996657549289377, 0.0 ], [ 80.2085321326973, 12.99663474055534, 0.0 ], [ 80.208697791315359, 12.996617161321335, 0.0 ], [ 80.208784242984279, 12.996600064112711, 0.0 ], [ 80.20886451314334, 12.996584123502199, 0.0 ], [ 80.209047178448259, 12.996547854604167, 0.0 ], [ 80.210360055572735, 12.996334881648792, 0.0 ], [ 80.210314368558628, 12.995823992389321, 0.0 ], [ 80.210484522640158, 12.995785085753297, 0.0 ], [ 80.210798241550052, 12.995716194432729, 0.0 ], [ 80.211122869958544, 12.995646194756141, 0.0 ], [ 80.211336798200776, 12.995599565722941, 0.0 ], [ 80.211557880438178, 12.995551251100339, 0.0 ], [ 80.211592038726522, 12.995543786650808, 0.0 ], [ 80.211866990801994, 12.99548660503485, 0.0 ], [ 80.212025127302539, 12.995451770471709, 0.0 ], [ 80.212055720827379, 12.995425317911328, 0.0 ], [ 80.212098144967882, 12.995414764415511, 0.0 ], [ 80.212257062654146, 12.995375165161471, 0.0 ], [ 80.212458448119406, 12.99533366914341, 0.0 ], [ 80.212465019959993, 12.995337958671309, 0.0 ], [ 80.212500257151135, 12.99551854545601, 0.0 ], [ 80.212541532726448, 12.99576298397151, 0.0 ], [ 80.212664058833383, 12.995746719942398, 0.0 ], [ 80.21273433835448, 12.995737391852517, 0.0 ], [ 80.212931239128466, 12.995690925095078, 0.0 ], [ 80.213115968527276, 12.995653852976695, 0.0 ], [ 80.213194817015747, 12.995622771371982, 0.0 ], [ 80.213374793526185, 12.995589371977278, 0.0 ], [ 80.21340292549101, 12.995584151336407, 0.0 ], [ 80.213469818707992, 12.9955717376241, 0.0 ], [ 80.213524091385878, 12.995557943864982, 0.0 ], [ 80.213579389398504, 12.995545612568446, 0.0 ], [ 80.213634001447218, 12.995530627179827, 0.0 ], [ 80.213686954695731, 12.995513299415077, 0.0 ], [ 80.213774167450623, 12.995488260359769, 0.0 ], [ 80.213862157254837, 12.995465639634329, 0.0 ], [ 80.213950809670948, 12.99544547034713, 0.0 ], [ 80.213994045984961, 12.995436708396591, 0.0 ], [ 80.214260855155729, 12.995382640748568, 0.0 ], [ 80.214558052139182, 12.99532520433314, 0.0 ], [ 80.214564447424124, 12.995329060166698, 0.0 ], [ 80.214555304106355, 12.995297139755101, 0.0 ], [ 80.214540600138335, 12.99523814087663, 0.0 ], [ 80.214513686514977, 12.995141514980871, 0.0 ], [ 80.21450400534421, 12.99510675828995, 0.0 ], [ 80.21449722724978, 12.995082423990871, 0.0 ], [ 80.214482478251668, 12.99502895683923, 0.0 ], [ 80.214463587772784, 12.994973600056399, 0.0 ], [ 80.214454246687822, 12.994946228049518, 0.0 ], [ 80.214423680730903, 12.994872805408919, 0.0 ], [ 80.21437137533924, 12.99476333006629, 0.0 ], [ 80.214335043960361, 12.994664048991412, 0.0 ], [ 80.214355412947754, 12.99464769853739, 0.0 ], [ 80.214408027053622, 12.994623202935539, 0.0 ], [ 80.214413239227795, 12.994620635409209, 0.0 ], [ 80.214497736648269, 12.994579011268669, 0.0 ], [ 80.214758616661499, 12.994445802618737, 0.0 ], [ 80.214762546944712, 12.994445359686479, 0.0 ], [ 80.214764151943328, 12.994446043587612, 0.0 ], [ 80.21480493461398, 12.994437527249939, 0.0 ], [ 80.214842828107408, 12.99440095855979, 0.0 ], [ 80.214902708471143, 12.99437101081099, 0.0 ], [ 80.215090974128358, 12.994276854297219, 0.0 ], [ 80.215392407123062, 12.99412643043158, 0.0 ], [ 80.215642145740844, 12.994019424233899, 0.0 ], [ 80.215516136717341, 12.993786460352499, 0.0 ], [ 80.215388235686277, 12.993509505215931, 0.0 ], [ 80.215383384549199, 12.99349899918847, 0.0 ], [ 80.215372168405892, 12.993474711182909, 0.0 ], [ 80.215324128956837, 12.993357382395168, 0.0 ], [ 80.215278888436742, 12.993241377656759, 0.0 ], [ 80.215262953646132, 12.993200518675319, 0.0 ], [ 80.215227995180612, 12.993110879671701, 0.0 ], [ 80.215209008278165, 12.993066245496077, 0.0 ], [ 80.215102325127262, 12.992815461154416, 0.0 ], [ 80.215048596255343, 12.9926836462041, 0.0 ], [ 80.215047279120526, 12.992678797546546, 0.0 ], [ 80.215051501427908, 12.992676669165977, 0.0 ], [ 80.21505995528959, 12.992673013155159, 0.0 ], [ 80.215072882826135, 12.992667571278197, 0.0 ], [ 80.21518436677097, 12.992620168549575, 0.0 ], [ 80.215250181415541, 12.992589202405608, 0.0 ], [ 80.215342672933076, 12.99253817152724, 0.0 ], [ 80.215454230885967, 12.9924758229911, 0.0 ], [ 80.215492395557675, 12.99245753629569, 0.0 ], [ 80.215603043405281, 12.992409881137382, 0.0 ], [ 80.215657465029082, 12.992386601400653, 0.0 ], [ 80.215703331046996, 12.992366147846978, 0.0 ], [ 80.215751890365482, 12.992340548712521, 0.0 ], [ 80.215826564088744, 12.99229719273591, 0.0 ], [ 80.215896576898615, 12.992252275605422, 0.0 ], [ 80.215981923317557, 12.9921975209315, 0.0 ], [ 80.21610977044206, 12.992118676304489, 0.0 ], [ 80.216159884888626, 12.99209071437968, 0.0 ], [ 80.216164905680898, 12.992048015320831, 0.0 ], [ 80.216171966936869, 12.992046188443171, 0.0 ], [ 80.216172087843361, 12.992046150831662, 0.0 ], [ 80.216165570128908, 12.99189584842839, 0.0 ], [ 80.216157626850929, 12.99187874150104, 0.0 ], [ 80.215442463178832, 12.990585842436648, 0.0 ], [ 80.215246033546293, 12.989251111471351, 0.0 ], [ 80.215197176030287, 12.988919121434259, 0.0 ], [ 80.21525553729208, 12.988887716793579, 0.0 ], [ 80.215288712374374, 12.988867402018039, 0.0 ], [ 80.215329258997969, 12.988845371626738, 0.0 ], [ 80.215340644309777, 12.98883803227988, 0.0 ], [ 80.215372959813024, 12.988817202219007, 0.0 ], [ 80.215410874671377, 12.988791140198831, 0.0 ], [ 80.215454049514136, 12.988763389639709, 0.0 ], [ 80.215499112930928, 12.98873732205586, 0.0 ], [ 80.21554872722551, 12.988711640726308, 0.0 ], [ 80.215587049342403, 12.98868742085005, 0.0 ], [ 80.215620817450173, 12.988665864549271, 0.0 ], [ 80.21566453040198, 12.988633807083351, 0.0 ], [ 80.215706421868575, 12.988601599442172, 0.0 ], [ 80.215713146830652, 12.988596429649062, 0.0 ], [ 80.21573542303139, 12.988578865042079, 0.0 ], [ 80.215762406395427, 12.988559777501806, 0.0 ], [ 80.21577785745535, 12.98854698453693, 0.0 ], [ 80.215797442602465, 12.988530768099038, 0.0 ], [ 80.215847628992123, 12.988492581597258, 0.0 ], [ 80.215884227805972, 12.988465114028388, 0.0 ], [ 80.215930349873631, 12.988429266158102, 0.0 ], [ 80.215939006674489, 12.98842256866951, 0.0 ], [ 80.215979706398315, 12.988391077125202, 0.0 ], [ 80.216033900414232, 12.988352433393898, 0.0 ], [ 80.216072180711208, 12.988327110194799, 0.0 ], [ 80.216118974304166, 12.98829615420447, 0.0 ], [ 80.216225301828942, 12.9882258155287, 0.0 ], [ 80.216272221044193, 12.988194775797, 0.0 ], [ 80.216332253283909, 12.988160844185618, 0.0 ], [ 80.216394389709578, 12.988128934355361, 0.0 ], [ 80.216457505397486, 12.988099647821, 0.0 ], [ 80.216545936218836, 12.988063969855029, 0.0 ], [ 80.21663590169652, 12.98802963107565, 0.0 ], [ 80.216726840483034, 12.987996871210159, 0.0 ], [ 80.216963145995862, 12.987913597787248, 0.0 ], [ 80.217255383833162, 12.987815008206351, 0.0 ], [ 80.217528510689633, 12.987715459275796, 0.0 ], [ 80.217610834807431, 12.987686788154109, 0.0 ], [ 80.217693573612294, 12.987660541499229, 0.0 ], [ 80.217777140618054, 12.987636578596367, 0.0 ], [ 80.217821284115132, 12.98762502197417, 0.0 ], [ 80.217866730417612, 12.98761082087313, 0.0 ], [ 80.217911435532471, 12.987594514373306, 0.0 ], [ 80.217922885599037, 12.987589718604511, 0.0 ], [ 80.218015937451952, 12.987553398475992, 0.0 ], [ 80.218088166842207, 12.987523612698988, 0.0 ], [ 80.218150635323056, 12.987500981384132, 0.0 ], [ 80.218160985907218, 12.987497790862822, 0.0 ], [ 80.218171800336151, 12.987496939083709, 0.0 ], [ 80.218182536315354, 12.987498470529802, 0.0 ], [ 80.218192655622985, 12.987502306725808, 0.0 ], [ 80.218194960733626, 12.987510553599719, 0.0 ], [ 80.218201650817335, 12.98750825626438, 0.0 ], [ 80.218209069195368, 12.98751601939952, 0.0 ], [ 80.218202389234648, 12.987508003501738, 0.0 ], [ 80.218207188025076, 12.987506360541719, 0.0 ], [ 80.218355244375914, 12.98745567436108, 0.0 ], [ 80.218368806351663, 12.987451031464509, 0.0 ], [ 80.218400997620222, 12.98744001109629, 0.0 ], [ 80.218417139697792, 12.987526410386062, 0.0 ], [ 80.218446817616524, 12.987707067635821, 0.0 ], [ 80.218485758057767, 12.987933233807608, 0.0 ], [ 80.218493115802673, 12.987969837001359, 0.0 ], [ 80.218499569447502, 12.987999848578156, 0.0 ], [ 80.218531178250572, 12.988146837560949, 0.0 ], [ 80.218564422109694, 12.98830143031152, 0.0 ], [ 80.21857195177094, 12.988336445337769, 0.0 ], [ 80.218585092131121, 12.988395305526742, 0.0 ], [ 80.218621284858571, 12.988526566201029, 0.0 ], [ 80.218621469532707, 12.988527070845658, 0.0 ], [ 80.218621516543763, 12.988527222439886, 0.0 ], [ 80.218621538638814, 12.988527276721619, 0.0 ], [ 80.218635048746933, 12.988563825202338, 0.0 ], [ 80.218637583598024, 12.988563180896428, 0.0 ], [ 80.218637347821485, 12.988563096097428, 0.0 ], [ 80.218660769591835, 12.988555666192401, 0.0 ], [ 80.218942467636978, 12.988470416107555, 0.0 ], [ 80.219194756748067, 12.988390898587181, 0.0 ], [ 80.219380113103469, 12.988338286726748, 0.0 ], [ 80.21945637032168, 12.988321699473024, 0.0 ], [ 80.21951643826948, 12.988308405498568, 0.0 ], [ 80.219592271952266, 12.988295459940289, 0.0 ], [ 80.219672988707984, 12.988281932248361, 0.0 ], [ 80.219819371839208, 12.9882533849021, 0.0 ], [ 80.21994853911589, 12.988496009440654, 0.0 ], [ 80.219975353201917, 12.988546375997466, 0.0 ], [ 80.219995573715408, 12.988592696279078, 0.0 ], [ 80.220211111647103, 12.988958749634957, 0.0 ], [ 80.220427635083226, 12.98890434528948, 0.0 ], [ 80.220509372435274, 12.988883807457652, 0.0 ], [ 80.220773774988317, 12.988677203702521, 0.0 ], [ 80.220923202249296, 12.988562456933389, 0.0 ], [ 80.220957666973604, 12.98853616853066, 0.0 ], [ 80.221225135497306, 12.988340809914776, 0.0 ], [ 80.221484985428333, 12.988171014242639, 0.0 ], [ 80.22161607823152, 12.988143348685998, 0.0 ], [ 80.221671558084495, 12.988114034370888, 0.0 ], [ 80.221800237286544, 12.988016656038672, 0.0 ], [ 80.221948184078911, 12.987906568948668, 0.0 ], [ 80.222177369275101, 12.987727783445488, 0.0 ], [ 80.2221859242118, 12.987717316739726, 0.0 ], [ 80.222191098751125, 12.987703363281128, 0.0 ], [ 80.222191476876645, 12.987688516591506, 0.0 ], [ 80.222187522203029, 12.987676091036327, 0.0 ], [ 80.222140775089983, 12.98759161759798, 0.0 ], [ 80.222096934627658, 12.987505544283618, 0.0 ], [ 80.222056033988153, 12.987432099639802, 0.0 ], [ 80.222047309711769, 12.987409281434896, 0.0 ], [ 80.22204675247859, 12.98740671908107, 0.0 ], [ 80.222049927897046, 12.987401999632901, 0.0 ], [ 80.222173240775561, 12.987345082313709, 0.0 ], [ 80.22232072576125, 12.987274488927039, 0.0 ], [ 80.222332190426599, 12.987271788931277, 0.0 ], [ 80.222466808174289, 12.987240089888108, 0.0 ], [ 80.222590526604677, 12.987206292993049, 0.0 ], [ 80.222794476279148, 12.987148294558038, 0.0 ], [ 80.222999345886535, 12.987086197268138, 0.0 ], [ 80.223003575686207, 12.987086648513046, 0.0 ], [ 80.223005651412166, 12.987086869953419, 0.0 ], [ 80.223043890316305, 12.987090949699247, 0.0 ], [ 80.223102747107831, 12.987097229176317, 0.0 ], [ 80.223130409891823, 12.98711030177807, 0.0 ], [ 80.223160946565116, 12.987124732488677, 0.0 ], [ 80.223205917471788, 12.987145984373289, 0.0 ], [ 80.223244975959346, 12.98716444221909, 0.0 ], [ 80.223566125248382, 12.987316207224866, 0.0 ], [ 80.223568683024808, 12.987317415946897, 0.0 ], [ 80.223655989518619, 12.987358674137361, 0.0 ], [ 80.223667883257804, 12.987358505520788, 0.0 ], [ 80.223841183138902, 12.987356048600356, 0.0 ], [ 80.223891928086118, 12.987355329153312, 0.0 ], [ 80.224049635859075, 12.987353093155198, 0.0 ], [ 80.224111655811498, 12.987352213803218, 0.0 ], [ 80.224362294721288, 12.987348659960226, 0.0 ], [ 80.22438961892513, 12.987348272511976, 0.0 ], [ 80.224844615722787, 12.987341820384611, 0.0 ], [ 80.224955435529395, 12.987340248772469, 0.0 ], [ 80.225371198666835, 12.987334352127158, 0.0 ], [ 80.225531850735621, 12.987331053210999, 0.0 ], [ 80.225601654549592, 12.987327230351028, 0.0 ], [ 80.22604764544397, 12.9873028048675, 0.0 ], [ 80.226169899267859, 12.987296109284731, 0.0 ], [ 80.226482910728279, 12.987278966046141, 0.0 ], [ 80.226569513679465, 12.98727422284569, 0.0 ], [ 80.22696218054611, 12.987252716311797, 0.0 ], [ 80.227095820347529, 12.987245396665639, 0.0 ], [ 80.227207917010645, 12.987239256914949, 0.0 ], [ 80.227362201853211, 12.98723080635634, 0.0 ], [ 80.228263550388263, 12.987181435442643, 0.0 ], [ 80.228396379634091, 12.98717415952064, 0.0 ], [ 80.229489986044626, 12.987114252977536, 0.0 ], [ 80.229934256092605, 12.98708991503165, 0.0 ], [ 80.230910995368461, 12.98703640472827, 0.0 ], [ 80.231480615753398, 12.987005196573721, 0.0 ], [ 80.231612555330713, 12.986977146040049, 0.0 ], [ 80.231613282898053, 12.986976986439862, 0.0 ], [ 80.23162268599431, 12.986976194973179, 0.0 ], [ 80.231676286259798, 12.986964817954393, 0.0 ], [ 80.232560652822556, 12.986777103404659, 0.0 ], [ 80.232584140000085, 12.986772118000038, 0.0 ], [ 80.232583736294458, 12.986770669362546, 0.0 ], [ 80.232589929352159, 12.9867693526826, 0.0 ], [ 80.232557127290036, 12.986643957935438, 0.0 ], [ 80.232552292229272, 12.98662547459913, 0.0 ], [ 80.232527140554964, 12.986536762866205, 0.0 ], [ 80.232432052296261, 12.986184524732668, 0.0 ], [ 80.232430329733205, 12.986178143785001, 0.0 ], [ 80.232411727637725, 12.98610923540395, 0.0 ], [ 80.232374106504565, 12.985969874040817, 0.0 ], [ 80.232327337310139, 12.985796624972474, 0.0 ], [ 80.232310704203996, 12.985735010213208, 0.0 ], [ 80.232299545515673, 12.985693674568866, 0.0 ], [ 80.232284109964496, 12.985636495923174, 0.0 ], [ 80.232271625425312, 12.985590248833731, 0.0 ], [ 80.232231214342789, 12.985440551973911, 0.0 ], [ 80.232187280785439, 12.985277806439612, 0.0 ], [ 80.232170171081961, 12.985214425954428, 0.0 ], [ 80.232162046872006, 12.985184330953278, 0.0 ], [ 80.232152657936226, 12.985149550943632, 0.0 ], [ 80.232131677610838, 12.985071832206987, 0.0 ], [ 80.232092784775887, 12.984927758917729, 0.0 ], [ 80.232083096877773, 12.984897568430251, 0.0 ], [ 80.232052209870872, 12.984801314914836, 0.0 ], [ 80.232017739197929, 12.9846938934981, 0.0 ], [ 80.232016900098444, 12.984691278600076, 0.0 ], [ 80.231966982415159, 12.984535719299487, 0.0 ], [ 80.231960669971514, 12.984516047713859, 0.0 ], [ 80.231933661142307, 12.984431879563338, 0.0 ], [ 80.231899976865421, 12.984326908506413, 0.0 ], [ 80.231876067247995, 12.984252398385697, 0.0 ], [ 80.231866154678059, 12.984221507591011, 0.0 ], [ 80.231846646429091, 12.984160713515585, 0.0 ], [ 80.231833650685331, 12.984120214517748, 0.0 ], [ 80.231787119486711, 12.983975207945448, 0.0 ], [ 80.231741748756392, 12.983833817620006, 0.0 ], [ 80.231735813311431, 12.983815320782877, 0.0 ], [ 80.231729013786193, 12.983794131178572, 0.0 ], [ 80.231706081219528, 12.98372266557347, 0.0 ], [ 80.231686312975143, 12.983661061031301, 0.0 ], [ 80.231620455712658, 12.983455827295048, 0.0 ], [ 80.231620908415493, 12.983455596077388, 0.0 ], [ 80.231668584447277, 12.983431419441049, 0.0 ], [ 80.231787079754, 12.983384402520979, 0.0 ], [ 80.231842718353349, 12.983362326046798, 0.0 ], [ 80.231877387148373, 12.983347741585229, 0.0 ], [ 80.231971528505554, 12.983309830796399, 0.0 ], [ 80.232026593035911, 12.983288334867417, 0.0 ], [ 80.232109854808073, 12.98325637063143, 0.0 ], [ 80.232182086679714, 12.983227738817893, 0.0 ], [ 80.232280325892006, 12.983185622281278, 0.0 ], [ 80.232327939990427, 12.983165702059358, 0.0 ], [ 80.23232897147011, 12.983165263455048, 0.0 ], [ 80.232339885350157, 12.98316062169363, 0.0 ], [ 80.232350797350179, 12.983155979976083, 0.0 ], [ 80.232385405065784, 12.983142150710469, 0.0 ], [ 80.232408678527136, 12.983133215011314, 0.0 ], [ 80.232435910366576, 12.983122504582708, 0.0 ], [ 80.232450606073755, 12.983116016927568, 0.0 ], [ 80.23245900156148, 12.98311475103335, 0.0 ] ] ] ] } },
{ "type": "Feature", "properties": { "id": null, "Name": "180", "description": null, "timestamp": null, "begin": null, "end": null, "altitudeMode": null, "tessellate": 1, "extrude": 0, "visibility": -1, "drawOrder": null, "icon": null, "id_2": "ID_00012\n", "name2": "180\n" }, "geometry": { "type": "MultiPolygon", "coordinates": [ [ [ [ 80.266423812270389, 12.983932170896448, 0.0 ], [ 80.266113651743126, 12.98400033203594, 0.0 ], [ 80.265988212219696, 12.984046551791739, 0.0 ], [ 80.265833522897694, 12.9841314657572, 0.0 ], [ 80.265669801085266, 12.98421518407401, 0.0 ], [ 80.265478508907478, 12.984279229357586, 0.0 ], [ 80.265048418184008, 12.98438514883496, 0.0 ], [ 80.264333494182623, 12.98452416231234, 0.0 ], [ 80.2640262495987, 12.98458108872904, 0.0 ], [ 80.263360560094327, 12.984671311385029, 0.0 ], [ 80.263065254259431, 12.984714260715359, 0.0 ], [ 80.262712579789905, 12.984740540774128, 0.0 ], [ 80.262244071610098, 12.98476984630814, 0.0 ], [ 80.262053984767277, 12.984794464574907, 0.0 ], [ 80.261960747250612, 12.984906854816431, 0.0 ], [ 80.261971235582834, 12.984916826396661, 0.0 ], [ 80.262050789583697, 12.986066274295508, 0.0 ], [ 80.260327275571356, 12.986254341063912, 0.0 ], [ 80.259833122515658, 12.986316378537621, 0.0 ], [ 80.259837572246298, 12.986386463425706, 0.0 ], [ 80.259842437347729, 12.986444248700233, 0.0 ], [ 80.259843828611466, 12.986499407317201, 0.0 ], [ 80.259846407372365, 12.98655521853351, 0.0 ], [ 80.25984873477617, 12.98660561375428, 0.0 ], [ 80.259851674846303, 12.986669255504028, 0.0 ], [ 80.25985505340914, 12.986742375467459, 0.0 ], [ 80.259858264852326, 12.98679906646654, 0.0 ], [ 80.259861887671732, 12.986885919275569, 0.0 ], [ 80.259861881056594, 12.986946707103938, 0.0 ], [ 80.25985849612087, 12.987038939868873, 0.0 ], [ 80.259857068476151, 12.987073621081201, 0.0 ], [ 80.259848339364794, 12.987163993148549, 0.0 ], [ 80.259848460316647, 12.987209408057449, 0.0 ], [ 80.259820710731958, 12.987247975644461, 0.0 ], [ 80.259771800796045, 12.987282328157411, 0.0 ], [ 80.259728587953077, 12.987305221627338, 0.0 ], [ 80.259700454191616, 12.987321565477879, 0.0 ], [ 80.259680971249026, 12.987333159762651, 0.0 ], [ 80.259621722560723, 12.9873671572888, 0.0 ], [ 80.259582839369614, 12.98738234387239, 0.0 ], [ 80.259549203358674, 12.987393223299431, 0.0 ], [ 80.25949647881572, 12.987409229438651, 0.0 ], [ 80.259430141492174, 12.987427332517623, 0.0 ], [ 80.25937044785843, 12.987440635098951, 0.0 ], [ 80.259286473153779, 12.98744959069238, 0.0 ], [ 80.259171848160989, 12.987461896697699, 0.0 ], [ 80.259056095793937, 12.987473793450969, 0.0 ], [ 80.258929294400815, 12.987484823170078, 0.0 ], [ 80.258803737595144, 12.987495907010699, 0.0 ], [ 80.258673773026729, 12.987507124701558, 0.0 ], [ 80.258588298320717, 12.987514148930568, 0.0 ], [ 80.258510629669857, 12.987520532615362, 0.0 ], [ 80.258377395455128, 12.987532084428002, 0.0 ], [ 80.258288373799559, 12.987539366987138, 0.0 ], [ 80.258175765737079, 12.987547467425317, 0.0 ], [ 80.258041426046717, 12.987557130644372, 0.0 ], [ 80.257919588248029, 12.987559981041548, 0.0 ], [ 80.257830598096291, 12.987565964191621, 0.0 ], [ 80.257719033701463, 12.98757346611459, 0.0 ], [ 80.257632624853159, 12.987579275726198, 0.0 ], [ 80.257507413997786, 12.987588410459658, 0.0 ], [ 80.257480233037057, 12.987590447081759, 0.0 ], [ 80.257366211565738, 12.987598990481008, 0.0 ], [ 80.257233693923908, 12.987608919799268, 0.0 ], [ 80.257142746827071, 12.98761626246816, 0.0 ], [ 80.257022688499092, 12.987625956020738, 0.0 ], [ 80.256899678923304, 12.987635887928679, 0.0 ], [ 80.256790376252511, 12.98764463007174, 0.0 ], [ 80.256734435600308, 12.987649104201289, 0.0 ], [ 80.256581676921797, 12.98766132177559, 0.0 ], [ 80.256439144940515, 12.987671562027069, 0.0 ], [ 80.256395844652204, 12.987700179186081, 0.0 ], [ 80.256336942165362, 12.987704411219751, 0.0 ], [ 80.256284592212211, 12.98770817226262, 0.0 ], [ 80.256207381928732, 12.98771308799296, 0.0 ], [ 80.256207351060993, 12.987713089887997, 0.0 ], [ 80.256134688343977, 12.987717220411868, 0.0 ], [ 80.256068601812586, 12.987720977238986, 0.0 ], [ 80.256053383679813, 12.987722470833733, 0.0 ], [ 80.255980836826097, 12.987729802455618, 0.0 ], [ 80.255930915424685, 12.98776271363414, 0.0 ], [ 80.255914532933573, 12.987785520485749, 0.0 ], [ 80.255898671616677, 12.987844185922498, 0.0 ], [ 80.255895750944177, 12.98783229000199, 0.0 ], [ 80.255873257521117, 12.987740674101376, 0.0 ], [ 80.255835812859118, 12.987560996348581, 0.0 ], [ 80.255791208271503, 12.98736405762522, 0.0 ], [ 80.255784238398064, 12.98732459686774, 0.0 ], [ 80.255763290967778, 12.987213982986649, 0.0 ], [ 80.255759481816099, 12.98719575730772, 0.0 ], [ 80.255754837633276, 12.987169344735962, 0.0 ], [ 80.255711502800736, 12.986922889010859, 0.0 ], [ 80.25570514620992, 12.986905815653209, 0.0 ], [ 80.255697352372877, 12.986875635309158, 0.0 ], [ 80.255678332448667, 12.986827359679099, 0.0 ], [ 80.255662300424845, 12.986725685358678, 0.0 ], [ 80.255647701653743, 12.986633100597409, 0.0 ], [ 80.255612667587982, 12.986391055594289, 0.0 ], [ 80.255567195884538, 12.986228686595789, 0.0 ], [ 80.255536086706982, 12.986065938156978, 0.0 ], [ 80.255505374338611, 12.985928262428322, 0.0 ], [ 80.25550396300244, 12.985922588126282, 0.0 ], [ 80.255490395387241, 12.98586804659546, 0.0 ], [ 80.255489206368821, 12.98586326537888, 0.0 ], [ 80.25547497617724, 12.985806435219169, 0.0 ], [ 80.255455252394782, 12.985721576913939, 0.0 ], [ 80.255446800549024, 12.985697234202012, 0.0 ], [ 80.255392538851808, 12.98547419436948, 0.0 ], [ 80.255307017695614, 12.98512266344685, 0.0 ], [ 80.255263173653503, 12.984963176819978, 0.0 ], [ 80.255176465880709, 12.9846009598976, 0.0 ], [ 80.255143168006867, 12.984437974348495, 0.0 ], [ 80.255100067053561, 12.984299163038056, 0.0 ], [ 80.255094840831219, 12.984282331410299, 0.0 ], [ 80.255041936195468, 12.984003643691869, 0.0 ], [ 80.25503874339789, 12.983990014174708, 0.0 ], [ 80.255022170664546, 12.983930969216349, 0.0 ], [ 80.255003891418056, 12.98387527757999, 0.0 ], [ 80.254965411345154, 12.983736444526599, 0.0 ], [ 80.254940564880727, 12.983659871422947, 0.0 ], [ 80.254858462604417, 12.983377335695938, 0.0 ], [ 80.254850057394393, 12.98334395041365, 0.0 ], [ 80.254817817119886, 12.983247446815938, 0.0 ], [ 80.254809247257555, 12.983221334174432, 0.0 ], [ 80.254801609404751, 12.983198059786151, 0.0 ], [ 80.254796303381525, 12.983181892791178, 0.0 ], [ 80.254755848466573, 12.983045806330892, 0.0 ], [ 80.254685620829619, 12.982810614291678, 0.0 ], [ 80.254673669906325, 12.982770588920909, 0.0 ], [ 80.254672309665949, 12.98276603416541, 0.0 ], [ 80.25465280120379, 12.982704230206078, 0.0 ], [ 80.254574454758369, 12.982472864004409, 0.0 ], [ 80.254559696612574, 12.98243129980594, 0.0 ], [ 80.254550051114734, 12.98240413090541, 0.0 ], [ 80.25448627111389, 12.982270202800708, 0.0 ], [ 80.254475549621404, 12.982254544475209, 0.0 ], [ 80.254462354528883, 12.982237857546046, 0.0 ], [ 80.254461543728183, 12.982237045055188, 0.0 ], [ 80.254459103979656, 12.98223459761522, 0.0 ], [ 80.254408644170269, 12.982183994771338, 0.0 ], [ 80.254398067939718, 12.982173387979048, 0.0 ], [ 80.254378931798257, 12.982159113995678, 0.0 ], [ 80.254262188293211, 12.982086135326, 0.0 ], [ 80.254136467215417, 12.982011669115769, 0.0 ], [ 80.254067371039028, 12.98197074251863, 0.0 ], [ 80.253971944956916, 12.981930646539668, 0.0 ], [ 80.25380909519248, 12.981877417642931, 0.0 ], [ 80.253757478530858, 12.981858072478062, 0.0 ], [ 80.253742150508828, 12.981855536140857, 0.0 ], [ 80.253701363235749, 12.981842204425302, 0.0 ], [ 80.253686995905966, 12.979770919906292, 0.0 ], [ 80.253689740589749, 12.979696233009186, 0.0 ], [ 80.253672592266156, 12.979521046512996, 0.0 ], [ 80.253667098785428, 12.979472098869207, 0.0 ], [ 80.25369076332133, 12.97933646956891, 0.0 ], [ 80.253695521698774, 12.979309197708858, 0.0 ], [ 80.253707837723908, 12.979249212702459, 0.0 ], [ 80.253716249429857, 12.979159071257087, 0.0 ], [ 80.253722688284938, 12.979090071200211, 0.0 ], [ 80.253698590523015, 12.978957897132259, 0.0 ], [ 80.253696885753271, 12.978883101204959, 0.0 ], [ 80.253697234654283, 12.978843176035994, 0.0 ], [ 80.253695432786088, 12.978819352998258, 0.0 ], [ 80.25365866922661, 12.978079058439478, 0.0 ], [ 80.253639883023723, 12.977808738033788, 0.0 ], [ 80.253587280248965, 12.977533311046299, 0.0 ], [ 80.253542639717821, 12.977258477068951, 0.0 ], [ 80.253514284455363, 12.977151105776286, 0.0 ], [ 80.253486338101297, 12.977004778666217, 0.0 ], [ 80.253447247674742, 12.97666040728333, 0.0 ], [ 80.253432410198258, 12.9765027889036, 0.0 ], [ 80.253406066365514, 12.976108028331327, 0.0 ], [ 80.253361674070433, 12.975906534741148, 0.0 ], [ 80.253303868899081, 12.975549841267259, 0.0 ], [ 80.253745915102229, 12.97549151977068, 0.0 ], [ 80.253747199206941, 12.975477067945103, 0.0 ], [ 80.253747050625165, 12.975475260015221, 0.0 ], [ 80.253803542599712, 12.975473287213186, 0.0 ], [ 80.253988567913083, 12.975462447541606, 0.0 ], [ 80.254020014387052, 12.975460605308726, 0.0 ], [ 80.254305511745912, 12.975444094641331, 0.0 ], [ 80.254407428203436, 12.975437310416472, 0.0 ], [ 80.254907377763089, 12.975404204726216, 0.0 ], [ 80.254977130742176, 12.975401942516971, 0.0 ], [ 80.255226042994181, 12.975393870605066, 0.0 ], [ 80.255419472931109, 12.975382174968589, 0.0 ], [ 80.25542072657764, 12.97538195521776, 0.0 ], [ 80.255422515169997, 12.975381052515131, 0.0 ], [ 80.255423856435584, 12.975379583404756, 0.0 ], [ 80.255424573701575, 12.975377739976391, 0.0 ], [ 80.255424571274119, 12.975375766995771, 0.0 ], [ 80.255418799703051, 12.97534535836496, 0.0 ], [ 80.255395600917041, 12.975209480492913, 0.0 ], [ 80.255427718645493, 12.975204206857118, 0.0 ], [ 80.255450868511574, 12.975339798858716, 0.0 ], [ 80.255454412354524, 12.97535846998197, 0.0 ], [ 80.255492176415743, 12.975557438774199, 0.0 ], [ 80.255503101943688, 12.975582585215307, 0.0 ], [ 80.255516579502029, 12.975606511953249, 0.0 ], [ 80.255532467842031, 12.97562897083156, 0.0 ], [ 80.255544232766155, 12.97564314534565, 0.0 ], [ 80.255554422329311, 12.975658448319717, 0.0 ], [ 80.255555516696958, 12.975660322249642, 0.0 ], [ 80.255561244087801, 12.975665919386039, 0.0 ], [ 80.255568261676061, 12.975669858286437, 0.0 ], [ 80.255576079778479, 12.975671863575668, 0.0 ], [ 80.255584156671318, 12.975671797168941, 0.0 ], [ 80.256001814984913, 12.975516731713149, 0.0 ], [ 80.256001870379023, 12.975516711108348, 0.0 ], [ 80.256048504618306, 12.975499773077459, 0.0 ], [ 80.256382642711401, 12.975380304523107, 0.0 ], [ 80.256479858173194, 12.975367833067478, 0.0 ], [ 80.256514295014455, 12.975358118142891, 0.0 ], [ 80.256683960102578, 12.975306192504283, 0.0 ], [ 80.256892617730074, 12.97524386041145, 0.0 ], [ 80.256893241673268, 12.975243633429709, 0.0 ], [ 80.256894902723843, 12.975242521481087, 0.0 ], [ 80.256896048970006, 12.975240899899259, 0.0 ], [ 80.256896528564127, 12.975238984355329, 0.0 ], [ 80.256896277139916, 12.975237026938613, 0.0 ], [ 80.256853335678016, 12.975104601082439, 0.0 ], [ 80.256813705349785, 12.97498238859033, 0.0 ], [ 80.256794199293822, 12.97492223495448, 0.0 ], [ 80.256748872897177, 12.97480775886965, 0.0 ], [ 80.256731777733037, 12.97476476755369, 0.0 ], [ 80.256786624018631, 12.974750457851281, 0.0 ], [ 80.257110184912023, 12.974698437057549, 0.0 ], [ 80.257175908953357, 12.974688595245738, 0.0 ], [ 80.257712056974739, 12.974608309266566, 0.0 ], [ 80.257757528783202, 12.974601469372958, 0.0 ], [ 80.258036832665766, 12.974559578454617, 0.0 ], [ 80.258168012213446, 12.974535267689568, 0.0 ], [ 80.258229439050098, 12.974521600338377, 0.0 ], [ 80.258290154608176, 12.974505273486706, 0.0 ], [ 80.258350033393882, 12.974486321136991, 0.0 ], [ 80.258404393079545, 12.974466448838339, 0.0 ], [ 80.258562062471711, 12.97446730053225, 0.0 ], [ 80.258588067911973, 12.97456823507475, 0.0 ], [ 80.258615690487929, 12.974668256454652, 0.0 ], [ 80.258742269371012, 12.975075339311388, 0.0 ], [ 80.258752932787274, 12.97511001972661, 0.0 ], [ 80.258822647382885, 12.975336730698382, 0.0 ], [ 80.258867213050692, 12.97547618206017, 0.0 ], [ 80.258869667616153, 12.975479224467877, 0.0 ], [ 80.258871554769172, 12.97547990618871, 0.0 ], [ 80.25887355372501, 12.975479883852389, 0.0 ], [ 80.259036776379475, 12.97544854875493, 0.0 ], [ 80.2592390049019, 12.975405722754038, 0.0 ], [ 80.259381300944, 12.975375934627568, 0.0 ], [ 80.259383159161203, 12.975375178576369, 0.0 ], [ 80.259384619009381, 12.975373821903307, 0.0 ], [ 80.259385487265646, 12.975372042186708, 0.0 ], [ 80.259385562932323, 12.975369528712179, 0.0 ], [ 80.259352791515553, 12.975214382351778, 0.0 ], [ 80.259331446137352, 12.975111667194312, 0.0 ], [ 80.259315865044258, 12.975036691370278, 0.0 ], [ 80.259287088204957, 12.974897912537969, 0.0 ], [ 80.259278758803021, 12.97485932086491, 0.0 ], [ 80.259280294954408, 12.97484993958984, 0.0 ], [ 80.259282948473896, 12.97483373565194, 0.0 ], [ 80.259293073313572, 12.97481241348159, 0.0 ], [ 80.259308751041814, 12.974794613625141, 0.0 ], [ 80.259328789200197, 12.974781689898917, 0.0 ], [ 80.259346581524269, 12.974776193247841, 0.0 ], [ 80.259663825357421, 12.974702873516152, 0.0 ], [ 80.259700752178148, 12.974692580222218, 0.0 ], [ 80.259700394044287, 12.974692403787458, 0.0 ], [ 80.259699037487806, 12.974690947774439, 0.0 ], [ 80.259698301635069, 12.974689111952868, 0.0 ], [ 80.259677721432809, 12.974585139434108, 0.0 ], [ 80.259652934527452, 12.974455496315869, 0.0 ], [ 80.259637933887873, 12.9743837501684, 0.0 ], [ 80.260410702843018, 12.974305654370246, 0.0 ], [ 80.260602668971117, 12.974272020971222, 0.0 ], [ 80.260744789097572, 12.9742581383355, 0.0 ], [ 80.260988076887756, 12.974235772175584, 0.0 ], [ 80.261400875421344, 12.974196978357318, 0.0 ], [ 80.261406111786371, 12.974196219030581, 0.0 ], [ 80.261445775439796, 12.974190465517392, 0.0 ], [ 80.261445992169556, 12.974190434285521, 0.0 ], [ 80.2616313800808, 12.974163543997239, 0.0 ], [ 80.262028924693439, 12.974107345138696, 0.0 ], [ 80.262140290855953, 12.974093097822408, 0.0 ], [ 80.262182950957126, 12.974087639903511, 0.0 ], [ 80.262183117891837, 12.97408761861162, 0.0 ], [ 80.262369083853088, 12.974063826332801, 0.0 ], [ 80.262431341823202, 12.974055861344041, 0.0 ], [ 80.262589785973418, 12.974040305968146, 0.0 ], [ 80.262673228737356, 12.974032278887869, 0.0 ], [ 80.26275685523872, 12.974026352771029, 0.0 ], [ 80.262840608303179, 12.974022531976622, 0.0 ], [ 80.262924434449872, 12.9740208190657, 0.0 ], [ 80.26301354295569, 12.974022147465579, 0.0 ], [ 80.263061949835688, 12.974024193341076, 0.0 ], [ 80.263109688704773, 12.974026405498119, 0.0 ], [ 80.263191483092044, 12.974032103947579, 0.0 ], [ 80.263280172763416, 12.974040724394539, 0.0 ], [ 80.26329535063266, 12.974041968151857, 0.0 ], [ 80.263310541830933, 12.97404087638235, 0.0 ], [ 80.263325372871392, 12.97403747605903, 0.0 ], [ 80.263339483010071, 12.974031850251899, 0.0 ], [ 80.263355347331157, 12.974016639402889, 0.0 ], [ 80.263369769855785, 12.974000107043333, 0.0 ], [ 80.263382637721307, 12.973982382155357, 0.0 ], [ 80.263393849091642, 12.973963606411289, 0.0 ], [ 80.265511185410148, 12.974143691038909, 0.0 ], [ 80.265568007433188, 12.974153268642288, 0.0 ], [ 80.266652941037108, 12.974336134645158, 0.0 ], [ 80.268453611819353, 12.982661604836739, 0.0 ], [ 80.268542989881141, 12.983074834868027, 0.0 ], [ 80.268089863096719, 12.98328066379127, 0.0 ], [ 80.268044819919695, 12.983315414043487, 0.0 ], [ 80.267844039337689, 12.983323254615508, 0.0 ], [ 80.26782452232132, 12.98332401675543, 0.0 ], [ 80.267818379104696, 12.98332524460006, 0.0 ], [ 80.267811672047358, 12.983325535772929, 0.0 ], [ 80.267808302085129, 12.983326221755819, 0.0 ], [ 80.267800118867669, 12.983326901179289, 0.0 ], [ 80.26771808080079, 12.98333846010928, 0.0 ], [ 80.267665319039523, 12.98334841512065, 0.0 ], [ 80.26761295214591, 12.983360176028379, 0.0 ], [ 80.267561045622017, 12.983373729454041, 0.0 ], [ 80.267535691976349, 12.98338171357368, 0.0 ], [ 80.267527143682386, 12.983383453637492, 0.0 ], [ 80.267516246168, 12.983387837253471, 0.0 ], [ 80.267493806498223, 12.983394903728012, 0.0 ], [ 80.267429192809402, 12.983422855170206, 0.0 ], [ 80.267398092637279, 12.983439279257409, 0.0 ], [ 80.267343075912407, 12.98348216083658, 0.0 ], [ 80.267319957921117, 12.9835085889328, 0.0 ], [ 80.267298656740749, 12.983536447174449, 0.0 ], [ 80.267261866746452, 12.983595969557101, 0.0 ], [ 80.267258371848513, 12.983603129649609, 0.0 ], [ 80.267246536351323, 12.98362737735094, 0.0 ], [ 80.267225342662783, 12.983672667169319, 0.0 ], [ 80.267198236947451, 12.98368734713395, 0.0 ], [ 80.267185017544122, 12.983694506521701, 0.0 ], [ 80.267164508124509, 12.983705614047167, 0.0 ], [ 80.267119086908252, 12.983730213335212, 0.0 ], [ 80.267029615612543, 12.98377866929054, 0.0 ], [ 80.267018149214863, 12.983784879270162, 0.0 ], [ 80.266988871541514, 12.983793804076848, 0.0 ], [ 80.266765106772439, 12.983853494369352, 0.0 ], [ 80.266423884268931, 12.983932153374592, 0.0 ], [ 80.266423812270389, 12.983932170896448, 0.0 ] ] ] ] } },
{ "type": "Feature", "properties": { "id": null, "Name": "193", "description": null, "timestamp": null, "begin": null, "end": null, "altitudeMode": null, "tessellate": 1, "extrude": 0, "visibility": -1, "drawOrder": null, "icon": null, "id_2": "ID_00013\n", "name2": "193\n" }, "geometry": { "type": "MultiPolygon", "coordinates": [ [ [ [ 80.247176793007512, 12.954701345567829, 0.0 ], [ 80.24678590378727, 12.954790310983622, 0.0 ], [ 80.246361665023329, 12.954934326307939, 0.0 ], [ 80.24597822516553, 12.955110499534463, 0.0 ], [ 80.245956856923385, 12.954326618241852, 0.0 ], [ 80.245953222085973, 12.953028613277356, 0.0 ], [ 80.2465805262255, 12.950963973771019, 0.0 ], [ 80.246836516011456, 12.949860325636559, 0.0 ], [ 80.245588033765344, 12.950066410128619, 0.0 ], [ 80.243663037208378, 12.950825699339488, 0.0 ], [ 80.241878574156758, 12.951419140191319, 0.0 ], [ 80.242069813784212, 12.95186938838863, 0.0 ], [ 80.241890933359826, 12.951951113548247, 0.0 ], [ 80.241659119886663, 12.952126636707819, 0.0 ], [ 80.241166016837283, 12.952309818010306, 0.0 ], [ 80.240286977911538, 12.952590701155142, 0.0 ], [ 80.239835622973402, 12.952950426886462, 0.0 ], [ 80.23942163773053, 12.953104017599228, 0.0 ], [ 80.239307790476417, 12.953130603419892, 0.0 ], [ 80.238984709004924, 12.953329381337561, 0.0 ], [ 80.238839262340278, 12.953240531859207, 0.0 ], [ 80.238370128739689, 12.953363917623387, 0.0 ], [ 80.237615517204304, 12.95346125560939, 0.0 ], [ 80.237257281304338, 12.953471045991586, 0.0 ], [ 80.237230102748768, 12.953549408705779, 0.0 ], [ 80.236410801152374, 12.95351616150224, 0.0 ], [ 80.236363491954251, 12.953584071319559, 0.0 ], [ 80.23588425923549, 12.953583990285168, 0.0 ], [ 80.235766787397395, 12.953709168036372, 0.0 ], [ 80.23562789318585, 12.953554303966378, 0.0 ], [ 80.235463610217451, 12.95359272984836, 0.0 ], [ 80.235479758453607, 12.953734792999109, 0.0 ], [ 80.235254301716623, 12.953722791853808, 0.0 ], [ 80.23522001348357, 12.953578503566172, 0.0 ], [ 80.234589569321614, 12.9535912726208, 0.0 ], [ 80.233112153724477, 12.953413299453779, 0.0 ], [ 80.231967577155928, 12.95335354447122, 0.0 ], [ 80.231752025482379, 12.9533991911775, 0.0 ], [ 80.231218797909122, 12.95319511708442, 0.0 ], [ 80.231323897570604, 12.95274422341439, 0.0 ], [ 80.231457030891349, 12.952404111253299, 0.0 ], [ 80.231502216660431, 12.95200395123914, 0.0 ], [ 80.23164335758409, 12.95198977394181, 0.0 ], [ 80.231666251991427, 12.951746239599528, 0.0 ], [ 80.231830545932652, 12.951660538292536, 0.0 ], [ 80.232003383145454, 12.951410564231598, 0.0 ], [ 80.231271491764986, 12.951398797317029, 0.0 ], [ 80.231279505827175, 12.950272261699, 0.0 ], [ 80.231042485987729, 12.95011792707767, 0.0 ], [ 80.231039844975712, 12.948762354219488, 0.0 ], [ 80.2308852331482, 12.946652678334978, 0.0 ], [ 80.230758175352932, 12.945270901492691, 0.0 ], [ 80.231172750195341, 12.945200899624398, 0.0 ], [ 80.231044966977805, 12.944142166395689, 0.0 ], [ 80.231605267574466, 12.944078388226956, 0.0 ], [ 80.23147944652797, 12.94338715536699, 0.0 ], [ 80.232165100467341, 12.943381853039909, 0.0 ], [ 80.231849567321873, 12.94193702834048, 0.0 ], [ 80.233191434056948, 12.941472998524128, 0.0 ], [ 80.233684754040411, 12.943388661275979, 0.0 ], [ 80.234139557014913, 12.943253601684999, 0.0 ], [ 80.23465862540958, 12.94312542082849, 0.0 ], [ 80.236166058642937, 12.943613685662731, 0.0 ], [ 80.236890890304096, 12.943815038001649, 0.0 ], [ 80.237557947391593, 12.943930835573703, 0.0 ], [ 80.237336795016333, 12.943431273059597, 0.0 ], [ 80.238354844219074, 12.943069170155766, 0.0 ], [ 80.239971184278403, 12.94255760739347, 0.0 ], [ 80.240156426285651, 12.943157928877902, 0.0 ], [ 80.242116969666426, 12.942862588010776, 0.0 ], [ 80.244091014006202, 12.942583701769887, 0.0 ], [ 80.244411062340475, 12.942300013686749, 0.0 ], [ 80.244963849384376, 12.941817769318421, 0.0 ], [ 80.244994237091845, 12.94136247271228, 0.0 ], [ 80.245198813507898, 12.940879218565419, 0.0 ], [ 80.24520335064993, 12.939370770397197, 0.0 ], [ 80.245425020114496, 12.937309882990538, 0.0 ], [ 80.245694225000193, 12.937246379, 0.0 ], [ 80.24569684180814, 12.93725704179373, 0.0 ], [ 80.246191519637833, 12.93927270698671, 0.0 ], [ 80.246619822618996, 12.941354259474588, 0.0 ], [ 80.246837543301012, 12.942412881676178, 0.0 ], [ 80.247436370355118, 12.94511760310418, 0.0 ], [ 80.247744292142741, 12.946500509049839, 0.0 ], [ 80.24779921649116, 12.946540448010909, 0.0 ], [ 80.248048354419055, 12.948053150826759, 0.0 ], [ 80.248644492623782, 12.95098314223053, 0.0 ], [ 80.24887435496079, 12.952419233284472, 0.0 ], [ 80.248909870103788, 12.952862402650902, 0.0 ], [ 80.248982078816226, 12.953185581978857, 0.0 ], [ 80.249066376270804, 12.953544681815305, 0.0 ], [ 80.249186573594329, 12.954029969630186, 0.0 ], [ 80.249233318760403, 12.95421387436498, 0.0 ], [ 80.24796950300609, 12.954508261803181, 0.0 ], [ 80.247798754134948, 12.954564081578768, 0.0 ], [ 80.247176793007512, 12.954701345567829, 0.0 ] ] ] ] } },
{ "type": "Feature", "properties": { "id": null, "Name": "198", "description": null, "timestamp": null, "begin": null, "end": null, "altitudeMode": null, "tessellate": 1, "extrude": 0, "visibility": -1, "drawOrder": null, "icon": null, "id_2": "ID_00014\n", "name2": "198\n" }, "geometry": { "type": "MultiPolygon", "coordinates": [ [ [ [ 80.213632613540312, 12.903271370250907, 0.0 ], [ 80.213667213222067, 12.903260462846481, 0.0 ], [ 80.216980594211577, 12.901987532406336, 0.0 ], [ 80.218123669000747, 12.90176033536388, 0.0 ], [ 80.21819283551585, 12.901753633328839, 0.0 ], [ 80.218591156222359, 12.901715036840487, 0.0 ], [ 80.218898930824082, 12.90168521366447, 0.0 ], [ 80.219704433357577, 12.901607159189471, 0.0 ], [ 80.220313963987337, 12.90153314630906, 0.0 ], [ 80.220833606039278, 12.90147004707652, 0.0 ], [ 80.221665898969007, 12.901368980957058, 0.0 ], [ 80.221788801123964, 12.90135381202052, 0.0 ], [ 80.221967712942615, 12.901331730103259, 0.0 ], [ 80.222199368967836, 12.901303138124108, 0.0 ], [ 80.222314394873464, 12.901288941054789, 0.0 ], [ 80.222532117686583, 12.901262068478438, 0.0 ], [ 80.222677842173809, 12.901246257434666, 0.0 ], [ 80.223218292864701, 12.901193553539358, 0.0 ], [ 80.223570213416792, 12.901160761178241, 0.0 ], [ 80.223580844541274, 12.901160251063272, 0.0 ], [ 80.223646870368455, 12.901157082925719, 0.0 ], [ 80.22502373543098, 12.901091012558799, 0.0 ], [ 80.225895655339883, 12.901037030547569, 0.0 ], [ 80.226582916343233, 12.90102824943561, 0.0 ], [ 80.226679829119377, 12.90102701103873, 0.0 ], [ 80.227390268531806, 12.901017931613048, 0.0 ], [ 80.227707488000519, 12.90101387691991, 0.0 ], [ 80.227777944701842, 12.901090367896499, 0.0 ], [ 80.228073073726407, 12.901046185159156, 0.0 ], [ 80.229386341823911, 12.900947107756329, 0.0 ], [ 80.229493476925086, 12.90094189428237, 0.0 ], [ 80.229811943007661, 12.900926396629357, 0.0 ], [ 80.230280991035059, 12.900903570430261, 0.0 ], [ 80.231002141361415, 12.900898034363957, 0.0 ], [ 80.231253573168274, 12.900894329379557, 0.0 ], [ 80.231678915639932, 12.900888061175857, 0.0 ], [ 80.23202728323335, 12.900844110911461, 0.0 ], [ 80.232357989775537, 12.900801353517089, 0.0 ], [ 80.232433385777369, 12.900792876161399, 0.0 ], [ 80.232958744813487, 12.900727432861169, 0.0 ], [ 80.233038521607796, 12.900717495072422, 0.0 ], [ 80.233696388592321, 12.900573791794891, 0.0 ], [ 80.234238824468704, 12.900353789490767, 0.0 ], [ 80.234332761567103, 12.900315690124369, 0.0 ], [ 80.234601308499947, 12.90022078074181, 0.0 ], [ 80.235138365458397, 12.900042922917301, 0.0 ], [ 80.235659388665638, 12.899924826658658, 0.0 ], [ 80.235807224834986, 12.899904548933829, 0.0 ], [ 80.235974778707202, 12.8998815665542, 0.0 ], [ 80.235982976182001, 12.899880442151867, 0.0 ], [ 80.236062745609004, 12.899869500606368, 0.0 ], [ 80.236385206719689, 12.899825270081456, 0.0 ], [ 80.237098722138228, 12.899761561327507, 0.0 ], [ 80.237624775131195, 12.899700303837511, 0.0 ], [ 80.23805076375227, 12.899650697778288, 0.0 ], [ 80.238215581664761, 12.899624885561582, 0.0 ], [ 80.238650567081336, 12.89955676174621, 0.0 ], [ 80.239171392785266, 12.899468081673492, 0.0 ], [ 80.239173407489218, 12.89946773863123, 0.0 ], [ 80.239184857206851, 12.899536436837687, 0.0 ], [ 80.239188885023154, 12.899560603692892, 0.0 ], [ 80.239194128606243, 12.899592065417249, 0.0 ], [ 80.239249870903038, 12.9004282060877, 0.0 ], [ 80.239795978362082, 12.903398502303467, 0.0 ], [ 80.240011688633388, 12.904571746987179, 0.0 ], [ 80.240238659637171, 12.905573091577276, 0.0 ], [ 80.240327563652059, 12.9059653150365, 0.0 ], [ 80.240569115625632, 12.907303140482639, 0.0 ], [ 80.240673727801848, 12.907930814165409, 0.0 ], [ 80.241040045331957, 12.909957643538531, 0.0 ], [ 80.241572578208419, 12.912287028669191, 0.0 ], [ 80.241886653535204, 12.913838315538529, 0.0 ], [ 80.242352480616788, 12.916139106523119, 0.0 ], [ 80.242534263236038, 12.917036948531297, 0.0 ], [ 80.242818819136289, 12.918442386405118, 0.0 ], [ 80.243051241499899, 12.919610219661589, 0.0 ], [ 80.243311256890038, 12.920970418172251, 0.0 ], [ 80.243381153986107, 12.92133821561699, 0.0 ], [ 80.243554635305401, 12.922251067603483, 0.0 ], [ 80.243695769064189, 12.922897417123838, 0.0 ], [ 80.243033935104492, 12.92305698790215, 0.0 ], [ 80.241796046427382, 12.923571360789992, 0.0 ], [ 80.239935849235025, 12.92347966431079, 0.0 ], [ 80.239369013065769, 12.922119497754339, 0.0 ], [ 80.238827767759503, 12.920935314166892, 0.0 ], [ 80.238206377966421, 12.920220365379951, 0.0 ], [ 80.238017282249658, 12.919966384239768, 0.0 ], [ 80.237868701671744, 12.919971307297407, 0.0 ], [ 80.237474667534144, 12.91969108545613, 0.0 ], [ 80.23665462083116, 12.919559154098051, 0.0 ], [ 80.236572991320031, 12.919519304161669, 0.0 ], [ 80.235534188360575, 12.919466180579569, 0.0 ], [ 80.234708101393352, 12.91946808300672, 0.0 ], [ 80.234666508668454, 12.91952616839388, 0.0 ], [ 80.234212037863585, 12.919649467489569, 0.0 ], [ 80.233524604348759, 12.919919036258751, 0.0 ], [ 80.233150481125946, 12.92009697060422, 0.0 ], [ 80.232684840150611, 12.920325992531419, 0.0 ], [ 80.232590156560619, 12.920439863771227, 0.0 ], [ 80.232311955588202, 12.92057575194891, 0.0 ], [ 80.232087645980656, 12.920909222061557, 0.0 ], [ 80.231966574545993, 12.921235194058529, 0.0 ], [ 80.231901185323622, 12.921826052479171, 0.0 ], [ 80.231938282839067, 12.922274280292296, 0.0 ], [ 80.231704762548077, 12.922473514642178, 0.0 ], [ 80.231676580261777, 12.922556211535639, 0.0 ], [ 80.231669586863106, 12.922559509774471, 0.0 ], [ 80.230907643034243, 12.92291465632141, 0.0 ], [ 80.230376646978385, 12.923164001117279, 0.0 ], [ 80.2303149263672, 12.923193733939979, 0.0 ], [ 80.230150286942703, 12.923270681946208, 0.0 ], [ 80.22993490388771, 12.923370390357469, 0.0 ], [ 80.229633662133523, 12.923410381244389, 0.0 ], [ 80.229588997260166, 12.92341629106472, 0.0 ], [ 80.229562318474336, 12.923513717082749, 0.0 ], [ 80.229555228584388, 12.923516143981102, 0.0 ], [ 80.229541967322575, 12.923517225120726, 0.0 ], [ 80.229203173492579, 12.923558350344932, 0.0 ], [ 80.22863295060975, 12.923630107987712, 0.0 ], [ 80.228474386044283, 12.92364451492193, 0.0 ], [ 80.228377633609711, 12.923653127011518, 0.0 ], [ 80.228312961683812, 12.923658883543037, 0.0 ], [ 80.227794179478821, 12.923706346325218, 0.0 ], [ 80.22755873288672, 12.92378744174805, 0.0 ], [ 80.227270882873327, 12.923886494147178, 0.0 ], [ 80.226271887746478, 12.924466029332178, 0.0 ], [ 80.225074892215247, 12.926953620006529, 0.0 ], [ 80.223544464588443, 12.927879295527809, 0.0 ], [ 80.222164895651957, 12.92599821703404, 0.0 ], [ 80.220594844273677, 12.922350501946568, 0.0 ], [ 80.220274310966857, 12.920759669756141, 0.0 ], [ 80.222229596624274, 12.920017511552278, 0.0 ], [ 80.222896851304952, 12.920038722658198, 0.0 ], [ 80.224005804093281, 12.917902324967853, 0.0 ], [ 80.224545235300894, 12.916016734697269, 0.0 ], [ 80.223955070995345, 12.914676985953468, 0.0 ], [ 80.222596684061429, 12.915019659389189, 0.0 ], [ 80.219523922963191, 12.916115752465773, 0.0 ], [ 80.218172450097896, 12.915169213542956, 0.0 ], [ 80.216329617412484, 12.912598295248401, 0.0 ], [ 80.216041425813046, 12.912230724985511, 0.0 ], [ 80.213982531236425, 12.909311503523929, 0.0 ], [ 80.213952588935257, 12.90928184332779, 0.0 ], [ 80.213735397741218, 12.905202083966913, 0.0 ], [ 80.213712282586712, 12.90476788116845, 0.0 ], [ 80.213632613540312, 12.903271370250907, 0.0 ] ] ] ] } },
{ "type": "Feature", "properties": { "id": null, "Name": "199", "description": null, "timestamp": null, "begin": null, "end": null, "altitudeMode": null, "tessellate": 1, "extrude": 0, "visibility": -1, "drawOrder": null, "icon": null, "id_2": "ID_00015\n", "name2": "199\n" }, "geometry": { "type": "MultiPolygon", "coordinates": [ [ [ [ 80.210658766581091, 12.879740037464961, 0.0 ], [ 80.210608014337041, 12.879564229678099, 0.0 ], [ 80.210612885315896, 12.879563592715298, 0.0 ], [ 80.211086594158928, 12.87950164682632, 0.0 ], [ 80.211320529303038, 12.879476712913199, 0.0 ], [ 80.211506817704887, 12.879458025262778, 0.0 ], [ 80.211643148185971, 12.879430232697098, 0.0 ], [ 80.211657483014108, 12.87942731036992, 0.0 ], [ 80.211914595334946, 12.879374894783355, 0.0 ], [ 80.21299839268876, 12.879163942327981, 0.0 ], [ 80.213131238742932, 12.879138084573089, 0.0 ], [ 80.21314587861238, 12.879135234998412, 0.0 ], [ 80.21314922531738, 12.879134583579516, 0.0 ], [ 80.214630626568081, 12.87885215599103, 0.0 ], [ 80.214980717191779, 12.878785410250609, 0.0 ], [ 80.215101181052347, 12.87876244336651, 0.0 ], [ 80.215539542912879, 12.878669277976607, 0.0 ], [ 80.215606411157751, 12.878658203591089, 0.0 ], [ 80.215746872276384, 12.8786349410612, 0.0 ], [ 80.216099884545883, 12.878576476423993, 0.0 ], [ 80.217024772921704, 12.878381688693924, 0.0 ], [ 80.21710839235439, 12.87836407769931, 0.0 ], [ 80.218751995590395, 12.87801791427885, 0.0 ], [ 80.218896252593879, 12.877984327175852, 0.0 ], [ 80.219475321744667, 12.877849502627438, 0.0 ], [ 80.22005693656979, 12.877714083916496, 0.0 ], [ 80.220653450645315, 12.877575194665544, 0.0 ], [ 80.221808192098436, 12.877306326285648, 0.0 ], [ 80.222219967551993, 12.877210447677692, 0.0 ], [ 80.222272837192307, 12.877198137353597, 0.0 ], [ 80.222515496821629, 12.877141635610219, 0.0 ], [ 80.223591878252321, 12.87690876697364, 0.0 ], [ 80.223682222765419, 12.876892028470202, 0.0 ], [ 80.224349936502108, 12.876768317324121, 0.0 ], [ 80.224646092679805, 12.87671344618369, 0.0 ], [ 80.226064370679453, 12.876575442001066, 0.0 ], [ 80.226775167112621, 12.876506275672718, 0.0 ], [ 80.226788675280474, 12.876504961197927, 0.0 ], [ 80.226790100086603, 12.87650482255634, 0.0 ], [ 80.226790269721505, 12.876502393934409, 0.0 ], [ 80.22679061586615, 12.876497438264339, 0.0 ], [ 80.226791445649653, 12.876485558451508, 0.0 ], [ 80.226867245302827, 12.876478182709006, 0.0 ], [ 80.227080913956129, 12.87645739055379, 0.0 ], [ 80.227100354836367, 12.876300367484561, 0.0 ], [ 80.227654421155847, 12.876259077335758, 0.0 ], [ 80.228062598112643, 12.87622865839734, 0.0 ], [ 80.230181128681494, 12.875820927790054, 0.0 ], [ 80.230212436238034, 12.876016341874319, 0.0 ], [ 80.232093757462593, 12.876172251944487, 0.0 ], [ 80.232425656031296, 12.876139468485789, 0.0 ], [ 80.233606607918873, 12.875834740435501, 0.0 ], [ 80.23453341336014, 12.875595586998152, 0.0 ], [ 80.237072627425277, 12.874940347253244, 0.0 ], [ 80.238475891845894, 12.874663361767338, 0.0 ], [ 80.239431536526851, 12.874474725681621, 0.0 ], [ 80.240328218183649, 12.874297724926603, 0.0 ], [ 80.240637588467976, 12.874236655904356, 0.0 ], [ 80.241340834825763, 12.874075992527102, 0.0 ], [ 80.241457961463766, 12.874049233616978, 0.0 ], [ 80.241828828136448, 12.873964504527438, 0.0 ], [ 80.241657338603375, 12.874973441810582, 0.0 ], [ 80.241265425722048, 12.877660035663208, 0.0 ], [ 80.24111208359416, 12.878711189056009, 0.0 ], [ 80.241050741046863, 12.880605260166442, 0.0 ], [ 80.241037483221817, 12.88101461431684, 0.0 ], [ 80.239771728605632, 12.890465131251357, 0.0 ], [ 80.239702367863487, 12.89098297471903, 0.0 ], [ 80.239672440585451, 12.891193943363499, 0.0 ], [ 80.23958462989421, 12.89181295146569, 0.0 ], [ 80.239498538046135, 12.892377333512488, 0.0 ], [ 80.239231289976559, 12.894129280189413, 0.0 ], [ 80.239194302091946, 12.894372967469609, 0.0 ], [ 80.239175673810166, 12.89449569596148, 0.0 ], [ 80.239118541591381, 12.894872098585481, 0.0 ], [ 80.238915414985613, 12.896210340930157, 0.0 ], [ 80.238878253030222, 12.896786348932858, 0.0 ], [ 80.238971158207889, 12.898105593294627, 0.0 ], [ 80.239061303379657, 12.89874948986173, 0.0 ], [ 80.239101224170213, 12.89903463861511, 0.0 ], [ 80.239115402098676, 12.899119706305296, 0.0 ], [ 80.239173407489218, 12.89946773863123, 0.0 ], [ 80.238650567081336, 12.89955676174621, 0.0 ], [ 80.23805076375227, 12.899650697778288, 0.0 ], [ 80.23734413161732, 12.89973298417423, 0.0 ], [ 80.237098722138228, 12.899761561327507, 0.0 ], [ 80.236385206719689, 12.899825270081456, 0.0 ], [ 80.236062745609004, 12.899869500606368, 0.0 ], [ 80.235982976182001, 12.899880442151867, 0.0 ], [ 80.235974778707202, 12.8998815665542, 0.0 ], [ 80.235807224834986, 12.899904548933829, 0.0 ], [ 80.235659388665638, 12.899924826658658, 0.0 ], [ 80.235138365458397, 12.900042922917301, 0.0 ], [ 80.234601308499947, 12.90022078074181, 0.0 ], [ 80.234332761567103, 12.900315690124369, 0.0 ], [ 80.234238824468704, 12.900353789490767, 0.0 ], [ 80.233696388592321, 12.900573791794891, 0.0 ], [ 80.233038521607796, 12.900717495072422, 0.0 ], [ 80.232958744813487, 12.900727432861169, 0.0 ], [ 80.232433385777369, 12.900792876161399, 0.0 ], [ 80.232357989775537, 12.900801353517089, 0.0 ], [ 80.23202728323335, 12.900844110911461, 0.0 ], [ 80.231678915639932, 12.900888061175857, 0.0 ], [ 80.231253573168274, 12.900894329379557, 0.0 ], [ 80.231002141361415, 12.900898034363957, 0.0 ], [ 80.230280991035059, 12.900903570430261, 0.0 ], [ 80.229811943007661, 12.900926396629357, 0.0 ], [ 80.229386341823911, 12.900947107756329, 0.0 ], [ 80.228073073726407, 12.901046185159156, 0.0 ], [ 80.227777944701842, 12.901090367896499, 0.0 ], [ 80.227707488000519, 12.90101387691991, 0.0 ], [ 80.227390268531806, 12.901017931613048, 0.0 ], [ 80.226679829119377, 12.90102701103873, 0.0 ], [ 80.225895655339883, 12.901037030547569, 0.0 ], [ 80.22502373543098, 12.901091012558799, 0.0 ], [ 80.223646870368455, 12.901157082925719, 0.0 ], [ 80.223580844541274, 12.901160251063272, 0.0 ], [ 80.223570213416792, 12.901160761178241, 0.0 ], [ 80.223218292864701, 12.901193553539358, 0.0 ], [ 80.222677842173809, 12.901246257434666, 0.0 ], [ 80.222532117686583, 12.901262068478438, 0.0 ], [ 80.222314394873464, 12.901288941054789, 0.0 ], [ 80.222313270942465, 12.90128129106192, 0.0 ], [ 80.222197501409099, 12.901291459698371, 0.0 ], [ 80.222199368967836, 12.901303138124108, 0.0 ], [ 80.221788801123964, 12.90135381202052, 0.0 ], [ 80.221665898969007, 12.901368980957058, 0.0 ], [ 80.220833606039278, 12.90147004707652, 0.0 ], [ 80.220313963987337, 12.90153314630906, 0.0 ], [ 80.219704433357577, 12.901607159189471, 0.0 ], [ 80.218591156222359, 12.901715036840487, 0.0 ], [ 80.21819283551585, 12.901753633328839, 0.0 ], [ 80.218123669000747, 12.90176033536388, 0.0 ], [ 80.216980594211577, 12.901987532406336, 0.0 ], [ 80.213667213222067, 12.903260462846481, 0.0 ], [ 80.213632613540312, 12.903271370250907, 0.0 ], [ 80.213613836703857, 12.902918663217037, 0.0 ], [ 80.213608372025021, 12.902816013751822, 0.0 ], [ 80.213606626018205, 12.902783216452448, 0.0 ], [ 80.213606372032231, 12.90277844553458, 0.0 ], [ 80.213546853978528, 12.901660445628494, 0.0 ], [ 80.213502596572951, 12.900829102139509, 0.0 ], [ 80.213475002891244, 12.900310773460641, 0.0 ], [ 80.21343267670035, 12.899515702692391, 0.0 ], [ 80.21331566777198, 12.897317794018248, 0.0 ], [ 80.213257924130289, 12.896233124744457, 0.0 ], [ 80.213268799286624, 12.893615819790181, 0.0 ], [ 80.213272451971591, 12.892736634037949, 0.0 ], [ 80.213274030398608, 12.892356697741949, 0.0 ], [ 80.213274422780401, 12.892262247755218, 0.0 ], [ 80.213275033572842, 12.892115223119808, 0.0 ], [ 80.213276312953795, 12.89180725711444, 0.0 ], [ 80.213276916898607, 12.891661876471071, 0.0 ], [ 80.21327705107538, 12.891629577460403, 0.0 ], [ 80.213277139650472, 12.891608255640532, 0.0 ], [ 80.213276292586912, 12.891597387328522, 0.0 ], [ 80.213129231060861, 12.891619919114168, 0.0 ], [ 80.213117678411081, 12.89155368907659, 0.0 ], [ 80.211868547289228, 12.884392387325653, 0.0 ], [ 80.211310146588303, 12.882245013271183, 0.0 ], [ 80.211125633723498, 12.881535447068741, 0.0 ], [ 80.21094345960536, 12.880834871194729, 0.0 ], [ 80.210658766581091, 12.879740037464961, 0.0 ] ] ] ] } },
{ "type": "Feature", "properties": { "id": null, "Name": "192", "description": null, "timestamp": null, "begin": null, "end": null, "altitudeMode": null, "tessellate": 1, "extrude": 0, "visibility": -1, "drawOrder": null, "icon": null, "id_2": "ID_00016\n", "name2": "192\n" }, "geometry": { "type": "MultiPolygon", "coordinates": [ [ [ [ 80.251976343908908, 12.94034534009867, 0.0 ], [ 80.253040376005785, 12.940507933068599, 0.0 ], [ 80.253032132126151, 12.940481189335518, 0.0 ], [ 80.253094609981829, 12.94048183273153, 0.0 ], [ 80.253761448411382, 12.940323207883038, 0.0 ], [ 80.253794079818661, 12.9403154456053, 0.0 ], [ 80.253990231693138, 12.940268785389367, 0.0 ], [ 80.254485887156832, 12.940150879113339, 0.0 ], [ 80.254488073675944, 12.94015064330422, 0.0 ], [ 80.254698922837164, 12.940127903803129, 0.0 ], [ 80.255171705022889, 12.940076914908531, 0.0 ], [ 80.255263869009838, 12.940066975049088, 0.0 ], [ 80.255490532740737, 12.940042529288331, 0.0 ], [ 80.255998618877186, 12.939987731287458, 0.0 ], [ 80.256010569468813, 12.939984918345079, 0.0 ], [ 80.256669907004564, 12.939829721847952, 0.0 ], [ 80.257306785133835, 12.939679810112571, 0.0 ], [ 80.25737741576657, 12.939665458477798, 0.0 ], [ 80.25742295606652, 12.939656205006377, 0.0 ], [ 80.257687425099775, 12.93959315280849, 0.0 ], [ 80.25778118083899, 12.939573978300359, 0.0 ], [ 80.258414942586413, 12.939444363185091, 0.0 ], [ 80.258988547932191, 12.939296076113818, 0.0 ], [ 80.259288908272609, 12.939218427101032, 0.0 ], [ 80.259492010398532, 12.939165921009174, 0.0 ], [ 80.259513377571693, 12.93916039714324, 0.0 ], [ 80.259677625489573, 12.93991301040333, 0.0 ], [ 80.259686038032243, 12.939946870276369, 0.0 ], [ 80.260289915778856, 12.942377412387138, 0.0 ], [ 80.260477603687946, 12.943361665466909, 0.0 ], [ 80.260581240834156, 12.943818312216301, 0.0 ], [ 80.260633568295091, 12.944134043557698, 0.0 ], [ 80.261485623303997, 12.949097690752616, 0.0 ], [ 80.261753500444911, 12.950543689192914, 0.0 ], [ 80.261887319706901, 12.951086421518418, 0.0 ], [ 80.262007374534335, 12.951564672460409, 0.0 ], [ 80.262099671277909, 12.952101491639549, 0.0 ], [ 80.262164197192135, 12.952383304271098, 0.0 ], [ 80.262452569620109, 12.953746635652772, 0.0 ], [ 80.262459474953118, 12.953778685830011, 0.0 ], [ 80.262630554076949, 12.954688882837221, 0.0 ], [ 80.262773284951237, 12.95561634946036, 0.0 ], [ 80.262783113053629, 12.955669270141362, 0.0 ], [ 80.262910165534151, 12.956344900460371, 0.0 ], [ 80.262508027069032, 12.956373435288707, 0.0 ], [ 80.262399920993118, 12.956372292804705, 0.0 ], [ 80.261731338418628, 12.95638706903685, 0.0 ], [ 80.259858437507731, 12.956423255177919, 0.0 ], [ 80.258991815823322, 12.956439994528226, 0.0 ], [ 80.255246548043161, 12.956907739043539, 0.0 ], [ 80.253554996746757, 12.957113777870809, 0.0 ], [ 80.253514575531767, 12.957170868227587, 0.0 ], [ 80.252594860000116, 12.957340276000064, 0.0 ], [ 80.252577036000048, 12.95781947300015, 0.0 ], [ 80.252121097320185, 12.957799135022828, 0.0 ], [ 80.252016073439975, 12.957753834828821, 0.0 ], [ 80.250825958111719, 12.95776070310934, 0.0 ], [ 80.250302031273421, 12.95773970611941, 0.0 ], [ 80.250222456860058, 12.957823777904986, 0.0 ], [ 80.249858296252455, 12.957547341676133, 0.0 ], [ 80.249832854214802, 12.957377593364129, 0.0 ], [ 80.249804368540879, 12.957170863510289, 0.0 ], [ 80.249727278209107, 12.956848069064341, 0.0 ], [ 80.249625216939791, 12.95657941193976, 0.0 ], [ 80.249603315839451, 12.956253435028138, 0.0 ], [ 80.249522843479511, 12.955878566714858, 0.0 ], [ 80.249402672687054, 12.955280125752111, 0.0 ], [ 80.249241473352313, 12.954251623347931, 0.0 ], [ 80.249066376270804, 12.953544681815305, 0.0 ], [ 80.248909870103788, 12.952862402650902, 0.0 ], [ 80.24887435496079, 12.952419233284472, 0.0 ], [ 80.248644492623782, 12.95098314223053, 0.0 ], [ 80.248443882299171, 12.949997151864769, 0.0 ], [ 80.248048354419055, 12.948053150826759, 0.0 ], [ 80.247831120167476, 12.946734159106828, 0.0 ], [ 80.24779921649116, 12.946540448010909, 0.0 ], [ 80.247744292142741, 12.946500509049839, 0.0 ], [ 80.247436370355118, 12.94511760310418, 0.0 ], [ 80.247803500004252, 12.945018329819087, 0.0 ], [ 80.248206842676979, 12.944930724518048, 0.0 ], [ 80.248686629455534, 12.943840794936611, 0.0 ], [ 80.248960360247494, 12.943227749658069, 0.0 ], [ 80.248964478986181, 12.943230017559859, 0.0 ], [ 80.248980231898742, 12.943218856025528, 0.0 ], [ 80.249417548099018, 12.942209104725467, 0.0 ], [ 80.249740017051792, 12.941467532055697, 0.0 ], [ 80.249804575509359, 12.941106446162383, 0.0 ], [ 80.249888424019815, 12.940658937474367, 0.0 ], [ 80.251976343908908, 12.94034534009867, 0.0 ] ] ] ] } },
{ "type": "Feature", "properties": { "id": null, "Name": "200", "description": null, "timestamp": null, "begin": null, "end": null, "altitudeMode": null, "tessellate": 1, "extrude": 0, "visibility": -1, "drawOrder": null, "icon": null, "id_2": "ID_00017\n", "name2": "200\n" }, "geometry": { "type": "MultiPolygon", "coordinates": [ [ [ [ 80.210537593208144, 12.87947123995119, 0.0 ], [ 80.210442550565091, 12.87934573786205, 0.0 ], [ 80.209444783440688, 12.877534688233927, 0.0 ], [ 80.208855438005614, 12.876464952588638, 0.0 ], [ 80.208308953940559, 12.875451418540178, 0.0 ], [ 80.208029585018139, 12.875015092244542, 0.0 ], [ 80.208086987636648, 12.874771948474422, 0.0 ], [ 80.208251851852651, 12.87428420990638, 0.0 ], [ 80.208717300436447, 12.872907202910991, 0.0 ], [ 80.209927954139843, 12.869731254701772, 0.0 ], [ 80.210257523719747, 12.868866667644339, 0.0 ], [ 80.210328062068825, 12.86866676173795, 0.0 ], [ 80.212755138714911, 12.861788194032899, 0.0 ], [ 80.213222646278751, 12.860527459026919, 0.0 ], [ 80.217253364520886, 12.85587267764447, 0.0 ], [ 80.217397148010875, 12.854937453039829, 0.0 ], [ 80.219973310033126, 12.854153972992981, 0.0 ], [ 80.219890131014665, 12.852477652847609, 0.0 ], [ 80.226405103849316, 12.85234207825679, 0.0 ], [ 80.229612936429248, 12.85237533175296, 0.0 ], [ 80.230210304623029, 12.85226518851108, 0.0 ], [ 80.230951842116141, 12.852258478184178, 0.0 ], [ 80.232153511715623, 12.852092938839659, 0.0 ], [ 80.233272290716698, 12.854234109329772, 0.0 ], [ 80.235512957303214, 12.857434945120207, 0.0 ], [ 80.236837042917386, 12.858919987253, 0.0 ], [ 80.236983226218598, 12.859083939242058, 0.0 ], [ 80.236991203245651, 12.859092885874439, 0.0 ], [ 80.237000485811748, 12.859103296732702, 0.0 ], [ 80.236927337000111, 12.859103084000107, 0.0 ], [ 80.236946753231294, 12.859303968990417, 0.0 ], [ 80.236961646000182, 12.85945805300004, 0.0 ], [ 80.237248572000112, 12.86081144000002, 0.0 ], [ 80.237281598676006, 12.860930556787398, 0.0 ], [ 80.237617380000074, 12.862141608000117, 0.0 ], [ 80.23795244500019, 12.863966150000131, 0.0 ], [ 80.238127864165449, 12.864640658811847, 0.0 ], [ 80.238309161949303, 12.865337768157888, 0.0 ], [ 80.23840482743266, 12.865705610728668, 0.0 ], [ 80.238738184000056, 12.866888943000149, 0.0 ], [ 80.239092348000099, 12.8678194020001, 0.0 ], [ 80.239555006602529, 12.868531119164624, 0.0 ], [ 80.239778677654897, 12.868875195251087, 0.0 ], [ 80.240016303940081, 12.869240737671289, 0.0 ], [ 80.240387888111471, 12.869814153384661, 0.0 ], [ 80.24063660225363, 12.870197958688401, 0.0 ], [ 80.240753794664897, 12.870382828074217, 0.0 ], [ 80.241041753000161, 12.8708370770001, 0.0 ], [ 80.241508544303443, 12.871775105441086, 0.0 ], [ 80.241645352073348, 12.872050022575026, 0.0 ], [ 80.241832612000167, 12.872426323000138, 0.0 ], [ 80.24198132700009, 12.873086089000051, 0.0 ], [ 80.241867137661089, 12.87375791447176, 0.0 ], [ 80.241828828136448, 12.873964504527438, 0.0 ], [ 80.241457961463766, 12.874049233616978, 0.0 ], [ 80.241340834825763, 12.874075992527102, 0.0 ], [ 80.240637588467976, 12.874236655904356, 0.0 ], [ 80.240328218183649, 12.874297724926603, 0.0 ], [ 80.239431536526851, 12.874474725681621, 0.0 ], [ 80.238612565645198, 12.874636383762022, 0.0 ], [ 80.238475891845894, 12.874663361767338, 0.0 ], [ 80.237072627425277, 12.874940347253244, 0.0 ], [ 80.23626788321468, 12.875148013166434, 0.0 ], [ 80.23453341336014, 12.875595586998152, 0.0 ], [ 80.233760495662239, 12.875795031411329, 0.0 ], [ 80.233606607918873, 12.875834740435501, 0.0 ], [ 80.232856226270087, 12.876028366594859, 0.0 ], [ 80.232425656031296, 12.876139468485789, 0.0 ], [ 80.232093757462593, 12.876172251944487, 0.0 ], [ 80.230803549291352, 12.876065330447029, 0.0 ], [ 80.230212436238034, 12.876016341874319, 0.0 ], [ 80.230181128681494, 12.875820927790054, 0.0 ], [ 80.229967139948059, 12.87586211272856, 0.0 ], [ 80.228223026312719, 12.87619778317428, 0.0 ], [ 80.228062598112643, 12.87622865839734, 0.0 ], [ 80.227654421155847, 12.876259077335758, 0.0 ], [ 80.227100354836367, 12.876300367484561, 0.0 ], [ 80.227080913956129, 12.87645739055379, 0.0 ], [ 80.226959369987085, 12.876469218052659, 0.0 ], [ 80.226791445649653, 12.876485558451508, 0.0 ], [ 80.22679061586615, 12.876497438264339, 0.0 ], [ 80.226790269721505, 12.876502393934409, 0.0 ], [ 80.226790100086603, 12.87650482255634, 0.0 ], [ 80.226788675280474, 12.876504961197927, 0.0 ], [ 80.226775167112621, 12.876506275672718, 0.0 ], [ 80.226483156218265, 12.876534690969407, 0.0 ], [ 80.226064370679453, 12.876575442001066, 0.0 ], [ 80.22486585211854, 12.876692063217503, 0.0 ], [ 80.224646092679805, 12.87671344618369, 0.0 ], [ 80.224349936502108, 12.876768317324121, 0.0 ], [ 80.223682222765419, 12.876892028470202, 0.0 ], [ 80.223591878252321, 12.87690876697364, 0.0 ], [ 80.222969964381363, 12.877043314891759, 0.0 ], [ 80.222515496821629, 12.877141635610167, 0.0 ], [ 80.222272837192307, 12.877198137353597, 0.0 ], [ 80.222219967551993, 12.877210447677692, 0.0 ], [ 80.221808192098436, 12.877306326285648, 0.0 ], [ 80.221453428619128, 12.877388929527617, 0.0 ], [ 80.220653450645315, 12.877575194665544, 0.0 ], [ 80.220224720710675, 12.877675018080168, 0.0 ], [ 80.22005693656979, 12.877714083916496, 0.0 ], [ 80.219475321744667, 12.877849502627438, 0.0 ], [ 80.219294527437683, 12.877891597082911, 0.0 ], [ 80.218896252593879, 12.877984327175852, 0.0 ], [ 80.218751995590395, 12.87801791427885, 0.0 ], [ 80.217428287593094, 12.87829670465073, 0.0 ], [ 80.21710839235439, 12.878364077699342, 0.0 ], [ 80.217024772921704, 12.878381688693924, 0.0 ], [ 80.216508816324733, 12.878490353078716, 0.0 ], [ 80.216099884545883, 12.878576476423993, 0.0 ], [ 80.215746872276384, 12.8786349410612, 0.0 ], [ 80.215606411157751, 12.878658203591138, 0.0 ], [ 80.215539542912907, 12.878669277976607, 0.0 ], [ 80.215101181052347, 12.87876244336651, 0.0 ], [ 80.214980717191779, 12.878785410250609, 0.0 ], [ 80.214646689063713, 12.878849093643197, 0.0 ], [ 80.214630626568081, 12.87885215599103, 0.0 ], [ 80.213824579520065, 12.879005829142518, 0.0 ], [ 80.21314922531738, 12.879134583579516, 0.0 ], [ 80.21314587861238, 12.879135234998412, 0.0 ], [ 80.213131238742932, 12.879138084573089, 0.0 ], [ 80.21299839268876, 12.879163942327981, 0.0 ], [ 80.211914595334946, 12.879374894783355, 0.0 ], [ 80.211657483014108, 12.87942731036992, 0.0 ], [ 80.211643148185971, 12.879430232697098, 0.0 ], [ 80.211616246109585, 12.879435717006761, 0.0 ], [ 80.211506817704887, 12.879458025262778, 0.0 ], [ 80.211320529303038, 12.879476712913199, 0.0 ], [ 80.211086594158928, 12.87950164682632, 0.0 ], [ 80.210942059047937, 12.879520547467457, 0.0 ], [ 80.210608014337041, 12.879564229678099, 0.0 ], [ 80.210537593208144, 12.87947123995119, 0.0 ] ] ] ] } },
{ "type": "Feature", "properties": { "id": null, "Name": "194", "description": null, "timestamp": null, "begin": null, "end": null, "altitudeMode": null, "tessellate": 1, "extrude": 0, "visibility": -1, "drawOrder": null, "icon": null, "id_2": "ID_00018\n", "name2": "194\n" }, "geometry": { "type": "MultiPolygon", "coordinates": [ [ [ [ 80.248952565662037, 12.91245220131197, 0.0 ], [ 80.248956810102044, 12.912450356957407, 0.0 ], [ 80.248957071464588, 12.91245417825756, 0.0 ], [ 80.248961937919475, 12.912452032845421, 0.0 ], [ 80.248977340739017, 12.91261425121251, 0.0 ], [ 80.249000755535761, 12.91286084067843, 0.0 ], [ 80.24900912557122, 12.912948986967111, 0.0 ], [ 80.249027756629076, 12.913145199238318, 0.0 ], [ 80.249080596235103, 12.913701689022448, 0.0 ], [ 80.249102902122132, 12.913936602871651, 0.0 ], [ 80.249118963228028, 12.914111303393891, 0.0 ], [ 80.249178786459396, 12.914762013612139, 0.0 ], [ 80.249253682256708, 12.91557666806329, 0.0 ], [ 80.249272945745261, 12.915786199739351, 0.0 ], [ 80.249277830142802, 12.915839331423266, 0.0 ], [ 80.249319607575572, 12.91613418875138, 0.0 ], [ 80.249389314332632, 12.916770994371221, 0.0 ], [ 80.249420313599131, 12.917001981068838, 0.0 ], [ 80.249451880351927, 12.91723719596162, 0.0 ], [ 80.249478411638378, 12.917254991907429, 0.0 ], [ 80.25031158559122, 12.917142026308881, 0.0 ], [ 80.250475831280951, 12.917119839863089, 0.0 ], [ 80.250451491314749, 12.916826900760647, 0.0 ], [ 80.250415687944439, 12.916423674760827, 0.0 ], [ 80.250417957282608, 12.91642330745308, 0.0 ], [ 80.250585650512917, 12.916396165108679, 0.0 ], [ 80.250587974231493, 12.916395788997439, 0.0 ], [ 80.250644002467965, 12.916384349949608, 0.0 ], [ 80.250828506523192, 12.916346680444351, 0.0 ], [ 80.251134560767213, 12.916284194539092, 0.0 ], [ 80.251417791611928, 12.91622636826969, 0.0 ], [ 80.251510632200137, 12.91619724748778, 0.0 ], [ 80.252059077119512, 12.916122250562051, 0.0 ], [ 80.252198788778045, 12.916103145776848, 0.0 ], [ 80.252372144020654, 12.916083850546331, 0.0 ], [ 80.252700575867195, 12.91604729413625, 0.0 ], [ 80.252874680842467, 12.916027915048231, 0.0 ], [ 80.25342794122713, 12.915966332954678, 0.0 ], [ 80.2542481163687, 12.915875038873921, 0.0 ], [ 80.254340592677536, 12.91586449026545, 0.0 ], [ 80.254513909439694, 12.915844719681276, 0.0 ], [ 80.254794233465461, 12.915812743099313, 0.0 ], [ 80.254893595687236, 12.915801408768758, 0.0 ], [ 80.255272787476457, 12.915758153689868, 0.0 ], [ 80.255953240220578, 12.91572164948982, 0.0 ], [ 80.25628325245529, 12.915702756151308, 0.0 ], [ 80.25641110298568, 12.916636742965901, 0.0 ], [ 80.256829092540016, 12.919339475102188, 0.0 ], [ 80.256858859378241, 12.919671827451259, 0.0 ], [ 80.257216741862223, 12.922842560998488, 0.0 ], [ 80.257212473685854, 12.922963637706079, 0.0 ], [ 80.257712058111053, 12.925171300775208, 0.0 ], [ 80.25842461378916, 12.931765451243367, 0.0 ], [ 80.258391427601339, 12.932158146618471, 0.0 ], [ 80.258306701333794, 12.932190662590456, 0.0 ], [ 80.258932615294981, 12.936066480629162, 0.0 ], [ 80.259281874844845, 12.938229134472691, 0.0 ], [ 80.259331521338524, 12.938536548512108, 0.0 ], [ 80.259400826457565, 12.938769611719367, 0.0 ], [ 80.259517036194396, 12.939160407528629, 0.0 ], [ 80.259495669021291, 12.939165931394868, 0.0 ], [ 80.259292566895965, 12.93921843748962, 0.0 ], [ 80.258992206556442, 12.939296086506708, 0.0 ], [ 80.258712155729341, 12.939368484757779, 0.0 ], [ 80.258589902712856, 12.939400089285279, 0.0 ], [ 80.258484742085002, 12.939427275080527, 0.0 ], [ 80.258418601212369, 12.939444373586111, 0.0 ], [ 80.257879494285461, 12.939554630287349, 0.0 ], [ 80.25770541386531, 12.939590232485759, 0.0 ], [ 80.257691083727025, 12.939593163219918, 0.0 ], [ 80.257426614694708, 12.939656215421477, 0.0 ], [ 80.257381074394857, 12.939665468893551, 0.0 ], [ 80.257310443762748, 12.939679820529209, 0.0 ], [ 80.256673565634699, 12.939829732273751, 0.0 ], [ 80.256592998590563, 12.939848696445779, 0.0 ], [ 80.256260750038351, 12.939926902054751, 0.0 ], [ 80.256014228100611, 12.93998492878025, 0.0 ], [ 80.255765690317318, 12.940013258205891, 0.0 ], [ 80.255494191372946, 12.940042539730801, 0.0 ], [ 80.255376285950703, 12.940055255897843, 0.0 ], [ 80.255332582060319, 12.94005996937342, 0.0 ], [ 80.255267527642218, 12.940066985494791, 0.0 ], [ 80.25517536365534, 12.940076925355532, 0.0 ], [ 80.254894314281117, 12.940107236246158, 0.0 ], [ 80.254702581469957, 12.940127914256811, 0.0 ], [ 80.254491732308878, 12.940150653760874, 0.0 ], [ 80.254489545789781, 12.940150889570029, 0.0 ], [ 80.253993890327379, 12.940268795853111, 0.0 ], [ 80.253797738453429, 12.940315456071817, 0.0 ], [ 80.253714463744828, 12.940335265243766, 0.0 ], [ 80.253098268618444, 12.940481843207991, 0.0 ], [ 80.253035790762709, 12.940481199812849, 0.0 ], [ 80.253044034643551, 12.940507943546972, 0.0 ], [ 80.251980002542737, 12.940345350590681, 0.0 ], [ 80.24989208309276, 12.940658946692427, 0.0 ], [ 80.249740578176002, 12.94146754210565, 0.0 ], [ 80.249421207393993, 12.942209118029698, 0.0 ], [ 80.248983926594562, 12.943218909380889, 0.0 ], [ 80.248968166394974, 12.943230123593368, 0.0 ], [ 80.248963948213344, 12.943227585036452, 0.0 ], [ 80.248690825048442, 12.943843280592629, 0.0 ], [ 80.248214761067899, 12.944933525141423, 0.0 ], [ 80.247808152895871, 12.945017072238342, 0.0 ], [ 80.247439998869254, 12.945117660305499, 0.0 ], [ 80.246841149437245, 12.942413540919446, 0.0 ], [ 80.246623437956544, 12.94135468321414, 0.0 ], [ 80.246406094284836, 12.940297769407028, 0.0 ], [ 80.246195178251014, 12.939272717559017, 0.0 ], [ 80.245977269449597, 12.9383848039529, 0.0 ], [ 80.245956421926948, 12.938299856493547, 0.0 ], [ 80.245697883583418, 12.937246389577668, 0.0 ], [ 80.245500422716532, 12.935388718576579, 0.0 ], [ 80.245452749559377, 12.934846107668198, 0.0 ], [ 80.245054370558236, 12.932609847858558, 0.0 ], [ 80.244767909377913, 12.931001817811886, 0.0 ], [ 80.244061069449714, 12.92817232659328, 0.0 ], [ 80.243946919351714, 12.927695368199064, 0.0 ], [ 80.243529349636077, 12.925630672117872, 0.0 ], [ 80.243503228410233, 12.925496835599029, 0.0 ], [ 80.243106628390734, 12.923420318240639, 0.0 ], [ 80.243091486556551, 12.923340215709118, 0.0 ], [ 80.243037593456506, 12.923056998456188, 0.0 ], [ 80.243699427436496, 12.92289742771824, 0.0 ], [ 80.243623190091085, 12.922542245176979, 0.0 ], [ 80.24359318454573, 12.922407610643319, 0.0 ], [ 80.243558300387491, 12.922251085667348, 0.0 ], [ 80.243384812363075, 12.92133822622973, 0.0 ], [ 80.243326522357549, 12.921031505372216, 0.0 ], [ 80.243314915234166, 12.920970428770223, 0.0 ], [ 80.243054899824031, 12.9196102302621, 0.0 ], [ 80.242822477443227, 12.918442397007952, 0.0 ], [ 80.242537921522285, 12.917036959136968, 0.0 ], [ 80.242356138889818, 12.91613911713061, 0.0 ], [ 80.24189031177437, 12.913838326150689, 0.0 ], [ 80.241576236424777, 12.912287039284488, 0.0 ], [ 80.241341706637783, 12.911261172841058, 0.0 ], [ 80.244878973471685, 12.910916110051337, 0.0 ], [ 80.245334447002008, 12.910852262869646, 0.0 ], [ 80.245652609237496, 12.910822742882081, 0.0 ], [ 80.247189531958057, 12.9106387302103, 0.0 ], [ 80.247288069619017, 12.910691623977087, 0.0 ], [ 80.247350687184138, 12.91078652425154, 0.0 ], [ 80.247454334659338, 12.911173593697779, 0.0 ], [ 80.247798181734765, 12.911200535952169, 0.0 ], [ 80.247857320639952, 12.911245048193297, 0.0 ], [ 80.247901404270323, 12.91145770708933, 0.0 ], [ 80.248389175897458, 12.911454145355608, 0.0 ], [ 80.248888721880064, 12.911441265187719, 0.0 ], [ 80.248898116553761, 12.911639100839489, 0.0 ], [ 80.248952565662037, 12.91245220131197, 0.0 ] ] ] ] } },
{ "type": "Feature", "properties": { "id": null, "Name": "184", "description": null, "timestamp": null, "begin": null, "end": null, "altitudeMode": null, "tessellate": 1, "extrude": 0, "visibility": -1, "drawOrder": null, "icon": null, "id_2": "ID_00022\n", "name2": "184\n" }, "geometry": { "type": "MultiPolygon", "coordinates": [ [ [ [ 80.238444331261931, 12.976530869129251, 0.0 ], [ 80.238134271226528, 12.976543524340677, 0.0 ], [ 80.238052406584814, 12.97657352086129, 0.0 ], [ 80.238136608589059, 12.976741957859771, 0.0 ], [ 80.238776396597601, 12.977055367844967, 0.0 ], [ 80.23875132682241, 12.978604274367139, 0.0 ], [ 80.238702548299614, 12.978602923687131, 0.0 ], [ 80.237766622497659, 12.978575991378516, 0.0 ], [ 80.237393813752803, 12.978559387856588, 0.0 ], [ 80.236754682895054, 12.978494679283539, 0.0 ], [ 80.236265363491967, 12.978407976987537, 0.0 ], [ 80.236079370404823, 12.978364411701746, 0.0 ], [ 80.235809055475983, 12.978293261457486, 0.0 ], [ 80.235390404848175, 12.978163490051818, 0.0 ], [ 80.234891728723923, 12.97797205745236, 0.0 ], [ 80.234394725252855, 12.977740422723491, 0.0 ], [ 80.234066396427352, 12.977561147967013, 0.0 ], [ 80.233803940089672, 12.977402122899672, 0.0 ], [ 80.233443993218302, 12.977157216953778, 0.0 ], [ 80.233266268449071, 12.977024951274004, 0.0 ], [ 80.23305284720233, 12.976853483547396, 0.0 ], [ 80.2329327992977, 12.976750687378999, 0.0 ], [ 80.232893223585236, 12.97654856790048, 0.0 ], [ 80.231176460393939, 12.974989740773646, 0.0 ], [ 80.229521615156798, 12.973487107478478, 0.0 ], [ 80.228483362464445, 12.972451964856447, 0.0 ], [ 80.228774787269032, 12.971513308137443, 0.0 ], [ 80.228920224926355, 12.971044861658608, 0.0 ], [ 80.22899267289489, 12.970811510086339, 0.0 ], [ 80.228979348899642, 12.970754733650017, 0.0 ], [ 80.228196367692775, 12.968360046951908, 0.0 ], [ 80.227666411215367, 12.966186206671548, 0.0 ], [ 80.230109776897891, 12.962497817509441, 0.0 ], [ 80.230208955647669, 12.961417623615992, 0.0 ], [ 80.230240176637153, 12.96107758124462, 0.0 ], [ 80.230474254870757, 12.961050308746261, 0.0 ], [ 80.230808510017425, 12.95987980405225, 0.0 ], [ 80.230989800468535, 12.959244953317958, 0.0 ], [ 80.231091073375353, 12.958890309854167, 0.0 ], [ 80.231317933036763, 12.957934986392129, 0.0 ], [ 80.23198478535285, 12.955922862649519, 0.0 ], [ 80.232430118165809, 12.954401048079344, 0.0 ], [ 80.233167957666438, 12.953421123351097, 0.0 ], [ 80.235772885422165, 12.953709185920102, 0.0 ], [ 80.235890357257404, 12.953584008165992, 0.0 ], [ 80.23636958997686, 12.953584089189157, 0.0 ], [ 80.236416899173392, 12.953516179370652, 0.0 ], [ 80.237236200771761, 12.953549426555057, 0.0 ], [ 80.237263379325455, 12.953471063840118, 0.0 ], [ 80.238376226759797, 12.953363935445742, 0.0 ], [ 80.238845360358042, 12.953240549670411, 0.0 ], [ 80.239002149088506, 12.95333157371878, 0.0 ], [ 80.239313888492163, 12.953130621219978, 0.0 ], [ 80.239844552604112, 12.952948187905791, 0.0 ], [ 80.240293075915545, 12.952590718931599, 0.0 ], [ 80.241665217881334, 12.95212665445154, 0.0 ], [ 80.241812024636587, 12.952514915658611, 0.0 ], [ 80.242332187834577, 12.953899183433368, 0.0 ], [ 80.242339364493958, 12.953904203614098, 0.0 ], [ 80.24259668321838, 12.954533264636192, 0.0 ], [ 80.242738650640092, 12.954863819775699, 0.0 ], [ 80.242724580336244, 12.955038968271069, 0.0 ], [ 80.242745704175917, 12.955100941365389, 0.0 ], [ 80.242769700165084, 12.955171339129368, 0.0 ], [ 80.243002562526058, 12.955717928504248, 0.0 ], [ 80.243012199762092, 12.955753511585639, 0.0 ], [ 80.243112542938306, 12.956124009243341, 0.0 ], [ 80.2431151747478, 12.95620652543796, 0.0 ], [ 80.24310593695003, 12.956308221469639, 0.0 ], [ 80.243280190663114, 12.956705446827, 0.0 ], [ 80.243286516497733, 12.956717492008229, 0.0 ], [ 80.243676072699557, 12.957459345635197, 0.0 ], [ 80.243692509080603, 12.957484758108031, 0.0 ], [ 80.243732330831975, 12.957546326939161, 0.0 ], [ 80.243832666629984, 12.957731612762307, 0.0 ], [ 80.244050833278237, 12.958176115721708, 0.0 ], [ 80.244351419184099, 12.958880904689458, 0.0 ], [ 80.244380312482022, 12.958948803752607, 0.0 ], [ 80.244532509137329, 12.959305275259966, 0.0 ], [ 80.244540741403711, 12.95932471332061, 0.0 ], [ 80.244569412380471, 12.959392411856911, 0.0 ], [ 80.244656266875225, 12.9595956731694, 0.0 ], [ 80.244640230254063, 12.95960083901017, 0.0 ], [ 80.243394597095119, 12.960002086355757, 0.0 ], [ 80.243402401923603, 12.96018597148665, 0.0 ], [ 80.24390909178085, 12.962420797539238, 0.0 ], [ 80.241125518482221, 12.963012727885417, 0.0 ], [ 80.240924690249969, 12.963055433031679, 0.0 ], [ 80.240957902466519, 12.963231905366941, 0.0 ], [ 80.241222341533529, 12.96439103301984, 0.0 ], [ 80.240333502379627, 12.9647614248107, 0.0 ], [ 80.240277218907096, 12.964795168177989, 0.0 ], [ 80.24015661776987, 12.964866246222938, 0.0 ], [ 80.24003011484254, 12.964945516260093, 0.0 ], [ 80.239745923439642, 12.965123597592999, 0.0 ], [ 80.239651622827026, 12.965179758851129, 0.0 ], [ 80.23943759531106, 12.96530811215627, 0.0 ], [ 80.23914535276613, 12.9654349768518, 0.0 ], [ 80.23902485873775, 12.965499574204831, 0.0 ], [ 80.23895701779324, 12.965540268370841, 0.0 ], [ 80.238880690313124, 12.965587917630389, 0.0 ], [ 80.238590969355073, 12.965764205066009, 0.0 ], [ 80.238455520824374, 12.96586038450099, 0.0 ], [ 80.238070731107456, 12.9661390345518, 0.0 ], [ 80.237891499734332, 12.966268826567909, 0.0 ], [ 80.237547195774752, 12.966375461750658, 0.0 ], [ 80.236640983678669, 12.96658535088949, 0.0 ], [ 80.236214582710431, 12.966712950564478, 0.0 ], [ 80.236171837707232, 12.966726587044549, 0.0 ], [ 80.236155453402304, 12.966731744007138, 0.0 ], [ 80.236145338540666, 12.9666787485183, 0.0 ], [ 80.236113202034531, 12.966510373386432, 0.0 ], [ 80.235952159624318, 12.966547805945911, 0.0 ], [ 80.235597062827097, 12.966630867010901, 0.0 ], [ 80.235492521491196, 12.96665532028045, 0.0 ], [ 80.23539956971014, 12.966677062596739, 0.0 ], [ 80.235230585298837, 12.965989169695408, 0.0 ], [ 80.235212840919729, 12.965916936604881, 0.0 ], [ 80.235199814793077, 12.965920630787641, 0.0 ], [ 80.23481674896172, 12.96603101450852, 0.0 ], [ 80.234710267660589, 12.966061212171569, 0.0 ], [ 80.233790910588596, 12.966321935941048, 0.0 ], [ 80.233569083663369, 12.96638484405741, 0.0 ], [ 80.233509174144828, 12.966401833818388, 0.0 ], [ 80.233474168180607, 12.966411761164249, 0.0 ], [ 80.233385556378877, 12.966436890571348, 0.0 ], [ 80.233247489153129, 12.966476044963278, 0.0 ], [ 80.233215203650587, 12.96648520077475, 0.0 ], [ 80.233113656335178, 12.96651399843932, 0.0 ], [ 80.23302003772524, 12.966540547571526, 0.0 ], [ 80.23309792976039, 12.966834002262608, 0.0 ], [ 80.233114947250201, 12.96689811479464, 0.0 ], [ 80.233123825056225, 12.966931561467819, 0.0 ], [ 80.233165990206459, 12.967096988032868, 0.0 ], [ 80.233163804590802, 12.967132163416036, 0.0 ], [ 80.2331626076936, 12.96715142631958, 0.0 ], [ 80.23317212060897, 12.96715153877993, 0.0 ], [ 80.233199389634038, 12.967151861148562, 0.0 ], [ 80.233213149121752, 12.967152023809218, 0.0 ], [ 80.233238671989142, 12.967152325531217, 0.0 ], [ 80.233302228723431, 12.967153076864818, 0.0 ], [ 80.23332223177357, 12.967153313326889, 0.0 ], [ 80.233404575773079, 12.967154286724014, 0.0 ], [ 80.233423125866736, 12.96715450600303, 0.0 ], [ 80.233427802815669, 12.967154561288632, 0.0 ], [ 80.233500006453184, 12.96715541478761, 0.0 ], [ 80.233621943467099, 12.967156856125392, 0.0 ], [ 80.233634825083598, 12.967157008387233, 0.0 ], [ 80.233649835670363, 12.967157185812878, 0.0 ], [ 80.233805583184036, 12.96715934267813, 0.0 ], [ 80.233987791839979, 12.967161865871551, 0.0 ], [ 80.23410242874705, 12.967163933829889, 0.0 ], [ 80.234120186501798, 12.967164254161093, 0.0 ], [ 80.234364701213636, 12.967170072961011, 0.0 ], [ 80.234538512008555, 12.967174209056067, 0.0 ], [ 80.234552152638187, 12.96717453365091, 0.0 ], [ 80.23463490106964, 12.967172697680439, 0.0 ], [ 80.234652748552975, 12.967172301688118, 0.0 ], [ 80.234673694095079, 12.967171836955893, 0.0 ], [ 80.234743178766777, 12.967170295242669, 0.0 ], [ 80.234802010086113, 12.967168989889549, 0.0 ], [ 80.234804982042021, 12.96716892394725, 0.0 ], [ 80.23481379231167, 12.967168728463148, 0.0 ], [ 80.234860172930254, 12.967167699355468, 0.0 ], [ 80.234886202496426, 12.967167121799672, 0.0 ], [ 80.234917792858923, 12.967166420854932, 0.0 ], [ 80.234956979427892, 12.967165551355921, 0.0 ], [ 80.234982639277689, 12.96716744216285, 0.0 ], [ 80.235008052726812, 12.967169314810619, 0.0 ], [ 80.235086083346076, 12.967175064658623, 0.0 ], [ 80.235131389026819, 12.967178403090848, 0.0 ], [ 80.235160436263641, 12.96718054348562, 0.0 ], [ 80.235164661764514, 12.967180854848541, 0.0 ], [ 80.235234724508516, 12.967189930379988, 0.0 ], [ 80.235255034093484, 12.967192561165101, 0.0 ], [ 80.23526341866409, 12.967193647252971, 0.0 ], [ 80.2353015312477, 12.967198584128958, 0.0 ], [ 80.235346740131519, 12.967202032679348, 0.0 ], [ 80.235346906578997, 12.96720446177032, 0.0 ], [ 80.235350605978283, 12.96720494096739, 0.0 ], [ 80.235361077222919, 12.96720629734671, 0.0 ], [ 80.235353782996455, 12.96723096557327, 0.0 ], [ 80.235350521125227, 12.967241996841, 0.0 ], [ 80.235349724023607, 12.967244692545469, 0.0 ], [ 80.235349687268709, 12.967245042427383, 0.0 ], [ 80.235349130545316, 12.96725034205887, 0.0 ], [ 80.235349692960881, 12.967254864716031, 0.0 ], [ 80.235350708250536, 12.967259942366573, 0.0 ], [ 80.23535433821047, 12.96727809646316, 0.0 ], [ 80.235353838990804, 12.967273824631931, 0.0 ], [ 80.235356361348849, 12.967288214549088, 0.0 ], [ 80.235362838291167, 12.967320606919831, 0.0 ], [ 80.235364165255021, 12.96732724330737, 0.0 ], [ 80.235365307343827, 12.96733063741577, 0.0 ], [ 80.235367310774365, 12.967335164305338, 0.0 ], [ 80.235369892955859, 12.967338562643448, 0.0 ], [ 80.235373339930618, 12.967341963521511, 0.0 ], [ 80.235380817004454, 12.967346506487599, 0.0 ], [ 80.235451208732158, 12.967375391554461, 0.0 ], [ 80.235462288714402, 12.967379938194799, 0.0 ], [ 80.235467977496853, 12.967382272570807, 0.0 ], [ 80.235473925432501, 12.96738471328943, 0.0 ], [ 80.235489012061421, 12.967390904044258, 0.0 ], [ 80.235498516727901, 12.967392062207459, 0.0 ], [ 80.235552201015153, 12.967392219852947, 0.0 ], [ 80.235566967099572, 12.967392263212057, 0.0 ], [ 80.235582622543987, 12.967392309181761, 0.0 ], [ 80.235588059357454, 12.967392325145864, 0.0 ], [ 80.235643148351173, 12.967392486897218, 0.0 ], [ 80.235771673689086, 12.967408021020782, 0.0 ], [ 80.235808237929561, 12.967412440319839, 0.0 ], [ 80.235887376649302, 12.967422590392911, 0.0 ], [ 80.236121006518331, 12.967432318037508, 0.0 ], [ 80.23620906709634, 12.967446232231179, 0.0 ], [ 80.236216912062361, 12.967447471788699, 0.0 ], [ 80.236310142416116, 12.967462202802979, 0.0 ], [ 80.236389039578413, 12.967474669049848, 0.0 ], [ 80.236398872830151, 12.967476222762958, 0.0 ], [ 80.236427124105688, 12.96748068664812, 0.0 ], [ 80.23659096712386, 12.96750408928639, 0.0 ], [ 80.236734119484723, 12.967524536471988, 0.0 ], [ 80.236761597551634, 12.96752800250683, 0.0 ], [ 80.236836878921139, 12.967537498320301, 0.0 ], [ 80.236883451323209, 12.967543372814427, 0.0 ], [ 80.236977879154608, 12.967555283551793, 0.0 ], [ 80.237027687535232, 12.967561566168046, 0.0 ], [ 80.237037027035683, 12.967562744210998, 0.0 ], [ 80.237046026194946, 12.96756387932613, 0.0 ], [ 80.237284163717419, 12.967607526698858, 0.0 ], [ 80.237489486709507, 12.967640905478833, 0.0 ], [ 80.237512337322087, 12.967644930489808, 0.0 ], [ 80.237498864367225, 12.967674832862301, 0.0 ], [ 80.237464395632244, 12.96775910213085, 0.0 ], [ 80.23735436230416, 12.968028111947687, 0.0 ], [ 80.237307281646252, 12.968143214883757, 0.0 ], [ 80.237286988503769, 12.968192827620472, 0.0 ], [ 80.237252651428918, 12.9682767750057, 0.0 ], [ 80.237218314354124, 12.968360722390972, 0.0 ], [ 80.237183977279301, 12.96844466977603, 0.0 ], [ 80.237179305568347, 12.968456091189161, 0.0 ], [ 80.237144968493709, 12.968540038574179, 0.0 ], [ 80.237110631418872, 12.968623985959445, 0.0 ], [ 80.237109831389915, 12.968625941872808, 0.0 ], [ 80.237128266431341, 12.96870793334349, 0.0 ], [ 80.237147141242161, 12.968791880727307, 0.0 ], [ 80.237166016052996, 12.96887582811131, 0.0 ], [ 80.237184890863816, 12.96895977549511, 0.0 ], [ 80.237191867594319, 12.968990805118727, 0.0 ], [ 80.237209519824376, 12.969069314967689, 0.0 ], [ 80.237268482486215, 12.969331556600578, 0.0 ], [ 80.237287197409273, 12.969414792869687, 0.0 ], [ 80.237347473413337, 12.96957600486855, 0.0 ], [ 80.237426245515579, 12.969965407573849, 0.0 ], [ 80.237439550725696, 12.970031180666449, 0.0 ], [ 80.237474526428912, 12.970204079866377, 0.0 ], [ 80.237471361510515, 12.97020679496215, 0.0 ], [ 80.237484968711456, 12.970222656531167, 0.0 ], [ 80.237510571310324, 12.970252501320518, 0.0 ], [ 80.237544773183046, 12.970292370229588, 0.0 ], [ 80.237562418259728, 12.970283782275141, 0.0 ], [ 80.237566742274439, 12.97028167730215, 0.0 ], [ 80.237758428330054, 12.97056204758484, 0.0 ], [ 80.237806579538798, 12.970632476119148, 0.0 ], [ 80.237833668234799, 12.970672097495678, 0.0 ], [ 80.237921722808736, 12.970817338589059, 0.0 ], [ 80.237953954554641, 12.97084992001164, 0.0 ], [ 80.237956537728238, 12.970853318329763, 0.0 ], [ 80.238015388794025, 12.97093389457998, 0.0 ], [ 80.238053887309093, 12.970986605027081, 0.0 ], [ 80.23807179914489, 12.971011129215942, 0.0 ], [ 80.238120627543594, 12.971077983160219, 0.0 ], [ 80.238147763012094, 12.971115135988338, 0.0 ], [ 80.238218784476359, 12.971212375814702, 0.0 ], [ 80.238221075641192, 12.971216903527612, 0.0 ], [ 80.238291175887298, 12.971355825843512, 0.0 ], [ 80.238322743980831, 12.97141838588659, 0.0 ], [ 80.238341457645774, 12.971455142378838, 0.0 ], [ 80.238562757953247, 12.97181953011035, 0.0 ], [ 80.238756916477797, 12.97213922683893, 0.0 ], [ 80.24028294947739, 12.972033233803071, 0.0 ], [ 80.240387018453418, 12.972764712877476, 0.0 ], [ 80.240389256800427, 12.972780445750971, 0.0 ], [ 80.240500882066925, 12.972759579130869, 0.0 ], [ 80.240511381675844, 12.972812731621289, 0.0 ], [ 80.240396921775428, 12.972834321257698, 0.0 ], [ 80.240416307088154, 12.972970576567958, 0.0 ], [ 80.240540276521926, 12.973841931799349, 0.0 ], [ 80.240879987522092, 12.973832536791418, 0.0 ], [ 80.241910801530835, 12.97412951576759, 0.0 ], [ 80.241908121799042, 12.974166452259988, 0.0 ], [ 80.241825884559205, 12.975299981771251, 0.0 ], [ 80.240792283121792, 12.975376808409088, 0.0 ], [ 80.240749009046596, 12.975590454204053, 0.0 ], [ 80.240719534593424, 12.975713565644899, 0.0 ], [ 80.240669549150269, 12.97604458355644, 0.0 ], [ 80.24058028340761, 12.976431154195028, 0.0 ], [ 80.240553315134477, 12.976607388935376, 0.0 ], [ 80.240552503135675, 12.97660740582536, 0.0 ], [ 80.240456386518289, 12.976607956932559, 0.0 ], [ 80.240197911542268, 12.976607202212932, 0.0 ], [ 80.23998818639906, 12.976597547611508, 0.0 ], [ 80.239656444912157, 12.976550766355338, 0.0 ], [ 80.239636249390529, 12.976547918439431, 0.0 ], [ 80.239408647063584, 12.976542732130991, 0.0 ], [ 80.239277519837728, 12.97653097499248, 0.0 ], [ 80.239135003732869, 12.976518196703221, 0.0 ], [ 80.238857240818433, 12.976521905221771, 0.0 ], [ 80.238648654590392, 12.976516773883873, 0.0 ], [ 80.238444331261931, 12.976530869129251, 0.0 ] ] ] ] } },
{ "type": "Feature", "properties": { "id": null, "Name": "181", "description": null, "timestamp": null, "begin": null, "end": null, "altitudeMode": null, "tessellate": 1, "extrude": 0, "visibility": -1, "drawOrder": null, "icon": null, "id_2": "ID_00023\n", "name2": "181\n" }, "geometry": { "type": "MultiPolygon", "coordinates": [ [ [ [ 80.252933036188182, 12.979956078053597, 0.0 ], [ 80.252842199681155, 12.979960167023947, 0.0 ], [ 80.252820503215332, 12.97981898976504, 0.0 ], [ 80.252818008197096, 12.979758305044889, 0.0 ], [ 80.252807894252783, 12.97951231010809, 0.0 ], [ 80.252806782260137, 12.979498743861141, 0.0 ], [ 80.252759203554561, 12.979125623232699, 0.0 ], [ 80.25275721997572, 12.979114314990181, 0.0 ], [ 80.252710910445685, 12.978892929678141, 0.0 ], [ 80.252685065891598, 12.978769380107421, 0.0 ], [ 80.252676506548127, 12.97874109915626, 0.0 ], [ 80.252555199257372, 12.978453665997069, 0.0 ], [ 80.252545745633171, 12.978435554762189, 0.0 ], [ 80.252443222994771, 12.97826279146879, 0.0 ], [ 80.252414730798264, 12.978214778662828, 0.0 ], [ 80.252399809123702, 12.978194391200031, 0.0 ], [ 80.252324921032596, 12.978105818796537, 0.0 ], [ 80.252200553503727, 12.977958725569927, 0.0 ], [ 80.252199447230225, 12.9779577557963, 0.0 ], [ 80.252197967604403, 12.977956457627609, 0.0 ], [ 80.252017914822616, 12.977754754703453, 0.0 ], [ 80.252015905174915, 12.977752488416382, 0.0 ], [ 80.251943098880943, 12.977674240880813, 0.0 ], [ 80.251871441444351, 12.977597228155849, 0.0 ], [ 80.251768054734114, 12.977467917719729, 0.0 ], [ 80.251684857455544, 12.977363859119407, 0.0 ], [ 80.251658410086577, 12.977338349445068, 0.0 ], [ 80.251661429394417, 12.977336387953299, 0.0 ], [ 80.251639132830931, 12.977319755663251, 0.0 ], [ 80.251607287279469, 12.977289039193691, 0.0 ], [ 80.251574885332246, 12.977236954280961, 0.0 ], [ 80.251474365643631, 12.977032089052736, 0.0 ], [ 80.251443283376375, 12.976935850095467, 0.0 ], [ 80.2513687483019, 12.97670506970173, 0.0 ], [ 80.251251120014331, 12.97634086127119, 0.0 ], [ 80.251233134506165, 12.976285427048834, 0.0 ], [ 80.25119887441025, 12.976180214796791, 0.0 ], [ 80.251168202476265, 12.976073391548788, 0.0 ], [ 80.251124007798154, 12.975919471712437, 0.0 ], [ 80.251074080007214, 12.97574558477146, 0.0 ], [ 80.250965119402338, 12.975366096107001, 0.0 ], [ 80.250964139388941, 12.975362685342867, 0.0 ], [ 80.250925535924367, 12.97522823579625, 0.0 ], [ 80.250911970978905, 12.975180990089211, 0.0 ], [ 80.250800193077353, 12.974791690784237, 0.0 ], [ 80.250785848915555, 12.97474173202585, 0.0 ], [ 80.250726949385154, 12.974536596680499, 0.0 ], [ 80.250691205530885, 12.974404289498942, 0.0 ], [ 80.250551919602856, 12.973888717549878, 0.0 ], [ 80.250465854696543, 12.973570145156369, 0.0 ], [ 80.25041301519947, 12.973374557828496, 0.0 ], [ 80.250405843258591, 12.973344382310085, 0.0 ], [ 80.250401817591651, 12.973329481090108, 0.0 ], [ 80.250393417941268, 12.97330089827258, 0.0 ], [ 80.250363365977321, 12.97319863570597, 0.0 ], [ 80.250304288748879, 12.97299760428597, 0.0 ], [ 80.250303418319291, 12.972994642337598, 0.0 ], [ 80.250288031392202, 12.972942177631969, 0.0 ], [ 80.25028716193232, 12.972939213040588, 0.0 ], [ 80.250252786204626, 12.972821769226938, 0.0 ], [ 80.250218833171871, 12.972705769540307, 0.0 ], [ 80.250132867494642, 12.9724120699553, 0.0 ], [ 80.250103248661901, 12.972296698663431, 0.0 ], [ 80.250106079599519, 12.972295853430531, 0.0 ], [ 80.250106998035506, 12.972295579213096, 0.0 ], [ 80.250093685392827, 12.972246969492582, 0.0 ], [ 80.250092747931149, 12.972243546449969, 0.0 ], [ 80.250089579101328, 12.972243537318549, 0.0 ], [ 80.250073865160246, 12.972182787409126, 0.0 ], [ 80.250057237343071, 12.97211850446533, 0.0 ], [ 80.250017876311631, 12.971966335185805, 0.0 ], [ 80.250014385537952, 12.97195284526023, 0.0 ], [ 80.249871739683684, 12.971385046451546, 0.0 ], [ 80.24987945381578, 12.971385068685329, 0.0 ], [ 80.249880959407179, 12.971385073024758, 0.0 ], [ 80.249859855169859, 12.971334348551428, 0.0 ], [ 80.249858360332027, 12.971330755677871, 0.0 ], [ 80.249795719950953, 12.971081919157969, 0.0 ], [ 80.249732889155098, 12.970881579031769, 0.0 ], [ 80.249624319080425, 12.97053539208707, 0.0 ], [ 80.249536014645187, 12.970253824235259, 0.0 ], [ 80.24931493497219, 12.969642863803999, 0.0 ], [ 80.249313701450845, 12.96963945501604, 0.0 ], [ 80.248940286229413, 12.968780514752607, 0.0 ], [ 80.248868759201414, 12.96859692323711, 0.0 ], [ 80.248709955980317, 12.968189312974239, 0.0 ], [ 80.251560985101889, 12.967832856722158, 0.0 ], [ 80.251577542330892, 12.967831072325017, 0.0 ], [ 80.252200520089175, 12.967712024711791, 0.0 ], [ 80.252204859521115, 12.967711195469692, 0.0 ], [ 80.252296410543863, 12.967693700712966, 0.0 ], [ 80.252861468775734, 12.967522146209239, 0.0 ], [ 80.253008205525759, 12.967379288880576, 0.0 ], [ 80.253707771711177, 12.967308020325577, 0.0 ], [ 80.254185916013469, 12.967464096352558, 0.0 ], [ 80.254411736793486, 12.967389226663069, 0.0 ], [ 80.254849492459357, 12.967244090253891, 0.0 ], [ 80.254995228176895, 12.96713606607088, 0.0 ], [ 80.255476810617111, 12.966985631382499, 0.0 ], [ 80.255927642534019, 12.966940899866039, 0.0 ], [ 80.255961636255051, 12.966885375756469, 0.0 ], [ 80.256879959599374, 12.966728443607408, 0.0 ], [ 80.258289178479288, 12.966487615770989, 0.0 ], [ 80.261946917818946, 12.965862489616788, 0.0 ], [ 80.264570705386248, 12.965414037385711, 0.0 ], [ 80.265638532516974, 12.971214160607186, 0.0 ], [ 80.265733822880122, 12.9712233548847, 0.0 ], [ 80.265643179930478, 12.971239405601247, 0.0 ], [ 80.266652941037194, 12.974336134645311, 0.0 ], [ 80.265568007433217, 12.974153268642409, 0.0 ], [ 80.265511185410233, 12.974143691038989, 0.0 ], [ 80.263393849091727, 12.973963606411434, 0.0 ], [ 80.263382637721406, 12.973982382155389, 0.0 ], [ 80.263369769855856, 12.974000107043446, 0.0 ], [ 80.263355347331185, 12.974016639402928, 0.0 ], [ 80.2633394830101, 12.974031850251849, 0.0 ], [ 80.263325372871464, 12.97403747605904, 0.0 ], [ 80.263310541831075, 12.974040876382491, 0.0 ], [ 80.263295350632688, 12.97404196815177, 0.0 ], [ 80.263280172763416, 12.97404072439471, 0.0 ], [ 80.263191483092001, 12.97403210394762, 0.0 ], [ 80.263109688704759, 12.97402640549821, 0.0 ], [ 80.263061949835731, 12.974024193340995, 0.0 ], [ 80.26301354295579, 12.974022147465538, 0.0 ], [ 80.262924434449999, 12.974020819065741, 0.0 ], [ 80.262840608303236, 12.974022531976624, 0.0 ], [ 80.262756855238834, 12.974026352771139, 0.0 ], [ 80.262673228737356, 12.974032278888009, 0.0 ], [ 80.262589785973375, 12.974040305968199, 0.0 ], [ 80.262431341823174, 12.974055861343981, 0.0 ], [ 80.262369083853187, 12.974063826332861, 0.0 ], [ 80.26218311789178, 12.974087618611748, 0.0 ], [ 80.262182950957254, 12.974087639903459, 0.0 ], [ 80.26214029085601, 12.974093097822408, 0.0 ], [ 80.262028924693496, 12.97410734513884, 0.0 ], [ 80.261631380080829, 12.974163543997358, 0.0 ], [ 80.26144599216957, 12.974190434285561, 0.0 ], [ 80.261445775439825, 12.974190465517509, 0.0 ], [ 80.261406111786471, 12.974196219030731, 0.0 ], [ 80.261400875421316, 12.974196978357318, 0.0 ], [ 80.260988076887827, 12.974235772175636, 0.0 ], [ 80.260744789097615, 12.974258138335589, 0.0 ], [ 80.260602668971046, 12.974272020971272, 0.0 ], [ 80.260410702843103, 12.974305654370248, 0.0 ], [ 80.259637933887987, 12.974383750168318, 0.0 ], [ 80.259652934527423, 12.974455496315832, 0.0 ], [ 80.259677721432752, 12.974585139434108, 0.0 ], [ 80.259698301635012, 12.974689111952896, 0.0 ], [ 80.259699037487849, 12.974690947774548, 0.0 ], [ 80.259700394044287, 12.974692403787458, 0.0 ], [ 80.259700752178134, 12.97469258022233, 0.0 ], [ 80.259663825357407, 12.974702873516152, 0.0 ], [ 80.259346581524213, 12.974776193247981, 0.0 ], [ 80.25932878920014, 12.974781689898917, 0.0 ], [ 80.259308751041843, 12.974794613625193, 0.0 ], [ 80.259293073313529, 12.974812413481528, 0.0 ], [ 80.259282948473938, 12.974833735652059, 0.0 ], [ 80.259280294954422, 12.97484993958984, 0.0 ], [ 80.259278758803077, 12.974859320864949, 0.0 ], [ 80.259287088204985, 12.97489791253809, 0.0 ], [ 80.259315865044357, 12.97503669137023, 0.0 ], [ 80.259331446137438, 12.975111667194392, 0.0 ], [ 80.259352791515667, 12.97521438235181, 0.0 ], [ 80.259385562932394, 12.975369528712299, 0.0 ], [ 80.259385487265604, 12.975372042186672, 0.0 ], [ 80.259384619009381, 12.9753738219034, 0.0 ], [ 80.259383159161303, 12.975375178576332, 0.0 ], [ 80.259381300944085, 12.975375934627568, 0.0 ], [ 80.259239004901943, 12.975405722754038, 0.0 ], [ 80.259036776379489, 12.97544854875493, 0.0 ], [ 80.258873553725039, 12.975479883852419, 0.0 ], [ 80.258871554769215, 12.97547990618871, 0.0 ], [ 80.258869667616196, 12.975479224467907, 0.0 ], [ 80.258867213050792, 12.975476182060119, 0.0 ], [ 80.258822647383013, 12.975336730698389, 0.0 ], [ 80.258752932787274, 12.97511001972661, 0.0 ], [ 80.258742269371012, 12.975075339311481, 0.0 ], [ 80.258615690488014, 12.97466825645477, 0.0 ], [ 80.258588067911958, 12.974568235074813, 0.0 ], [ 80.25856206247181, 12.974467300532289, 0.0 ], [ 80.258404393079616, 12.974466448838488, 0.0 ], [ 80.258350033393995, 12.974486321137141, 0.0 ], [ 80.258290154608133, 12.974505273486706, 0.0 ], [ 80.258229439050083, 12.974521600338413, 0.0 ], [ 80.25816801221346, 12.974535267689699, 0.0 ], [ 80.25803683266588, 12.974559578454649, 0.0 ], [ 80.257757528783259, 12.974601469372956, 0.0 ], [ 80.257712056974739, 12.974608309266619, 0.0 ], [ 80.257175908953457, 12.9746885952457, 0.0 ], [ 80.257110184911937, 12.974698437057498, 0.0 ], [ 80.256786624018687, 12.974750457851437, 0.0 ], [ 80.256731777733165, 12.974764767553602, 0.0 ], [ 80.256748872897177, 12.974807758869769, 0.0 ], [ 80.25679419929385, 12.974922234954551, 0.0 ], [ 80.256813705349842, 12.974982388590417, 0.0 ], [ 80.256853335678002, 12.975104601082439, 0.0 ], [ 80.256896277139973, 12.97523702693865, 0.0 ], [ 80.256896528564255, 12.97523898435526, 0.0 ], [ 80.256896048970077, 12.975240899899298, 0.0 ], [ 80.256894902723971, 12.975242521481061, 0.0 ], [ 80.256893241673325, 12.975243633429882, 0.0 ], [ 80.256892617730102, 12.975243860411478, 0.0 ], [ 80.256683960102578, 12.9753061925044, 0.0 ], [ 80.25651429501454, 12.975358118142967, 0.0 ], [ 80.256479858173236, 12.975367833067601, 0.0 ], [ 80.256382642711458, 12.975380304523142, 0.0 ], [ 80.256048504618434, 12.975499773077461, 0.0 ], [ 80.256001870379023, 12.975516711108348, 0.0 ], [ 80.256001814984941, 12.975516731713178, 0.0 ], [ 80.255584156671318, 12.975671797168941, 0.0 ], [ 80.255576079778564, 12.97567186357581, 0.0 ], [ 80.255568261676103, 12.975669858286521, 0.0 ], [ 80.255561244087801, 12.975665919386069, 0.0 ], [ 80.255555516696987, 12.975660322249642, 0.0 ], [ 80.255554422329411, 12.975658448319809, 0.0 ], [ 80.25554423276624, 12.97564314534568, 0.0 ], [ 80.255532467842087, 12.975628970831638, 0.0 ], [ 80.255516579502, 12.975606511953339, 0.0 ], [ 80.255503101943773, 12.975582585215426, 0.0 ], [ 80.255492176415714, 12.975557438774228, 0.0 ], [ 80.255454412354496, 12.975358469982018, 0.0 ], [ 80.25545086851163, 12.975339798858688, 0.0 ], [ 80.255427718645592, 12.975204206857239, 0.0 ], [ 80.255395600916984, 12.975209480492978, 0.0 ], [ 80.255423856435641, 12.97537958340485, 0.0 ], [ 80.255226042994266, 12.975393870605066, 0.0 ], [ 80.254977130742247, 12.975401942516919, 0.0 ], [ 80.254907377763175, 12.975404204726191, 0.0 ], [ 80.254407428203365, 12.975437310416472, 0.0 ], [ 80.254305511745883, 12.975444094641368, 0.0 ], [ 80.25402001438718, 12.97546060530885, 0.0 ], [ 80.253988567913098, 12.97546244754154, 0.0 ], [ 80.253803542599826, 12.975473287213267, 0.0 ], [ 80.253747050625194, 12.97547526001531, 0.0 ], [ 80.253303868899181, 12.975549841267227, 0.0 ], [ 80.253312486167331, 12.975751819930689, 0.0 ], [ 80.253361674070504, 12.9759065347413, 0.0 ], [ 80.253447247674742, 12.976660407283246, 0.0 ], [ 80.253470212663558, 12.976904363875651, 0.0 ], [ 80.253486338101425, 12.977004778666249, 0.0 ], [ 80.253502935073243, 12.977108129679339, 0.0 ], [ 80.253514284455434, 12.977151105776286, 0.0 ], [ 80.253587280249064, 12.977533311046388, 0.0 ], [ 80.253600312045648, 12.977613542533634, 0.0 ], [ 80.253639883023823, 12.97780873803373, 0.0 ], [ 80.253658669226667, 12.978079058439478, 0.0 ], [ 80.253670136125166, 12.978484897981522, 0.0 ], [ 80.253695432786117, 12.978819352998258, 0.0 ], [ 80.253696885753257, 12.97888310120501, 0.0 ], [ 80.253695554785921, 12.97903540492519, 0.0 ], [ 80.253701114317792, 12.979068627391381, 0.0 ], [ 80.253720783010067, 12.979186162853818, 0.0 ], [ 80.253695521698774, 12.979309197708858, 0.0 ], [ 80.253690763321302, 12.97933646956899, 0.0 ], [ 80.253667098785527, 12.979472098869289, 0.0 ], [ 80.253672592266255, 12.979521046513138, 0.0 ], [ 80.253689740589749, 12.979696233009186, 0.0 ], [ 80.253685415565144, 12.979813923277508, 0.0 ], [ 80.253681570130894, 12.979918563022588, 0.0 ], [ 80.253688725765699, 12.980020301784579, 0.0 ], [ 80.25369747998873, 12.981282360774077, 0.0 ], [ 80.253698475171262, 12.981425834464396, 0.0 ], [ 80.253701340260335, 12.981838892060646, 0.0 ], [ 80.253607981758535, 12.981823941845738, 0.0 ], [ 80.253460637763609, 12.981793621362826, 0.0 ], [ 80.253378499417948, 12.981776718382042, 0.0 ], [ 80.253126304910239, 12.981722414756669, 0.0 ], [ 80.253125659992065, 12.98172227589686, 0.0 ], [ 80.253117592257254, 12.981719923687498, 0.0 ], [ 80.253078022159755, 12.981712018807428, 0.0 ], [ 80.253053391945983, 12.981701629297998, 0.0 ], [ 80.253051419061833, 12.981700630378768, 0.0 ], [ 80.253020291665862, 12.981691554938138, 0.0 ], [ 80.252988952351586, 12.981670935480357, 0.0 ], [ 80.252990285604241, 12.981664482883652, 0.0 ], [ 80.252984798996977, 12.981660662653921, 0.0 ], [ 80.252976765420172, 12.981654188991218, 0.0 ], [ 80.252964079469436, 12.981643966700357, 0.0 ], [ 80.253004909418109, 12.981579169672989, 0.0 ], [ 80.253032134365853, 12.981535963724802, 0.0 ], [ 80.253089984953988, 12.981444154872079, 0.0 ], [ 80.253074119728808, 12.980809199057795, 0.0 ], [ 80.253071848118353, 12.98071828501527, 0.0 ], [ 80.25306198674356, 12.980323614692169, 0.0 ], [ 80.253060398730597, 12.980261324804628, 0.0 ], [ 80.25303944193152, 12.979951288199462, 0.0 ], [ 80.252933036188182, 12.979956078053597, 0.0 ] ] ] ] } },
{ "type": "Feature", "properties": { "id": null, "Name": "183", "description": null, "timestamp": null, "begin": null, "end": null, "altitudeMode": null, "tessellate": 1, "extrude": 0, "visibility": -1, "drawOrder": null, "icon": null, "id_2": "ID_00024\n", "name2": "183\n" }, "geometry": { "type": "MultiPolygon", "coordinates": [ [ [ [ 80.252200520089175, 12.967712024711791, 0.0 ], [ 80.251577542330892, 12.967831072325017, 0.0 ], [ 80.251562733850918, 12.967832921945178, 0.0 ], [ 80.251555802863933, 12.9678274512298, 0.0 ], [ 80.2515061656961, 12.967560342548358, 0.0 ], [ 80.251312329942778, 12.96662544743832, 0.0 ], [ 80.251206466524962, 12.96604329216211, 0.0 ], [ 80.251097623499348, 12.965312924691288, 0.0 ], [ 80.251078928769715, 12.965196138162982, 0.0 ], [ 80.251075856067231, 12.965177887005959, 0.0 ], [ 80.25107241174031, 12.965162127670856, 0.0 ], [ 80.251072504857234, 12.965162127938701, 0.0 ], [ 80.251004931742017, 12.96476520474145, 0.0 ], [ 80.250999249615774, 12.964731827990912, 0.0 ], [ 80.250902468867622, 12.964226999129009, 0.0 ], [ 80.250889455214988, 12.964158965535729, 0.0 ], [ 80.250878563509971, 12.964102028551961, 0.0 ], [ 80.250601227000075, 12.962808406729449, 0.0 ], [ 80.250597274479247, 12.96278144681451, 0.0 ], [ 80.250566666114821, 12.96263003111131, 0.0 ], [ 80.250526275517856, 12.962311426109419, 0.0 ], [ 80.250501583289179, 12.962152025216181, 0.0 ], [ 80.250486126076794, 12.962034886279577, 0.0 ], [ 80.250375298421588, 12.961399762557836, 0.0 ], [ 80.250245453822075, 12.960791311420918, 0.0 ], [ 80.250228379736228, 12.960669964129998, 0.0 ], [ 80.250189953487066, 12.960459980494919, 0.0 ], [ 80.250162433361524, 12.960314655313599, 0.0 ], [ 80.250099690651965, 12.95999465883876, 0.0 ], [ 80.250043067667107, 12.959689542277308, 0.0 ], [ 80.250042504255873, 12.959686476664761, 0.0 ], [ 80.250004253158011, 12.959477936579695, 0.0 ], [ 80.249998208668814, 12.959441068327671, 0.0 ], [ 80.249965039616882, 12.959280482879949, 0.0 ], [ 80.249885463852522, 12.958812317134669, 0.0 ], [ 80.249875944999147, 12.958763312590198, 0.0 ], [ 80.249873090164215, 12.958742547453792, 0.0 ], [ 80.249722233660592, 12.957911044293368, 0.0 ], [ 80.249709716274765, 12.957857886234107, 0.0 ], [ 80.2496337414495, 12.95754119587062, 0.0 ], [ 80.249615083659464, 12.95743585004583, 0.0 ], [ 80.24966232448196, 12.957415155995371, 0.0 ], [ 80.24966539977801, 12.957415835556716, 0.0 ], [ 80.250222456860058, 12.957823777904986, 0.0 ], [ 80.250302031273421, 12.95773970611941, 0.0 ], [ 80.250985634384961, 12.957767102325422, 0.0 ], [ 80.251984393905914, 12.957752591368571, 0.0 ], [ 80.252089417786024, 12.957797891562496, 0.0 ], [ 80.252573370805351, 12.95780275988319, 0.0 ], [ 80.25258561432446, 12.957338386300918, 0.0 ], [ 80.253482895997593, 12.957169624767296, 0.0 ], [ 80.253554996746757, 12.957113777870809, 0.0 ], [ 80.255214868509157, 12.95690649558345, 0.0 ], [ 80.25896013628909, 12.956438751067997, 0.0 ], [ 80.261699658884368, 12.956385825576788, 0.0 ], [ 80.262399920993118, 12.956372292804705, 0.0 ], [ 80.262941928389068, 12.959034486141098, 0.0 ], [ 80.263329803916847, 12.960268096796318, 0.0 ], [ 80.263453868252554, 12.960486523340869, 0.0 ], [ 80.263886445500361, 12.961248107322039, 0.0 ], [ 80.264570705386248, 12.965414037385711, 0.0 ], [ 80.261946917818946, 12.965862489616788, 0.0 ], [ 80.258289178479288, 12.966487615770989, 0.0 ], [ 80.256879959599374, 12.966728443607408, 0.0 ], [ 80.255961636255051, 12.966885375756469, 0.0 ], [ 80.255927642534019, 12.966940899866039, 0.0 ], [ 80.255476810617111, 12.966985631382499, 0.0 ], [ 80.254995228176895, 12.96713606607088, 0.0 ], [ 80.254849492459357, 12.967244090253891, 0.0 ], [ 80.254411736793486, 12.967389226663069, 0.0 ], [ 80.254185916013469, 12.967464096352558, 0.0 ], [ 80.253707771711177, 12.967308020325577, 0.0 ], [ 80.253008205525759, 12.967379288880576, 0.0 ], [ 80.252861468775734, 12.967522146209239, 0.0 ], [ 80.252296410543863, 12.967693700712966, 0.0 ], [ 80.252204859521115, 12.967711195469692, 0.0 ], [ 80.252200520089175, 12.967712024711791, 0.0 ], [ 80.252160237779378, 12.967609854696141, 0.0 ], [ 80.252082019806551, 12.967489217118567, 0.0 ], [ 80.252200520089175, 12.967712024711791, 0.0 ] ] ] ] } },
{ "type": "Feature", "properties": { "id": null, "Name": "190", "description": null, "timestamp": null, "begin": null, "end": null, "altitudeMode": null, "tessellate": 1, "extrude": 0, "visibility": -1, "drawOrder": null, "icon": null, "id_2": "ID_00026\n", "name2": "190\n" }, "geometry": { "type": "MultiPolygon", "coordinates": [ [ [ [ 80.203052826823935, 12.925794717821239, 0.0 ], [ 80.203096397137415, 12.925788336311932, 0.0 ], [ 80.203446690595101, 12.925765484043611, 0.0 ], [ 80.203762030045453, 12.925736742642428, 0.0 ], [ 80.20379908300022, 12.92573336545035, 0.0 ], [ 80.204091265815734, 12.925706734254778, 0.0 ], [ 80.205023516394036, 12.925726721437396, 0.0 ], [ 80.204981340672873, 12.925597252366611, 0.0 ], [ 80.205054768757165, 12.925585574390267, 0.0 ], [ 80.205086480263901, 12.925580530996729, 0.0 ], [ 80.205076839748756, 12.925540754924096, 0.0 ], [ 80.205045978948789, 12.925413425404688, 0.0 ], [ 80.205017076438423, 12.92529631358896, 0.0 ], [ 80.20500756134112, 12.925208125314839, 0.0 ], [ 80.205010164098454, 12.925188204095258, 0.0 ], [ 80.205014993427312, 12.92518703542914, 0.0 ], [ 80.205013017826047, 12.92516636197244, 0.0 ], [ 80.205007864136192, 12.925112431756228, 0.0 ], [ 80.205022920438225, 12.92499719234749, 0.0 ], [ 80.205290390217499, 12.924495046313158, 0.0 ], [ 80.205368590621632, 12.92445233487676, 0.0 ], [ 80.206276681230221, 12.924232437763941, 0.0 ], [ 80.206372868890369, 12.924215945307692, 0.0 ], [ 80.206632918723756, 12.924171356648509, 0.0 ], [ 80.207022918764778, 12.924182713439768, 0.0 ], [ 80.207305821883523, 12.924183572345726, 0.0 ], [ 80.207358796747144, 12.924183733145608, 0.0 ], [ 80.20791446285557, 12.924081713728638, 0.0 ], [ 80.2078939282828, 12.92408127131849, 0.0 ], [ 80.20813622446893, 12.92404138548765, 0.0 ], [ 80.208316949369106, 12.924044394109227, 0.0 ], [ 80.208421720083976, 12.924070707425281, 0.0 ], [ 80.208716464488987, 12.924098991307989, 0.0 ], [ 80.208993350840345, 12.924125561211962, 0.0 ], [ 80.209096685397697, 12.92415073966364, 0.0 ], [ 80.209218079054779, 12.924154415703038, 0.0 ], [ 80.209237805268373, 12.924159927252092, 0.0 ], [ 80.209267451688802, 12.924168210526419, 0.0 ], [ 80.209353043900776, 12.924522237512779, 0.0 ], [ 80.210729303975569, 12.92428000655695, 0.0 ], [ 80.210890765425205, 12.924141473877528, 0.0 ], [ 80.211398549395923, 12.923980251904208, 0.0 ], [ 80.211474049305608, 12.923971437892808, 0.0 ], [ 80.211535224272595, 12.923937715126231, 0.0 ], [ 80.211554911603997, 12.923906127588021, 0.0 ], [ 80.211609834704603, 12.923936810133968, 0.0 ], [ 80.212411491547471, 12.923789049183849, 0.0 ], [ 80.217915829654444, 12.92291054665262, 0.0 ], [ 80.217924106820547, 12.922601955816356, 0.0 ], [ 80.220068388185624, 12.922450471610517, 0.0 ], [ 80.22061729588313, 12.92240187042632, 0.0 ], [ 80.221339619438297, 12.924160235049809, 0.0 ], [ 80.222217986413497, 12.926016940137837, 0.0 ], [ 80.223735481567033, 12.928234399538722, 0.0 ], [ 80.217520650682815, 12.929770725676702, 0.0 ], [ 80.217376647283572, 12.929803787121267, 0.0 ], [ 80.217288807197164, 12.929815485587127, 0.0 ], [ 80.216888563008865, 12.929895625645051, 0.0 ], [ 80.216639489850735, 12.929990572986869, 0.0 ], [ 80.21647102191497, 12.930047484169529, 0.0 ], [ 80.216297795415286, 12.930066103079993, 0.0 ], [ 80.215530205497814, 12.930234851602091, 0.0 ], [ 80.213370132760929, 12.930734336260032, 0.0 ], [ 80.212788021396406, 12.930865357565159, 0.0 ], [ 80.212023042642343, 12.93097788280541, 0.0 ], [ 80.21189868869557, 12.930966741721747, 0.0 ], [ 80.211592151849345, 12.930816110039189, 0.0 ], [ 80.210607288016007, 12.930660022081391, 0.0 ], [ 80.210357347913657, 12.930709005046792, 0.0 ], [ 80.210354880547413, 12.930707333568069, 0.0 ], [ 80.210228546390695, 12.93023771915081, 0.0 ], [ 80.209972466160536, 12.930233355676769, 0.0 ], [ 80.209845254695068, 12.929565589552899, 0.0 ], [ 80.209828285080974, 12.929566695097311, 0.0 ], [ 80.20981746716447, 12.929567400177207, 0.0 ], [ 80.209256400215494, 12.929630125340266, 0.0 ], [ 80.209033956319644, 12.929666746055137, 0.0 ], [ 80.208864562980395, 12.929697733094599, 0.0 ], [ 80.208860881447308, 12.929695239057409, 0.0 ], [ 80.208858659625832, 12.92969560483102, 0.0 ], [ 80.208842638319453, 12.92966051858348, 0.0 ], [ 80.208820805859347, 12.929641238195389, 0.0 ], [ 80.208795441535372, 12.92953048923501, 0.0 ], [ 80.20877427385426, 12.92943806284314, 0.0 ], [ 80.208719388700359, 12.92919841246604, 0.0 ], [ 80.208659688111197, 12.928937735520481, 0.0 ], [ 80.208646810199298, 12.928910570528368, 0.0 ], [ 80.208678234644395, 12.928902754049908, 0.0 ], [ 80.208657954499614, 12.928835991002188, 0.0 ], [ 80.208642286242849, 12.92884092208509, 0.0 ], [ 80.208643853369963, 12.928837972583068, 0.0 ], [ 80.208570662184258, 12.928844927791323, 0.0 ], [ 80.207780068165945, 12.928960951729129, 0.0 ], [ 80.206960342078901, 12.929033822210229, 0.0 ], [ 80.206971999381139, 12.929192567100721, 0.0 ], [ 80.205801148368778, 12.929679527064881, 0.0 ], [ 80.205536167803416, 12.92900922682483, 0.0 ], [ 80.205518468394629, 12.92901236735727, 0.0 ], [ 80.205490118206683, 12.929017397730799, 0.0 ], [ 80.205467836657846, 12.929048976839868, 0.0 ], [ 80.205419575738134, 12.929066342782658, 0.0 ], [ 80.205385348060602, 12.92907787031722, 0.0 ], [ 80.205389969800322, 12.929076996014071, 0.0 ], [ 80.205433737759364, 12.929082780472502, 0.0 ], [ 80.205531870234324, 12.929349743433919, 0.0 ], [ 80.205572412618139, 12.92946740431945, 0.0 ], [ 80.205670350511326, 12.92973325448877, 0.0 ], [ 80.205679137605443, 12.92973759752838, 0.0 ], [ 80.205679202952609, 12.92973790451823, 0.0 ], [ 80.205721552727681, 12.929936822180416, 0.0 ], [ 80.205732070241112, 12.929986222480274, 0.0 ], [ 80.205746390008215, 12.930053484118337, 0.0 ], [ 80.205789240798296, 12.930076219445167, 0.0 ], [ 80.205813399017885, 12.930088725668096, 0.0 ], [ 80.205981261453459, 12.930205651811878, 0.0 ], [ 80.206278236698239, 12.930395306323568, 0.0 ], [ 80.206675046987229, 12.930624822629779, 0.0 ], [ 80.206735988578771, 12.930665696752998, 0.0 ], [ 80.206850453479959, 12.930724817468178, 0.0 ], [ 80.206855998657772, 12.930726203530346, 0.0 ], [ 80.206988072542117, 12.93075850453986, 0.0 ], [ 80.207342933166643, 12.931091679134418, 0.0 ], [ 80.207356364516841, 12.93117409540343, 0.0 ], [ 80.207415060827202, 12.9315342620084, 0.0 ], [ 80.207491973752042, 12.932006206333181, 0.0 ], [ 80.207497615436438, 12.932035442185057, 0.0 ], [ 80.20754656080598, 12.932265825894888, 0.0 ], [ 80.207546748669756, 12.932268243314072, 0.0 ], [ 80.206161949606482, 12.932675262852667, 0.0 ], [ 80.204922883200339, 12.932690629877989, 0.0 ], [ 80.203731473905677, 12.93306020569314, 0.0 ], [ 80.2038909288529, 12.933289864059978, 0.0 ], [ 80.203924361744697, 12.933514847884229, 0.0 ], [ 80.20395764298263, 12.93378767843943, 0.0 ], [ 80.204237275813554, 12.934826815516198, 0.0 ], [ 80.204470960729637, 12.935856894535579, 0.0 ], [ 80.205592882765714, 12.939217957530449, 0.0 ], [ 80.205657987500501, 12.93945499941047, 0.0 ], [ 80.206056071681672, 12.940834210622398, 0.0 ], [ 80.206316010144633, 12.941472804858199, 0.0 ], [ 80.206241322526481, 12.941485545880916, 0.0 ], [ 80.206098167621889, 12.941509966730658, 0.0 ], [ 80.205493899604079, 12.94159623854511, 0.0 ], [ 80.205312476815536, 12.941628028192952, 0.0 ], [ 80.205330885082219, 12.941778994594182, 0.0 ], [ 80.205344625937727, 12.942054778881431, 0.0 ], [ 80.205152077277276, 12.942087445919439, 0.0 ], [ 80.204899044478523, 12.942173456399129, 0.0 ], [ 80.204595549706028, 12.942118702897742, 0.0 ], [ 80.204545840971576, 12.942050252490938, 0.0 ], [ 80.204478357803978, 12.941963653481981, 0.0 ], [ 80.204447377274988, 12.94192542684671, 0.0 ], [ 80.204447055156734, 12.941897717286549, 0.0 ], [ 80.204446482808208, 12.94184848221075, 0.0 ], [ 80.204419129134166, 12.941814180003949, 0.0 ], [ 80.204401383081759, 12.941144959983511, 0.0 ], [ 80.202945649058535, 12.94120781887527, 0.0 ], [ 80.202779398476281, 12.93979581949808, 0.0 ], [ 80.199657370718839, 12.939798220845281, 0.0 ], [ 80.198742572987427, 12.939843259545048, 0.0 ], [ 80.19832700147586, 12.939911538291049, 0.0 ], [ 80.198275736451407, 12.939919961128391, 0.0 ], [ 80.198242299555773, 12.9399254548005, 0.0 ], [ 80.198242349890421, 12.939926029360119, 0.0 ], [ 80.198240430893662, 12.939926350776904, 0.0 ], [ 80.198237174812405, 12.939926896144769, 0.0 ], [ 80.19820765132323, 12.93982590751861, 0.0 ], [ 80.198165700112085, 12.93968240825188, 0.0 ], [ 80.198097581759967, 12.939449398192997, 0.0 ], [ 80.198087356589269, 12.939429164167278, 0.0 ], [ 80.197824495625298, 12.93945999492685, 0.0 ], [ 80.197700098228125, 12.939361042373882, 0.0 ], [ 80.19769610103512, 12.939337152215721, 0.0 ], [ 80.197678655065133, 12.939232882255169, 0.0 ], [ 80.197674691783007, 12.93920919498491, 0.0 ], [ 80.197668989761851, 12.939175115820781, 0.0 ], [ 80.197652217400602, 12.9390748756246, 0.0 ], [ 80.197124986260192, 12.939056108811938, 0.0 ], [ 80.197033051423588, 12.938975010656709, 0.0 ], [ 80.19687313603859, 12.938514709658058, 0.0 ], [ 80.196873953547509, 12.938447262699889, 0.0 ], [ 80.196874228358254, 12.938424589952749, 0.0 ], [ 80.196875328752512, 12.938333803838328, 0.0 ], [ 80.196877898133394, 12.938121820633828, 0.0 ], [ 80.196871115377164, 12.938118164500379, 0.0 ], [ 80.196715648967839, 12.938034362807867, 0.0 ], [ 80.196433842259438, 12.938041818960011, 0.0 ], [ 80.196329179623788, 12.937837354550098, 0.0 ], [ 80.196182837326859, 12.937801412214661, 0.0 ], [ 80.196149880687827, 12.93762718433802, 0.0 ], [ 80.195940859512135, 12.937611098368732, 0.0 ], [ 80.195926259688108, 12.93757862161662, 0.0 ], [ 80.195898767924248, 12.937517467212331, 0.0 ], [ 80.195804266056925, 12.93730725109692, 0.0 ], [ 80.195812453979443, 12.937228600300147, 0.0 ], [ 80.195875309761831, 12.936624823825948, 0.0 ], [ 80.195859807517181, 12.93661175464184, 0.0 ], [ 80.195780137039918, 12.936544588324988, 0.0 ], [ 80.195757820684719, 12.936526143539909, 0.0 ], [ 80.194756235837218, 12.936699332543798, 0.0 ], [ 80.194681024289252, 12.936561512642436, 0.0 ], [ 80.194225863540908, 12.936631520673449, 0.0 ], [ 80.194088040972289, 12.9361635184948, 0.0 ], [ 80.194063452588225, 12.936080023888959, 0.0 ], [ 80.194055458718523, 12.936052879149608, 0.0 ], [ 80.19350378031848, 12.936046577567868, 0.0 ], [ 80.193270991910836, 12.935646731802882, 0.0 ], [ 80.193237269148455, 12.935570147879941, 0.0 ], [ 80.193205085084216, 12.935497058274619, 0.0 ], [ 80.19312710351781, 12.935319962937401, 0.0 ], [ 80.192770698088438, 12.93531580260127, 0.0 ], [ 80.192447371732882, 12.934686381312391, 0.0 ], [ 80.192495207382507, 12.9346811072874, 0.0 ], [ 80.192592045870995, 12.934670430523511, 0.0 ], [ 80.192758137557874, 12.93460659664577, 0.0 ], [ 80.193103740309368, 12.934473770978919, 0.0 ], [ 80.193551031903823, 12.934301862282828, 0.0 ], [ 80.194644734112444, 12.93410038912454, 0.0 ], [ 80.195855911343912, 12.93378259771551, 0.0 ], [ 80.195845619264645, 12.933674745610078, 0.0 ], [ 80.19580113934424, 12.933208633707798, 0.0 ], [ 80.19574678594671, 12.932639054502621, 0.0 ], [ 80.195642453285501, 12.931545728439248, 0.0 ], [ 80.194393382482019, 12.931511482434637, 0.0 ], [ 80.194331338252709, 12.930760991330047, 0.0 ], [ 80.194334839679982, 12.930760807722171, 0.0 ], [ 80.194614789766106, 12.930746127542296, 0.0 ], [ 80.19549141869922, 12.930700156421924, 0.0 ], [ 80.195664033431427, 12.930697771461441, 0.0 ], [ 80.195644711658588, 12.93058885398086, 0.0 ], [ 80.195658529319942, 12.930588663062442, 0.0 ], [ 80.195608198847182, 12.930304948217032, 0.0 ], [ 80.195593071925032, 12.930297758680631, 0.0 ], [ 80.19558176417145, 12.930234016332729, 0.0 ], [ 80.195419844401755, 12.92990874403295, 0.0 ], [ 80.195227122720652, 12.92952159420088, 0.0 ], [ 80.195205466200818, 12.92937262031195, 0.0 ], [ 80.19515420316408, 12.929019984418716, 0.0 ], [ 80.195079488552238, 12.928506024872918, 0.0 ], [ 80.195063396274875, 12.928395326363859, 0.0 ], [ 80.195010895618111, 12.928034174671668, 0.0 ], [ 80.194996327012589, 12.927831778862847, 0.0 ], [ 80.194987277676404, 12.927706061409751, 0.0 ], [ 80.194889990488178, 12.92762767325112, 0.0 ], [ 80.194892252421013, 12.927524821990707, 0.0 ], [ 80.194896559609177, 12.927328971346267, 0.0 ], [ 80.194898146765723, 12.927256802122489, 0.0 ], [ 80.194901066016754, 12.927124061281299, 0.0 ], [ 80.19497282459713, 12.927033859346469, 0.0 ], [ 80.194969527057665, 12.92678511754975, 0.0 ], [ 80.194965435180464, 12.926782516037758, 0.0 ], [ 80.194878194473816, 12.926727050575671, 0.0 ], [ 80.194875150777548, 12.926681997724442, 0.0 ], [ 80.194847061654215, 12.926266221555949, 0.0 ], [ 80.194848786313244, 12.926264108791262, 0.0 ], [ 80.194931139413967, 12.926163223445029, 0.0 ], [ 80.19491467537695, 12.926067541676581, 0.0 ], [ 80.194911605871397, 12.926049703048651, 0.0 ], [ 80.194894744185348, 12.9259517102429, 0.0 ], [ 80.194873657073472, 12.925829161004907, 0.0 ], [ 80.194877843546237, 12.925776368256818, 0.0 ], [ 80.194894675478508, 12.925564111944007, 0.0 ], [ 80.194939029694197, 12.925487256004081, 0.0 ], [ 80.19497748375332, 12.92542062366925, 0.0 ], [ 80.195557162148603, 12.924416164582849, 0.0 ], [ 80.195623970123776, 12.924402973808808, 0.0 ], [ 80.195945146602668, 12.924287072052893, 0.0 ], [ 80.196082247989779, 12.92436808155462, 0.0 ], [ 80.19623527370689, 12.92423896318761, 0.0 ], [ 80.196811738898148, 12.924019948364702, 0.0 ], [ 80.19759560616383, 12.923869324625821, 0.0 ], [ 80.197577950248444, 12.923762551049039, 0.0 ], [ 80.197590101179188, 12.92376021617055, 0.0 ], [ 80.197574538761458, 12.923741920183197, 0.0 ], [ 80.197553113461481, 12.923612351256004, 0.0 ], [ 80.197492062437661, 12.923243146215066, 0.0 ], [ 80.197478462120415, 12.923160898401918, 0.0 ], [ 80.197374608552479, 12.922532843274928, 0.0 ], [ 80.197368207707939, 12.922394653607441, 0.0 ], [ 80.19734362795721, 12.921863993829344, 0.0 ], [ 80.19734130199916, 12.921813777966779, 0.0 ], [ 80.197346538495708, 12.921824539270782, 0.0 ], [ 80.198043220630254, 12.923256252848557, 0.0 ], [ 80.198049963822314, 12.923269200538117, 0.0 ], [ 80.1989428206209, 12.924746158884901, 0.0 ], [ 80.19917836921104, 12.925070223967149, 0.0 ], [ 80.200103992527175, 12.926261887981479, 0.0 ], [ 80.200428477382843, 12.926636880903441, 0.0 ], [ 80.200505678289076, 12.926717006600519, 0.0 ], [ 80.201970884470484, 12.928237711641231, 0.0 ], [ 80.202109579428722, 12.928238135570618, 0.0 ], [ 80.20225631920286, 12.928171682056012, 0.0 ], [ 80.20229453701954, 12.928169520258958, 0.0 ], [ 80.202985485428812, 12.928130438969099, 0.0 ], [ 80.202985958419049, 12.927893634727569, 0.0 ], [ 80.202990113430673, 12.925807097770361, 0.0 ], [ 80.203018598116358, 12.925804501619931, 0.0 ], [ 80.203018698809672, 12.925799716362468, 0.0 ], [ 80.203052826823935, 12.925794717821239, 0.0 ] ] ] ] } },
{ "type": "Feature", "properties": { "id": null, "Name": "191", "description": null, "timestamp": null, "begin": null, "end": null, "altitudeMode": null, "tessellate": 1, "extrude": 0, "visibility": -1, "drawOrder": null, "icon": null, "id_2": "ID_00027\n", "name2": "191\n" }, "geometry": { "type": "MultiPolygon", "coordinates": [ [ [ [ 80.203018698809672, 12.925799716362468, 0.0 ], [ 80.203015221497608, 12.925964968691286, 0.0 ], [ 80.203005706027838, 12.926603529155036, 0.0 ], [ 80.203000857393064, 12.92664621960283, 0.0 ], [ 80.202992297414042, 12.926653219087658, 0.0 ], [ 80.202993570756703, 12.926848655317878, 0.0 ], [ 80.202995585979139, 12.927157973857259, 0.0 ], [ 80.202997558127436, 12.92747366109635, 0.0 ], [ 80.202999150913811, 12.927810483467143, 0.0 ], [ 80.202999824396613, 12.927952806150429, 0.0 ], [ 80.203000092860407, 12.928009539075887, 0.0 ], [ 80.202999297977172, 12.928078481701927, 0.0 ], [ 80.202999006419617, 12.92809430790739, 0.0 ], [ 80.202998898564744, 12.928100162439469, 0.0 ], [ 80.202997794544515, 12.928237977873611, 0.0 ], [ 80.202938860567102, 12.928240668780399, 0.0 ], [ 80.201848653105273, 12.928237337972712, 0.0 ], [ 80.201100198013108, 12.927373799239499, 0.0 ], [ 80.200468268206819, 12.926682865313289, 0.0 ], [ 80.199272708504864, 12.925301202793431, 0.0 ], [ 80.198210099306664, 12.923586100303732, 0.0 ], [ 80.198212758317254, 12.923581783903337, 0.0 ], [ 80.197370400123461, 12.921964354414007, 0.0 ], [ 80.197353012155759, 12.921964300979138, 0.0 ], [ 80.197305488227272, 12.920938291953203, 0.0 ], [ 80.197362263940889, 12.920826512395861, 0.0 ], [ 80.197365230179599, 12.920164949646448, 0.0 ], [ 80.197120610293268, 12.918243314895538, 0.0 ], [ 80.197204563650089, 12.917371022830439, 0.0 ], [ 80.196676800715622, 12.915692316076839, 0.0 ], [ 80.195754933704379, 12.914636595554786, 0.0 ], [ 80.194857017432795, 12.912059094064135, 0.0 ], [ 80.194697291885291, 12.911040790967512, 0.0 ], [ 80.19460724210326, 12.909999367389728, 0.0 ], [ 80.195996235168707, 12.910348142997432, 0.0 ], [ 80.200226197731311, 12.910002264745549, 0.0 ], [ 80.201412394474033, 12.909704453487519, 0.0 ], [ 80.20195384531651, 12.90969175281697, 0.0 ], [ 80.202020147241541, 12.909548413422108, 0.0 ], [ 80.203125406440549, 12.909393888902809, 0.0 ], [ 80.203798731544367, 12.909324169580479, 0.0 ], [ 80.204281742303422, 12.90928257766525, 0.0 ], [ 80.205934746247806, 12.909438322890489, 0.0 ], [ 80.206008045040747, 12.90939548295054, 0.0 ], [ 80.207843936207851, 12.909558948711037, 0.0 ], [ 80.208780805783348, 12.909439775270618, 0.0 ], [ 80.213953966433053, 12.909283130753133, 0.0 ], [ 80.218172262476372, 12.915192781909939, 0.0 ], [ 80.219419282823551, 12.91612355379762, 0.0 ], [ 80.222593191033909, 12.915026543723711, 0.0 ], [ 80.223996439419281, 12.914731667893028, 0.0 ], [ 80.224541209246112, 12.916019186019151, 0.0 ], [ 80.223811727811821, 12.918310026550992, 0.0 ], [ 80.222882514660157, 12.920051386879978, 0.0 ], [ 80.222120366152126, 12.92004911840718, 0.0 ], [ 80.220228011843645, 12.920761187588379, 0.0 ], [ 80.220637748488201, 12.922412936363807, 0.0 ], [ 80.217942098077188, 12.92262019169641, 0.0 ], [ 80.217904546679591, 12.92293108723895, 0.0 ], [ 80.214965736293962, 12.923420057632798, 0.0 ], [ 80.212629859158369, 12.923782892148342, 0.0 ], [ 80.212417302929268, 12.923802463960426, 0.0 ], [ 80.212229447197274, 12.923841713128329, 0.0 ], [ 80.211615646045473, 12.923950224925976, 0.0 ], [ 80.211560722941272, 12.923919542381089, 0.0 ], [ 80.211541035609443, 12.923951129919669, 0.0 ], [ 80.211479860639727, 12.923984852687431, 0.0 ], [ 80.211404360726092, 12.923993666700289, 0.0 ], [ 80.211218311854438, 12.924058186550329, 0.0 ], [ 80.210896576730832, 12.92415488868339, 0.0 ], [ 80.210735115275085, 12.924293421365949, 0.0 ], [ 80.209358855129807, 12.924535652348252, 0.0 ], [ 80.209273262906095, 12.924181625363412, 0.0 ], [ 80.209223890269087, 12.924167830540972, 0.0 ], [ 80.209102496605283, 12.924164154503899, 0.0 ], [ 80.208999162041792, 12.924138976054177, 0.0 ], [ 80.208678978994996, 12.92410114927385, 0.0 ], [ 80.208427531253051, 12.924084122278449, 0.0 ], [ 80.208322760531914, 12.924057808964386, 0.0 ], [ 80.208226970260625, 12.92405445634485, 0.0 ], [ 80.20814203562179, 12.92405480034628, 0.0 ], [ 80.207940045239908, 12.924077016812578, 0.0 ], [ 80.207358796747144, 12.924183733145608, 0.0 ], [ 80.207022918764778, 12.924182713439768, 0.0 ], [ 80.206632918723756, 12.924171356648509, 0.0 ], [ 80.206276681230221, 12.924232437763941, 0.0 ], [ 80.205368590621632, 12.92445233487676, 0.0 ], [ 80.205290390217499, 12.924495046313158, 0.0 ], [ 80.205022920438225, 12.92499719234749, 0.0 ], [ 80.205007864136192, 12.925112431756228, 0.0 ], [ 80.205013017826047, 12.92516636197244, 0.0 ], [ 80.205014993427312, 12.92518703542914, 0.0 ], [ 80.205010164098454, 12.925188204095258, 0.0 ], [ 80.20500756134112, 12.925208125314839, 0.0 ], [ 80.205017076438423, 12.92529631358896, 0.0 ], [ 80.205045978948789, 12.925413425404688, 0.0 ], [ 80.205076839748756, 12.925540754924096, 0.0 ], [ 80.205086480263901, 12.925580530996729, 0.0 ], [ 80.205054768757165, 12.925585574390267, 0.0 ], [ 80.204981340672873, 12.925597252366611, 0.0 ], [ 80.205023516394036, 12.925726721437396, 0.0 ], [ 80.204091265815734, 12.925706734254778, 0.0 ], [ 80.20379908300022, 12.92573336545035, 0.0 ], [ 80.203762030045453, 12.925736742642428, 0.0 ], [ 80.203446690595101, 12.925765484043611, 0.0 ], [ 80.203124737593029, 12.925786487469239, 0.0 ], [ 80.203052826823935, 12.925794717821239, 0.0 ], [ 80.203018698809672, 12.925799716362468, 0.0 ] ] ] ] } },
{ "type": "Feature", "properties": { "id": null, "Name": "182", "description": null, "timestamp": null, "begin": null, "end": null, "altitudeMode": null, "tessellate": 1, "extrude": 0, "visibility": -1, "drawOrder": null, "icon": null, "id_2": "ID_00028\n", "name2": "182\n" }, "geometry": { "type": "MultiPolygon", "coordinates": [ [ [ [ 80.251562733850918, 12.967832921945178, 0.0 ], [ 80.249382194784488, 12.9681052677499, 0.0 ], [ 80.248709955980317, 12.968189312974239, 0.0 ], [ 80.248868759201414, 12.96859692323711, 0.0 ], [ 80.248940286229413, 12.968780514752607, 0.0 ], [ 80.249313701450845, 12.96963945501604, 0.0 ], [ 80.24931493497219, 12.969642863803999, 0.0 ], [ 80.249536014645187, 12.970253824235259, 0.0 ], [ 80.249624319080425, 12.97053539208707, 0.0 ], [ 80.249732889155098, 12.970881579031769, 0.0 ], [ 80.249795719950953, 12.971081919157969, 0.0 ], [ 80.249858360332027, 12.971330755677871, 0.0 ], [ 80.249859855169859, 12.971334348551428, 0.0 ], [ 80.249858349578304, 12.971334344211828, 0.0 ], [ 80.24987945381578, 12.971385068685329, 0.0 ], [ 80.249871739683684, 12.971385046451546, 0.0 ], [ 80.250014385537952, 12.97195284526023, 0.0 ], [ 80.250017876311631, 12.971966335185805, 0.0 ], [ 80.250057237343071, 12.97211850446533, 0.0 ], [ 80.250073865160246, 12.972182787409126, 0.0 ], [ 80.250089579101328, 12.972243537318549, 0.0 ], [ 80.250092747931149, 12.972243546449969, 0.0 ], [ 80.250093685392827, 12.972246969492582, 0.0 ], [ 80.250106998035506, 12.972295579213096, 0.0 ], [ 80.250106079599519, 12.972295853430531, 0.0 ], [ 80.250103248661901, 12.972296698663431, 0.0 ], [ 80.250132867494642, 12.9724120699553, 0.0 ], [ 80.250218833171871, 12.972705769540307, 0.0 ], [ 80.250252786204626, 12.972821769226938, 0.0 ], [ 80.25028716193232, 12.972939213040588, 0.0 ], [ 80.250288031392202, 12.972942177631969, 0.0 ], [ 80.250303418319291, 12.972994642337598, 0.0 ], [ 80.250304288748879, 12.97299760428597, 0.0 ], [ 80.250363365977321, 12.97319863570597, 0.0 ], [ 80.250393417941268, 12.97330089827258, 0.0 ], [ 80.250401817591651, 12.973329481090108, 0.0 ], [ 80.250405843258591, 12.973344382310085, 0.0 ], [ 80.25041301519947, 12.973374557828496, 0.0 ], [ 80.250465854696543, 12.973570145156369, 0.0 ], [ 80.250551919602856, 12.973888717549878, 0.0 ], [ 80.250691205530885, 12.974404289498942, 0.0 ], [ 80.250726949385154, 12.974536596680499, 0.0 ], [ 80.250785848915555, 12.97474173202585, 0.0 ], [ 80.250800193077353, 12.974791690784237, 0.0 ], [ 80.250911970978905, 12.975180990089211, 0.0 ], [ 80.250925535924367, 12.97522823579625, 0.0 ], [ 80.250964139388941, 12.975362685342867, 0.0 ], [ 80.250965119402338, 12.975366096107001, 0.0 ], [ 80.251074080007214, 12.97574558477146, 0.0 ], [ 80.251124007798154, 12.975919471712437, 0.0 ], [ 80.251168202476265, 12.976073391548788, 0.0 ], [ 80.25119887441025, 12.976180214796791, 0.0 ], [ 80.251233134506165, 12.976285427048834, 0.0 ], [ 80.251251120014331, 12.97634086127119, 0.0 ], [ 80.2513687483019, 12.97670506970173, 0.0 ], [ 80.251443283376375, 12.976935850095467, 0.0 ], [ 80.251474365643631, 12.977032089052736, 0.0 ], [ 80.251574885332246, 12.977236954280961, 0.0 ], [ 80.251607287279469, 12.977289039193691, 0.0 ], [ 80.251639132830931, 12.977319755663251, 0.0 ], [ 80.251661429394417, 12.977336387953299, 0.0 ], [ 80.251658410086577, 12.977338349445068, 0.0 ], [ 80.251684857455544, 12.977363859119407, 0.0 ], [ 80.251768054734114, 12.977467917719729, 0.0 ], [ 80.251871441444351, 12.977597228155849, 0.0 ], [ 80.251943098880943, 12.977674240880813, 0.0 ], [ 80.252015905174915, 12.977752488416382, 0.0 ], [ 80.252017914822616, 12.977754754703453, 0.0 ], [ 80.252197967604403, 12.977956457627609, 0.0 ], [ 80.252199447230225, 12.9779577557963, 0.0 ], [ 80.252200553503727, 12.977958725569927, 0.0 ], [ 80.252324921032596, 12.978105818796537, 0.0 ], [ 80.252399809123702, 12.978194391200031, 0.0 ], [ 80.252414730798264, 12.978214778662828, 0.0 ], [ 80.252443222994771, 12.97826279146879, 0.0 ], [ 80.252545745633171, 12.978435554762189, 0.0 ], [ 80.252555199257372, 12.978453665997069, 0.0 ], [ 80.252676506548127, 12.97874109915626, 0.0 ], [ 80.252685065891598, 12.978769380107421, 0.0 ], [ 80.252710910445685, 12.978892929678141, 0.0 ], [ 80.25275721997572, 12.979114314990181, 0.0 ], [ 80.252759203554561, 12.979125623232699, 0.0 ], [ 80.252806782260137, 12.979498743861141, 0.0 ], [ 80.252807894252783, 12.97951231010809, 0.0 ], [ 80.252818008197096, 12.979758305044889, 0.0 ], [ 80.252820503215332, 12.97981898976504, 0.0 ], [ 80.252842199681155, 12.979960167023947, 0.0 ], [ 80.252837824132328, 12.97994308128451, 0.0 ], [ 80.252831355514516, 12.979926646888428, 0.0 ], [ 80.252822890828682, 12.979911109153418, 0.0 ], [ 80.252812555695769, 12.979896700820239, 0.0 ], [ 80.252775399981161, 12.97985919984173, 0.0 ], [ 80.252743887019861, 12.979860583418379, 0.0 ], [ 80.2526106092742, 12.979866435613038, 0.0 ], [ 80.252595431647592, 12.97986872484511, 0.0 ], [ 80.252568017567114, 12.979885353035691, 0.0 ], [ 80.25239757567789, 12.97992163985794, 0.0 ], [ 80.252005755506772, 12.980033267511718, 0.0 ], [ 80.251637740379763, 12.9801332129295, 0.0 ], [ 80.251597168635797, 12.98014413651245, 0.0 ], [ 80.25118359549846, 12.98024935731018, 0.0 ], [ 80.250639697827012, 12.98040394671122, 0.0 ], [ 80.250531784392024, 12.980430114455091, 0.0 ], [ 80.25042434039392, 12.98045807744472, 0.0 ], [ 80.25031739628669, 12.980487825821969, 0.0 ], [ 80.250210984357295, 12.98051935335106, 0.0 ], [ 80.250111139863918, 12.980548435817427, 0.0 ], [ 80.250010722201466, 12.980575558088029, 0.0 ], [ 80.249909773817038, 12.98060070943415, 0.0 ], [ 80.249808333467399, 12.98062388002082, 0.0 ], [ 80.249706441749765, 12.980645060922829, 0.0 ], [ 80.249604140184331, 12.980664243217371, 0.0 ], [ 80.249501469363167, 12.980681419787739, 0.0 ], [ 80.249482938930157, 12.980683816002701, 0.0 ], [ 80.249482851289315, 12.98068382739287, 0.0 ], [ 80.249449434646877, 12.98068814880684, 0.0 ], [ 80.24912746940538, 12.980729784541371, 0.0 ], [ 80.249030229226435, 12.980742359124536, 0.0 ], [ 80.248519033295565, 12.980783383729888, 0.0 ], [ 80.248432066343298, 12.980790362438562, 0.0 ], [ 80.24811584476123, 12.98081123973579, 0.0 ], [ 80.247689338366399, 12.980836047412398, 0.0 ], [ 80.247386970757773, 12.980849006909178, 0.0 ], [ 80.247113976231219, 12.98087498117741, 0.0 ], [ 80.246756034619068, 12.98091074579234, 0.0 ], [ 80.246377491588362, 12.980959922827028, 0.0 ], [ 80.245993341096309, 12.981003476992628, 0.0 ], [ 80.245653360093186, 12.981045350295188, 0.0 ], [ 80.245214712235907, 12.981090915308071, 0.0 ], [ 80.244775748890788, 12.98114931832311, 0.0 ], [ 80.244425777392479, 12.981201920989371, 0.0 ], [ 80.244146088154267, 12.981246318370951, 0.0 ], [ 80.244045215243901, 12.981256319521767, 0.0 ], [ 80.244014034395946, 12.981259411677151, 0.0 ], [ 80.243907491226594, 12.981269974980428, 0.0 ], [ 80.243808529289836, 12.981279787190651, 0.0 ], [ 80.243676444000656, 12.981292007371488, 0.0 ], [ 80.243514785135503, 12.981306963184906, 0.0 ], [ 80.243478916186291, 12.981309327319591, 0.0 ], [ 80.243442961474159, 12.981309562709066, 0.0 ], [ 80.243407055615648, 12.981307668841048, 0.0 ], [ 80.243371329517785, 12.981303652425609, 0.0 ], [ 80.24335894749494, 12.981301914694928, 0.0 ], [ 80.24334712648357, 12.981297902720558, 0.0 ], [ 80.243336297542967, 12.981291763332869, 0.0 ], [ 80.24332685646111, 12.981283721021688, 0.0 ], [ 80.24331474956324, 12.981269977196421, 0.0 ], [ 80.243313777364563, 12.98126858370575, 0.0 ], [ 80.24330429131102, 12.98125498765666, 0.0 ], [ 80.243302838045565, 12.981252300662089, 0.0 ], [ 80.243295614826053, 12.981238940863578, 0.0 ], [ 80.243288829211693, 12.98122204058069, 0.0 ], [ 80.24328402049062, 12.981204500449566, 0.0 ], [ 80.243281249769325, 12.981186541273368, 0.0 ], [ 80.243280551394506, 12.981168391010909, 0.0 ], [ 80.243263092781262, 12.981030727057281, 0.0 ], [ 80.243254838253733, 12.980920926633956, 0.0 ], [ 80.243256944769726, 12.980590356647058, 0.0 ], [ 80.243267232675933, 12.980355295048589, 0.0 ], [ 80.243271602775906, 12.980255443214832, 0.0 ], [ 80.243272495256534, 12.98023505064096, 0.0 ], [ 80.243266614736044, 12.979893064456702, 0.0 ], [ 80.243272975617856, 12.979586468165566, 0.0 ], [ 80.243274170505586, 12.979528873992606, 0.0 ], [ 80.243275041954476, 12.97927126945611, 0.0 ], [ 80.24328003825633, 12.978960690691478, 0.0 ], [ 80.243291419682464, 12.978764331177919, 0.0 ], [ 80.24330267710252, 12.978654685154831, 0.0 ], [ 80.243292886193103, 12.978730323894368, 0.0 ], [ 80.24317191845256, 12.978725931087162, 0.0 ], [ 80.242848075345364, 12.97871601089882, 0.0 ], [ 80.242714771248032, 12.978711927317491, 0.0 ], [ 80.242426258548619, 12.978704181819699, 0.0 ], [ 80.242018726124812, 12.978692625454419, 0.0 ], [ 80.241580128127254, 12.978679482594318, 0.0 ], [ 80.241487411708718, 12.978676704194926, 0.0 ], [ 80.241370761927854, 12.97867363234618, 0.0 ], [ 80.241160521029371, 12.978668095742309, 0.0 ], [ 80.24068768626195, 12.97865564322046, 0.0 ], [ 80.240510532818362, 12.978650977506579, 0.0 ], [ 80.240336393778989, 12.978646939280461, 0.0 ], [ 80.240014449597481, 12.978639012533053, 0.0 ], [ 80.239819298641635, 12.97863399761424, 0.0 ], [ 80.238745228187156, 12.978604256519478, 0.0 ], [ 80.238770298000077, 12.97705535, 0.0 ], [ 80.23813051000009, 12.97674194000022, 0.0 ], [ 80.238046308000065, 12.976573503, 0.0 ], [ 80.238128172642405, 12.976543506481349, 0.0 ], [ 80.238438232677666, 12.976530851277197, 0.0 ], [ 80.238642556006198, 12.976516756036629, 0.0 ], [ 80.238851142233784, 12.97652188737942, 0.0 ], [ 80.239128905147936, 12.976518178867378, 0.0 ], [ 80.239271421252298, 12.976530957159957, 0.0 ], [ 80.239402548477671, 12.976542714301516, 0.0 ], [ 80.239630150804146, 12.976547900615298, 0.0 ], [ 80.239650346325675, 12.976550748531668, 0.0 ], [ 80.239982087811001, 12.97659752979556, 0.0 ], [ 80.24019181295364, 12.97660718440188, 0.0 ], [ 80.240450287929306, 12.976607939127566, 0.0 ], [ 80.240546404546549, 12.97660738802262, 0.0 ], [ 80.240547216545338, 12.976607371132671, 0.0 ], [ 80.240574184822734, 12.976431136393176, 0.0 ], [ 80.240663450574687, 12.976044565757208, 0.0 ], [ 80.240713436025842, 12.975713547847281, 0.0 ], [ 80.24074291048197, 12.975590436407288, 0.0 ], [ 80.24078618456231, 12.975376790613632, 0.0 ], [ 80.241819786000121, 12.97529996400012, 0.0 ], [ 80.241902023267471, 12.974166434492309, 0.0 ], [ 80.241904703000159, 12.974129498000018, 0.0 ], [ 80.240873889000113, 12.973832519000101, 0.0 ], [ 80.240534178000203, 12.973841914000046, 0.0 ], [ 80.240410208587846, 12.972970558766926, 0.0 ], [ 80.24039082327846, 12.9728343034564, 0.0 ], [ 80.240505283179246, 12.972812713822702, 0.0 ], [ 80.240494783571648, 12.972759561332103, 0.0 ], [ 80.240383158304795, 12.972780427949569, 0.0 ], [ 80.24038091995817, 12.97276469507605, 0.0 ], [ 80.240276851000104, 12.972033216000176, 0.0 ], [ 80.238750818000099, 12.972139209000138, 0.0 ], [ 80.238556659483606, 12.971819512267439, 0.0 ], [ 80.238335359185342, 12.971455124531238, 0.0 ], [ 80.238316645521323, 12.9714183680386, 0.0 ], [ 80.238285077429353, 12.971355807994858, 0.0 ], [ 80.238214977186715, 12.971216885677508, 0.0 ], [ 80.23821268602201, 12.971212357964548, 0.0 ], [ 80.238141664560217, 12.971115118136648, 0.0 ], [ 80.238114529092655, 12.971077965307948, 0.0 ], [ 80.238065700695643, 12.971011111362619, 0.0 ], [ 80.23804778886047, 12.970986587173369, 0.0 ], [ 80.238009290346739, 12.970933876725439, 0.0 ], [ 80.237950439283011, 12.970853300473946, 0.0 ], [ 80.237947856109486, 12.970849902155772, 0.0 ], [ 80.237915624364433, 12.970817320732481, 0.0 ], [ 80.237827569794149, 12.970672079637231, 0.0 ], [ 80.237800481099157, 12.97063245826013, 0.0 ], [ 80.237752329892203, 12.97056202972478, 0.0 ], [ 80.237560643843665, 12.97028165943798, 0.0 ], [ 80.237556319828911, 12.970283764410873, 0.0 ], [ 80.237538674752074, 12.970292352364886, 0.0 ], [ 80.23750447288036, 12.970252483455079, 0.0 ], [ 80.23747887028226, 12.970222638665168, 0.0 ], [ 80.237465263081731, 12.97020677709585, 0.0 ], [ 80.237468428000184, 12.97020406200016, 0.0 ], [ 80.237433452301218, 12.970031162799637, 0.0 ], [ 80.237420147092735, 12.96996538970682, 0.0 ], [ 80.237341375000099, 12.9695759870002, 0.0 ], [ 80.237281099000043, 12.96941477500015, 0.0 ], [ 80.237262384079031, 12.969331538730707, 0.0 ], [ 80.237203421423658, 12.969069297096787, 0.0 ], [ 80.237185769195577, 12.968990787247522, 0.0 ], [ 80.237178792465798, 12.968959757623788, 0.0 ], [ 80.237159917657053, 12.968875810239661, 0.0 ], [ 80.237141042848293, 12.968791862855328, 0.0 ], [ 80.237122168039562, 12.968707915471171, 0.0 ], [ 80.23710373300014, 12.96862592400017, 0.0 ], [ 80.237104533029139, 12.968623968086842, 0.0 ], [ 80.23713887010598, 12.968540020702489, 0.0 ], [ 80.237173207182622, 12.96845607331838, 0.0 ], [ 80.237177878893817, 12.968444651905369, 0.0 ], [ 80.237212215970658, 12.968360704521231, 0.0 ], [ 80.237246553047456, 12.968276757136879, 0.0 ], [ 80.237280890124296, 12.968192809752569, 0.0 ], [ 80.237301183267959, 12.968143197016406, 0.0 ], [ 80.237348263928595, 12.968028094081598, 0.0 ], [ 80.237458297263075, 12.967759084267698, 0.0 ], [ 80.237492766000059, 12.96767481500007, 0.0 ], [ 80.237506238955632, 12.967644912627939, 0.0 ], [ 80.237483388343222, 12.967640887616479, 0.0 ], [ 80.2372780653522, 12.96760750883174, 0.0 ], [ 80.23703992783112, 12.967563861453439, 0.0 ], [ 80.237021589172002, 12.967561548291011, 0.0 ], [ 80.236877352960789, 12.967543354933008, 0.0 ], [ 80.236755499189272, 12.967527984626198, 0.0 ], [ 80.236728021122318, 12.96752451859205, 0.0 ], [ 80.236421025744789, 12.96748066876105, 0.0 ], [ 80.236392774470019, 12.967476204871339, 0.0 ], [ 80.236114908159038, 12.967432300143329, 0.0 ], [ 80.235893585419362, 12.967422848910132, 0.0 ], [ 80.235816808620157, 12.96741434772686, 0.0 ], [ 80.235765575330888, 12.96740800311845, 0.0 ], [ 80.235643148351173, 12.967392486897218, 0.0 ], [ 80.235576524186456, 12.96739229127502, 0.0 ], [ 80.235566967099572, 12.967392263212057, 0.0 ], [ 80.235552201015153, 12.967392219852947, 0.0 ], [ 80.235498516727901, 12.967392062207459, 0.0 ], [ 80.235496644978738, 12.967392056710821, 0.0 ], [ 80.235492418370484, 12.96739204429876, 0.0 ], [ 80.235482913704047, 12.967390886135329, 0.0 ], [ 80.235466152814595, 12.96738400835193, 0.0 ], [ 80.235460782709069, 12.967381804744061, 0.0 ], [ 80.235456190357368, 12.967379920285222, 0.0 ], [ 80.235447668560624, 12.967376423389148, 0.0 ], [ 80.235374718648316, 12.967346488576201, 0.0 ], [ 80.235367241574608, 12.96734194560994, 0.0 ], [ 80.235363794599934, 12.967338544731801, 0.0 ], [ 80.235361212418525, 12.967335146393637, 0.0 ], [ 80.235359208988072, 12.967330619504031, 0.0 ], [ 80.23535806689938, 12.967327225395611, 0.0 ], [ 80.235344609896529, 12.967259924454616, 0.0 ], [ 80.235343594607016, 12.96725484680403, 0.0 ], [ 80.235343032191551, 12.967250324146852, 0.0 ], [ 80.235343588915086, 12.967245024515393, 0.0 ], [ 80.235343625669998, 12.967244674633481, 0.0 ], [ 80.23535216114459, 12.967215808655638, 0.0 ], [ 80.235354978870234, 12.96720627943504, 0.0 ], [ 80.235340808226368, 12.96720444385832, 0.0 ], [ 80.235334504476938, 12.96720362730971, 0.0 ], [ 80.235295432895413, 12.967198566215901, 0.0 ], [ 80.235140469221903, 12.967179503631508, 0.0 ], [ 80.235018500060164, 12.967170084645412, 0.0 ], [ 80.234956979427892, 12.967165551355921, 0.0 ], [ 80.234866687937242, 12.967167401561857, 0.0 ], [ 80.234552152638187, 12.96717453365091, 0.0 ], [ 80.234098001799708, 12.967163853972236, 0.0 ], [ 80.234041518173228, 12.96716283505803, 0.0 ], [ 80.234005222060546, 12.967162180302076, 0.0 ], [ 80.233577130401315, 12.967153766365369, 0.0 ], [ 80.233156509345378, 12.967151408356479, 0.0 ], [ 80.233159891859557, 12.967096970069932, 0.0 ], [ 80.233117726713417, 12.96693154350411, 0.0 ], [ 80.233013939392094, 12.966540529605931, 0.0 ], [ 80.235212840919729, 12.965916936604881, 0.0 ], [ 80.23539956971014, 12.966677062596739, 0.0 ], [ 80.236113726683087, 12.96651001344434, 0.0 ], [ 80.236155453402304, 12.966731744007138, 0.0 ], [ 80.236187703383578, 12.966721593319148, 0.0 ], [ 80.23620842893142, 12.966714864818581, 0.0 ], [ 80.236597173447393, 12.966593937833128, 0.0 ], [ 80.237268033510063, 12.966440119319129, 0.0 ], [ 80.237547195774752, 12.966375461750658, 0.0 ], [ 80.237891499734332, 12.966268826567909, 0.0 ], [ 80.23798998639208, 12.96619750659911, 0.0 ], [ 80.238070731107456, 12.9661390345518, 0.0 ], [ 80.23847605074539, 12.965844613918538, 0.0 ], [ 80.238590969355073, 12.965764205066009, 0.0 ], [ 80.239021926232752, 12.96550120005192, 0.0 ], [ 80.239147706499693, 12.965431464576099, 0.0 ], [ 80.239417188356938, 12.965316970984327, 0.0 ], [ 80.239522904621907, 12.965254924107329, 0.0 ], [ 80.239722535774121, 12.965138349044331, 0.0 ], [ 80.240002233111483, 12.964962987665272, 0.0 ], [ 80.240136316054091, 12.964878967815848, 0.0 ], [ 80.240153066775221, 12.964868471370488, 0.0 ], [ 80.24016195952305, 12.96486289893838, 0.0 ], [ 80.240172303190988, 12.964856417320476, 0.0 ], [ 80.240333502379627, 12.9647614248107, 0.0 ], [ 80.241216243241027, 12.96439101524925, 0.0 ], [ 80.240951804202638, 12.963231887591707, 0.0 ], [ 80.240918591990408, 12.963055415255919, 0.0 ], [ 80.241119420223441, 12.963012710114418, 0.0 ], [ 80.243902993532515, 12.962420779834209, 0.0 ], [ 80.243903137318284, 12.962420749257209, 0.0 ], [ 80.243396303730393, 12.960185953772749, 0.0 ], [ 80.243388498906384, 12.960002068641931, 0.0 ], [ 80.244634132073344, 12.959600821326026, 0.0 ], [ 80.244650168694605, 12.95959565548565, 0.0 ], [ 80.244563314204925, 12.959392394171399, 0.0 ], [ 80.244534643229841, 12.959324695634516, 0.0 ], [ 80.244526410963942, 12.95930525757371, 0.0 ], [ 80.244374214317546, 12.958948786063269, 0.0 ], [ 80.244345321021299, 12.958880886999529, 0.0 ], [ 80.244044735133016, 12.95817609802568, 0.0 ], [ 80.243826568495891, 12.957731595061778, 0.0 ], [ 80.243726232702528, 12.95754630923653, 0.0 ], [ 80.243686410952705, 12.957484740404549, 0.0 ], [ 80.243669974572313, 12.957459327931367, 0.0 ], [ 80.243280418389077, 12.95671747429628, 0.0 ], [ 80.243274092554771, 12.956705429114923, 0.0 ], [ 80.243099838851606, 12.956308203754007, 0.0 ], [ 80.24310907665182, 12.95620650772268, 0.0 ], [ 80.243106444844344, 12.956123991528109, 0.0 ], [ 80.243006101677281, 12.955753493868556, 0.0 ], [ 80.242996464442143, 12.955717910786989, 0.0 ], [ 80.242763602094797, 12.955171321407391, 0.0 ], [ 80.242739606107364, 12.95510092364295, 0.0 ], [ 80.242718482269211, 12.955038950548218, 0.0 ], [ 80.242732552577323, 12.954863802053421, 0.0 ], [ 80.242590585163853, 12.954533246911019, 0.0 ], [ 80.24233326645512, 12.953904185883756, 0.0 ], [ 80.242326089795839, 12.953899165702859, 0.0 ], [ 80.241855959789376, 12.9526404026488, 0.0 ], [ 80.241659119886663, 12.952126636707819, 0.0 ], [ 80.241890933359826, 12.951951113548247, 0.0 ], [ 80.242069813784212, 12.95186938838863, 0.0 ], [ 80.241878574156758, 12.951419140191319, 0.0 ], [ 80.243663037208378, 12.950825699339488, 0.0 ], [ 80.245588033765344, 12.950066410128619, 0.0 ], [ 80.246836516011456, 12.949860325636559, 0.0 ], [ 80.24654717777112, 12.951064896738339, 0.0 ], [ 80.245931479810324, 12.953024866200199, 0.0 ], [ 80.245986379190512, 12.955046584269168, 0.0 ], [ 80.246682314403358, 12.95479739753485, 0.0 ], [ 80.247890521426683, 12.954537726078287, 0.0 ], [ 80.249245294592541, 12.954206699816389, 0.0 ], [ 80.249340821587637, 12.954888803135377, 0.0 ], [ 80.249448795921623, 12.955487208994448, 0.0 ], [ 80.249640819020982, 12.956528447027807, 0.0 ], [ 80.249869647146866, 12.95749801952735, 0.0 ], [ 80.249579985001859, 12.957353284650519, 0.0 ], [ 80.24966539977801, 12.957415835556716, 0.0 ], [ 80.24966232448196, 12.957415155995371, 0.0 ], [ 80.249615083659464, 12.95743585004583, 0.0 ], [ 80.2496337414495, 12.95754119587062, 0.0 ], [ 80.249709716274765, 12.957857886234107, 0.0 ], [ 80.249722233660592, 12.957911044293368, 0.0 ], [ 80.249873090164215, 12.958742547453792, 0.0 ], [ 80.249875944999147, 12.958763312590198, 0.0 ], [ 80.249885463852522, 12.958812317134669, 0.0 ], [ 80.249965039616882, 12.959280482879949, 0.0 ], [ 80.249998208668814, 12.959441068327671, 0.0 ], [ 80.250004253158011, 12.959477936579695, 0.0 ], [ 80.250042504255873, 12.959686476664761, 0.0 ], [ 80.250043067667107, 12.959689542277308, 0.0 ], [ 80.250099690651965, 12.95999465883876, 0.0 ], [ 80.250162433361524, 12.960314655313599, 0.0 ], [ 80.250189953487066, 12.960459980494919, 0.0 ], [ 80.250228379736228, 12.960669964129998, 0.0 ], [ 80.250245453822075, 12.960791311420918, 0.0 ], [ 80.250375298421588, 12.961399762557836, 0.0 ], [ 80.250486126076794, 12.962034886279577, 0.0 ], [ 80.250501583289179, 12.962152025216181, 0.0 ], [ 80.250526275517856, 12.962311426109419, 0.0 ], [ 80.250566666114821, 12.96263003111131, 0.0 ], [ 80.250597274479247, 12.96278144681451, 0.0 ], [ 80.250601227000075, 12.962808406729449, 0.0 ], [ 80.250878563509971, 12.964102028551961, 0.0 ], [ 80.250889455214988, 12.964158965535729, 0.0 ], [ 80.250902468867622, 12.964226999129009, 0.0 ], [ 80.250999249615774, 12.964731827990912, 0.0 ], [ 80.251004931742017, 12.96476520474145, 0.0 ], [ 80.251072504857234, 12.965162127938701, 0.0 ], [ 80.25107241174031, 12.965162127670856, 0.0 ], [ 80.251075856067231, 12.965177887005959, 0.0 ], [ 80.251078928769715, 12.965196138162982, 0.0 ], [ 80.251097623499348, 12.965312924691288, 0.0 ], [ 80.251206466524962, 12.96604329216211, 0.0 ], [ 80.251312329942778, 12.96662544743832, 0.0 ], [ 80.2515061656961, 12.967560342548358, 0.0 ], [ 80.251555802863933, 12.9678274512298, 0.0 ], [ 80.251562733850918, 12.967832921945178, 0.0 ] ] ] ] } },
{ "type": "Feature", "properties": { "id": null, "Name": "195", "description": null, "timestamp": null, "begin": null, "end": null, "altitudeMode": null, "tessellate": 1, "extrude": 0, "visibility": -1, "drawOrder": null, "icon": null, "id_2": "ID_00198\n", "name2": "195\n" }, "geometry": { "type": "MultiPolygon", "coordinates": [ [ [ [ 80.228134692513564, 12.931638455489988, 0.0 ], [ 80.228084438997413, 12.931442887402179, 0.0 ], [ 80.227986887998085, 12.931050396820361, 0.0 ], [ 80.227859357516309, 12.930524978215916, 0.0 ], [ 80.22782497668382, 12.930383330725508, 0.0 ], [ 80.227783646501209, 12.93021305203108, 0.0 ], [ 80.227758081020255, 12.930107723170069, 0.0 ], [ 80.227527868269803, 12.929227173331839, 0.0 ], [ 80.228359534818139, 12.928969563336919, 0.0 ], [ 80.228365059351376, 12.928967708288258, 0.0 ], [ 80.228357528377842, 12.928937396403548, 0.0 ], [ 80.228327149119465, 12.928815120964771, 0.0 ], [ 80.228296238246841, 12.928690705685829, 0.0 ], [ 80.228272838853655, 12.928599972926001, 0.0 ], [ 80.228263369672462, 12.928563255506081, 0.0 ], [ 80.228248154212636, 12.928504256463659, 0.0 ], [ 80.228120946918182, 12.928011000010036, 0.0 ], [ 80.228098783021167, 12.927925057545089, 0.0 ], [ 80.228019208873661, 12.92761650132563, 0.0 ], [ 80.227994753632899, 12.927521673695971, 0.0 ], [ 80.2279679172523, 12.927417613190318, 0.0 ], [ 80.227893025742887, 12.927127214133888, 0.0 ], [ 80.227885464008963, 12.927097892746392, 0.0 ], [ 80.227796017042508, 12.926751052615968, 0.0 ], [ 80.22769515659455, 12.926359954439068, 0.0 ], [ 80.22762686976121, 12.925961941960137, 0.0 ], [ 80.227592690267443, 12.925762725042357, 0.0 ], [ 80.227564093369992, 12.925596046365479, 0.0 ], [ 80.22750835121083, 12.925271149415712, 0.0 ], [ 80.2274960164102, 12.92519925467198, 0.0 ], [ 80.227459226266745, 12.924984819062836, 0.0 ], [ 80.22740610511417, 12.924675198045252, 0.0 ], [ 80.227376728126245, 12.92450397157134, 0.0 ], [ 80.227293194606844, 12.924017087679056, 0.0 ], [ 80.227276090852001, 12.923917396450079, 0.0 ], [ 80.227274577915964, 12.92390857812288, 0.0 ], [ 80.227270799466751, 12.923886541033266, 0.0 ], [ 80.227270882873327, 12.923886494147178, 0.0 ], [ 80.22755873288672, 12.92378744174805, 0.0 ], [ 80.227794179478821, 12.923706346325218, 0.0 ], [ 80.228074064925167, 12.92368074006135, 0.0 ], [ 80.228244303651806, 12.923665165047298, 0.0 ], [ 80.228377633609711, 12.923653127011518, 0.0 ], [ 80.228474386044283, 12.92364451492193, 0.0 ], [ 80.22863295060975, 12.923630107987712, 0.0 ], [ 80.229203173492579, 12.923558350344932, 0.0 ], [ 80.229541967322575, 12.923517225120726, 0.0 ], [ 80.229555228584388, 12.923516143981102, 0.0 ], [ 80.229562318474336, 12.923513717082749, 0.0 ], [ 80.229579626270024, 12.92345051220688, 0.0 ], [ 80.229588997260166, 12.92341629106472, 0.0 ], [ 80.229633662133523, 12.923410381244389, 0.0 ], [ 80.22993490388771, 12.923370390357469, 0.0 ], [ 80.230150286942703, 12.923270681946208, 0.0 ], [ 80.230376646978385, 12.923164001117279, 0.0 ], [ 80.230441815680678, 12.923133399325799, 0.0 ], [ 80.230472724032907, 12.923316640946441, 0.0 ], [ 80.230493093979888, 12.923437638323158, 0.0 ], [ 80.230500166955309, 12.923479478557198, 0.0 ], [ 80.230541972681451, 12.923801223790099, 0.0 ], [ 80.230594506763666, 12.924162758529647, 0.0 ], [ 80.230684005962814, 12.924778681865089, 0.0 ], [ 80.230691086738886, 12.924842907863129, 0.0 ], [ 80.230743034792383, 12.92531409978859, 0.0 ], [ 80.230751627430848, 12.925392038709999, 0.0 ], [ 80.230830593384709, 12.926108292135536, 0.0 ], [ 80.230899047273113, 12.92680133930681, 0.0 ], [ 80.230991523786031, 12.927448958190032, 0.0 ], [ 80.2309979710855, 12.9274941089361, 0.0 ], [ 80.231025956575209, 12.927690092504328, 0.0 ], [ 80.231015084917416, 12.92769272426445, 0.0 ], [ 80.23100420684591, 12.927737499094439, 0.0 ], [ 80.231008907846302, 12.927768900536577, 0.0 ], [ 80.231132933812489, 12.928597391296568, 0.0 ], [ 80.231191086655855, 12.928985849481901, 0.0 ], [ 80.231205202833621, 12.929079702100617, 0.0 ], [ 80.231211790789629, 12.929124070843637, 0.0 ], [ 80.231224677661032, 12.929210868867058, 0.0 ], [ 80.231331840272375, 12.929681369918189, 0.0 ], [ 80.231335225772654, 12.92969624484877, 0.0 ], [ 80.231352081733561, 12.929770300331359, 0.0 ], [ 80.231374345651858, 12.929868115235486, 0.0 ], [ 80.231448562361862, 12.93019439150228, 0.0 ], [ 80.23154729715371, 12.930629156755549, 0.0 ], [ 80.231568093726906, 12.93068815301576, 0.0 ], [ 80.231570429640897, 12.930694779561408, 0.0 ], [ 80.231961143927933, 12.93180315483824, 0.0 ], [ 80.23198075707721, 12.93185913748724, 0.0 ], [ 80.231981111624208, 12.931860149439037, 0.0 ], [ 80.232155591085004, 12.931810918765557, 0.0 ], [ 80.232203118856333, 12.931797508428501, 0.0 ], [ 80.232431664007464, 12.931749712970698, 0.0 ], [ 80.233183767090864, 12.931592424716111, 0.0 ], [ 80.233326473636779, 12.931578503046518, 0.0 ], [ 80.233820932530122, 12.931530588460758, 0.0 ], [ 80.235001954402605, 12.931444045563762, 0.0 ], [ 80.235072257124457, 12.931439730591714, 0.0 ], [ 80.235445936129892, 12.931398410232969, 0.0 ], [ 80.236452195293509, 12.931287138218497, 0.0 ], [ 80.237344661464576, 12.931188446068157, 0.0 ], [ 80.237520821103573, 12.931409715434178, 0.0 ], [ 80.238107036427678, 12.931859695462089, 0.0 ], [ 80.238628793516412, 12.932037323526471, 0.0 ], [ 80.238861391742191, 12.932058748679927, 0.0 ], [ 80.238860575231442, 12.931968428169411, 0.0 ], [ 80.238859715957204, 12.931873377410477, 0.0 ], [ 80.238825312903586, 12.931829294405031, 0.0 ], [ 80.238793232346296, 12.931723770006981, 0.0 ], [ 80.239403448251807, 12.931626526419882, 0.0 ], [ 80.239525885839441, 12.931607014667462, 0.0 ], [ 80.239587577677071, 12.931599538280517, 0.0 ], [ 80.239588017136541, 12.931601509617337, 0.0 ], [ 80.24012940355604, 12.931519633338658, 0.0 ], [ 80.240199731042637, 12.931508977284977, 0.0 ], [ 80.240271526334766, 12.93149809880803, 0.0 ], [ 80.240400300294851, 12.931478586827891, 0.0 ], [ 80.240771594889623, 12.93140098883935, 0.0 ], [ 80.24084018820777, 12.931390437251117, 0.0 ], [ 80.241107364759529, 12.93134933777519, 0.0 ], [ 80.241112971727716, 12.931342404836068, 0.0 ], [ 80.241113811478499, 12.93134231986331, 0.0 ], [ 80.241280173352806, 12.9313254859726, 0.0 ], [ 80.241345128795814, 12.931314475866738, 0.0 ], [ 80.241681432847372, 12.931262092015876, 0.0 ], [ 80.241974914177732, 12.931207127309039, 0.0 ], [ 80.241974190937782, 12.9312038215814, 0.0 ], [ 80.242113159672343, 12.931173585889498, 0.0 ], [ 80.242291218943564, 12.931135561578269, 0.0 ], [ 80.242358998536218, 12.93112179893539, 0.0 ], [ 80.242358598556081, 12.931120184876949, 0.0 ], [ 80.242543636685582, 12.931079925124658, 0.0 ], [ 80.242638056485376, 12.93105938181891, 0.0 ], [ 80.2428140589832, 12.931014240472001, 0.0 ], [ 80.242948770204919, 12.93097968947213, 0.0 ], [ 80.24468214992018, 12.930674127230576, 0.0 ], [ 80.244764248008607, 12.931002764170431, 0.0 ], [ 80.245288606881431, 12.933946216720482, 0.0 ], [ 80.245449088135175, 12.93484705403311, 0.0 ], [ 80.245483254471637, 12.935234942263072, 0.0 ], [ 80.24553673686556, 12.935764764640226, 0.0 ], [ 80.245694222124442, 12.937247335943971, 0.0 ], [ 80.245425020114496, 12.937309882990538, 0.0 ], [ 80.245410378701536, 12.937446007291344, 0.0 ], [ 80.245203347771806, 12.939371727340898, 0.0 ], [ 80.245198810629404, 12.940880175509006, 0.0 ], [ 80.244994234212442, 12.941363429655789, 0.0 ], [ 80.244963846504774, 12.941818726261891, 0.0 ], [ 80.244411059458656, 12.942300970630061, 0.0 ], [ 80.244091011123075, 12.942584658713113, 0.0 ], [ 80.242116966775711, 12.942863544953537, 0.0 ], [ 80.240144881940196, 12.943177521947987, 0.0 ], [ 80.239967339907594, 12.942577059975102, 0.0 ], [ 80.238140429588185, 12.943141545235548, 0.0 ], [ 80.237341918060011, 12.94343997768798, 0.0 ], [ 80.237557944483228, 12.943931792515372, 0.0 ], [ 80.236890887393244, 12.943815994943179, 0.0 ], [ 80.236166055729356, 12.943614642604109, 0.0 ], [ 80.234658622490372, 12.943126377769564, 0.0 ], [ 80.234148488830343, 12.943254551569153, 0.0 ], [ 80.23367680468742, 12.943393427127974, 0.0 ], [ 80.233196218331813, 12.941485129769429, 0.0 ], [ 80.231861735648636, 12.941921484728898, 0.0 ], [ 80.232168049273298, 12.943388829889351, 0.0 ], [ 80.231478543237941, 12.943387889583446, 0.0 ], [ 80.23144748122165, 12.943218025576089, 0.0 ], [ 80.231266158483052, 12.942829406554981, 0.0 ], [ 80.231064575256909, 12.942389521566868, 0.0 ], [ 80.230471697619734, 12.942478253634759, 0.0 ], [ 80.23029445409496, 12.942085112100042, 0.0 ], [ 80.230174221679889, 12.941476575232061, 0.0 ], [ 80.23009622731756, 12.941116158830781, 0.0 ], [ 80.230044938633554, 12.940239825962573, 0.0 ], [ 80.230018334338055, 12.940082407607798, 0.0 ], [ 80.229856847391318, 12.939784506430506, 0.0 ], [ 80.229688697770655, 12.939432183775029, 0.0 ], [ 80.229617738182213, 12.938590789631091, 0.0 ], [ 80.229603612675433, 12.938149092000737, 0.0 ], [ 80.229329199332852, 12.937142696747788, 0.0 ], [ 80.229498288577503, 12.937048709850629, 0.0 ], [ 80.229459201709062, 12.936870791862701, 0.0 ], [ 80.229168776742071, 12.935693006096328, 0.0 ], [ 80.229007732554393, 12.9349798956071, 0.0 ], [ 80.228868578911744, 12.93441412911312, 0.0 ], [ 80.22883669526955, 12.93429294348763, 0.0 ], [ 80.228849344472891, 12.934140064458079, 0.0 ], [ 80.229310186051904, 12.933985921645302, 0.0 ], [ 80.229308179357645, 12.93398014725058, 0.0 ], [ 80.229308679888106, 12.933979979900299, 0.0 ], [ 80.229247031136282, 12.93353761783214, 0.0 ], [ 80.229207053369379, 12.93325075575529, 0.0 ], [ 80.229156828315936, 12.932890363113351, 0.0 ], [ 80.229156707464838, 12.932889554412549, 0.0 ], [ 80.229127993033558, 12.932697405578573, 0.0 ], [ 80.229103148008534, 12.932531149519809, 0.0 ], [ 80.229097157392673, 12.932491061942923, 0.0 ], [ 80.229066685927037, 12.932497795506711, 0.0 ], [ 80.228967139279064, 12.932519793229821, 0.0 ], [ 80.228965823767126, 12.932513849161328, 0.0 ], [ 80.22891417174435, 12.932528002632449, 0.0 ], [ 80.228408748514838, 12.932666495956802, 0.0 ], [ 80.228329951703586, 12.932370913698518, 0.0 ], [ 80.228302651193488, 12.932268503992548, 0.0 ], [ 80.228134692513564, 12.931638455489988, 0.0 ] ] ] ] } },
{ "type": "Feature", "properties": { "id": null, "Name": "196", "description": null, "timestamp": null, "begin": null, "end": null, "altitudeMode": null, "tessellate": 1, "extrude": 0, "visibility": -1, "drawOrder": null, "icon": null, "id_2": "ID_00199\n", "name2": "196\n" }, "geometry": { "type": "MultiPolygon", "coordinates": [ [ [ [ 80.231981111624208, 12.931860149439037, 0.0 ], [ 80.23198075707721, 12.93185913748724, 0.0 ], [ 80.231961143927933, 12.93180315483824, 0.0 ], [ 80.231570429640897, 12.930694779561408, 0.0 ], [ 80.231568093726906, 12.93068815301576, 0.0 ], [ 80.23154729715371, 12.930629156755549, 0.0 ], [ 80.231448562361862, 12.93019439150228, 0.0 ], [ 80.231374345651858, 12.929868115235486, 0.0 ], [ 80.231352081733561, 12.929770300331359, 0.0 ], [ 80.231335225772654, 12.92969624484877, 0.0 ], [ 80.231331840272375, 12.929681369918189, 0.0 ], [ 80.231224677661032, 12.929210868867058, 0.0 ], [ 80.231211790789629, 12.929124070843637, 0.0 ], [ 80.231205202833621, 12.929079702100617, 0.0 ], [ 80.231191086655855, 12.928985849481901, 0.0 ], [ 80.231132933812489, 12.928597391296568, 0.0 ], [ 80.231008907846302, 12.927768900536577, 0.0 ], [ 80.23100420684591, 12.927737499094439, 0.0 ], [ 80.231015084917416, 12.92769272426445, 0.0 ], [ 80.231025956575209, 12.927690092504328, 0.0 ], [ 80.2309979710855, 12.9274941089361, 0.0 ], [ 80.230991523786031, 12.927448958190032, 0.0 ], [ 80.230899047273113, 12.92680133930681, 0.0 ], [ 80.230890529691905, 12.926715104974448, 0.0 ], [ 80.230872764451462, 12.926535244662828, 0.0 ], [ 80.230830593384709, 12.926108292135536, 0.0 ], [ 80.230751627430848, 12.925392038709999, 0.0 ], [ 80.230743034792383, 12.92531409978859, 0.0 ], [ 80.230691086738886, 12.924842907863129, 0.0 ], [ 80.230684005962814, 12.924778681865089, 0.0 ], [ 80.230594506763666, 12.924162758529647, 0.0 ], [ 80.230541972681451, 12.923801223790099, 0.0 ], [ 80.230500166955309, 12.923479478557198, 0.0 ], [ 80.230493093979888, 12.923437638323158, 0.0 ], [ 80.230472724032907, 12.923316640946441, 0.0 ], [ 80.230441815680678, 12.923133399325799, 0.0 ], [ 80.230543263848119, 12.923085761445751, 0.0 ], [ 80.230850472904521, 12.922941502312812, 0.0 ], [ 80.231674545387762, 12.922556350243571, 0.0 ], [ 80.231702689479619, 12.92247350854384, 0.0 ], [ 80.231936209772144, 12.9222742741959, 0.0 ], [ 80.231899112260407, 12.921826046382693, 0.0 ], [ 80.231964501487624, 12.921235187962843, 0.0 ], [ 80.23208557292493, 12.920909215966976, 0.0 ], [ 80.232309882535134, 12.920575745856262, 0.0 ], [ 80.232588083508475, 12.920439857680858, 0.0 ], [ 80.232682767099391, 12.920325986441849, 0.0 ], [ 80.233148408076389, 12.920096964518446, 0.0 ], [ 80.23352253130048, 12.919919030176029, 0.0 ], [ 80.234209964817197, 12.91964946141243, 0.0 ], [ 80.234664435622861, 12.919526162320411, 0.0 ], [ 80.234706028348228, 12.919468076933601, 0.0 ], [ 80.235532115315053, 12.919466174513007, 0.0 ], [ 80.236570918273571, 12.919519298103328, 0.0 ], [ 80.236652547784331, 12.919559148040328, 0.0 ], [ 80.237472594485837, 12.919691079404862, 0.0 ], [ 80.237866628620921, 12.91997130124914, 0.0 ], [ 80.238015209198807, 12.919966378192678, 0.0 ], [ 80.238204304913381, 12.920220359334248, 0.0 ], [ 80.238825694700267, 12.920935308125788, 0.0 ], [ 80.239366939996515, 12.922119491716989, 0.0 ], [ 80.239933776154288, 12.923479658277321, 0.0 ], [ 80.241796046427382, 12.923571360789992, 0.0 ], [ 80.243033935104492, 12.92305698790215, 0.0 ], [ 80.243087830674341, 12.923340204288369, 0.0 ], [ 80.243499570000054, 12.925496825000048, 0.0 ], [ 80.243711556600601, 12.926582970684953, 0.0 ], [ 80.24395387362074, 12.92772442557558, 0.0 ], [ 80.243982575318114, 12.927859626745601, 0.0 ], [ 80.244061069449714, 12.92817232659328, 0.0 ], [ 80.244521612046796, 12.930015892409452, 0.0 ], [ 80.24468214992018, 12.930674127230576, 0.0 ], [ 80.242948770204919, 12.93097968947213, 0.0 ], [ 80.2428140589832, 12.931014240472001, 0.0 ], [ 80.242638056485376, 12.93105938181891, 0.0 ], [ 80.242543636685582, 12.931079925124658, 0.0 ], [ 80.242358598556081, 12.931120184876949, 0.0 ], [ 80.242358998536218, 12.93112179893539, 0.0 ], [ 80.242291218943564, 12.931135561578269, 0.0 ], [ 80.242113159672343, 12.931173585889498, 0.0 ], [ 80.241974190937782, 12.9312038215814, 0.0 ], [ 80.241974914177732, 12.931207127309039, 0.0 ], [ 80.241681432847372, 12.931262092015876, 0.0 ], [ 80.241345128795814, 12.931314475866738, 0.0 ], [ 80.241280173352806, 12.9313254859726, 0.0 ], [ 80.241113811478499, 12.93134231986331, 0.0 ], [ 80.241112971727702, 12.931342404836068, 0.0 ], [ 80.241107364759515, 12.93134933777519, 0.0 ], [ 80.240542788167531, 12.931448807922287, 0.0 ], [ 80.240400300294851, 12.931478586827891, 0.0 ], [ 80.240271526334766, 12.93149809880803, 0.0 ], [ 80.240199731042637, 12.931508977284977, 0.0 ], [ 80.24012940355604, 12.931519633338658, 0.0 ], [ 80.239588017136541, 12.931601509617337, 0.0 ], [ 80.239587577677071, 12.931599538280517, 0.0 ], [ 80.239525885839441, 12.931607014667462, 0.0 ], [ 80.239403448251807, 12.931626526419882, 0.0 ], [ 80.238793232346296, 12.931723770006981, 0.0 ], [ 80.238825312903586, 12.931829294405031, 0.0 ], [ 80.238859715957204, 12.931873377410477, 0.0 ], [ 80.238860575231442, 12.931968428169411, 0.0 ], [ 80.238861383081669, 12.932057790672179, 0.0 ], [ 80.238861391742191, 12.932058748679927, 0.0 ], [ 80.238628793516412, 12.932037323526471, 0.0 ], [ 80.238455690601441, 12.93197743422189, 0.0 ], [ 80.23810703933114, 12.931858738519402, 0.0 ], [ 80.237520824009152, 12.931408758491607, 0.0 ], [ 80.237467325328396, 12.931341560294792, 0.0 ], [ 80.237344661464576, 12.931188446068157, 0.0 ], [ 80.236452195293509, 12.931287138218497, 0.0 ], [ 80.235445936129892, 12.931398410232969, 0.0 ], [ 80.235072257124457, 12.931439730591714, 0.0 ], [ 80.235001954402605, 12.931444045563762, 0.0 ], [ 80.234793021151759, 12.93145935616548, 0.0 ], [ 80.234096832325164, 12.931510371567038, 0.0 ], [ 80.233820932530122, 12.931530588460758, 0.0 ], [ 80.233326473636779, 12.931578503046518, 0.0 ], [ 80.233183767090864, 12.931592424716111, 0.0 ], [ 80.232434470670484, 12.931749126014219, 0.0 ], [ 80.232431664007464, 12.931749712970698, 0.0 ], [ 80.232316348426053, 12.931773828850192, 0.0 ], [ 80.232203118856333, 12.931797508428501, 0.0 ], [ 80.232155591085004, 12.931810918765557, 0.0 ], [ 80.231981111624208, 12.931860149439037, 0.0 ] ] ] ] } }
]
}
