{
"type": "FeatureCollection",
"name": "output_slums_final",
"crs": { "type": "name", "properties": { "name": "urn:ogc:def:crs:OGC:1.3:CRS84" } },
"features": [
{ "type": "Feature", "properties": { "id": null, "Name": null, "description": null, "timestamp": null, "begin": null, "end": null, "altitudeMode": null, "tessellate": -1, "extrude": 0, "visibility": -1, "drawOrder": null, "icon": null, "OBJECTID": 590.0, "OBJECTID_1": 752.0, "SLUM_NAME": "Kottivakkam-Anna Nagar", "WARD_NO": 183.0, "ZONE_NO": 14, "SHAPE.AREA": 26307.30979761, "SHAPE.LEN": 696.127575975902, "total_area_sqm": 24814.540685625579, "area_outside_isochrone": 24479.519756466088, "pct_outside": 0.98649900744068331, "outside_isochrone": true, "true_metro_dist": 999999.0, "metro_covered": false, "metro_covered_red_only": false, "metro_covered_either_line": false }, "geometry": { "type": "MultiPolygon", "coordinates": [ [ [ [ 80.244503517256106, 12.975825442448899 ], [ 80.244480171838504, 12.975723136276999 ], [ 80.244385493000806, 12.975733163720998 ], [ 80.244378760127702, 12.9757338780287 ], [ 80.244370581865411, 12.975734744651898 ], [ 80.244143313488394, 12.9757302574693 ], [ 80.244141135972214, 12.975730213700396 ], [ 80.244134024908405, 12.975730071013999 ], [ 80.244024082795704, 12.9757239862681 ], [ 80.244023782758404, 12.975723974888201 ], [ 80.244023706401606, 12.975723974012798 ], [ 80.243973920870204, 12.975950120571 ], [ 80.243908311515099, 12.976248059081597 ], [ 80.243595247740302, 12.977441983975398 ], [ 80.243593659518893, 12.977448042418098 ], [ 80.243593882301099, 12.977448067803898 ], [ 80.243594334153698, 12.977448121201499 ], [ 80.244108467838601, 12.977508549804497 ], [ 80.244120680434804, 12.9775099845372 ], [ 80.244177174584706, 12.977516625099801 ], [ 80.244177270704498, 12.977516635604296 ], [ 80.244209392662398, 12.977520411078299 ], [ 80.245184843584994, 12.977635056606598 ], [ 80.245268704910103, 12.977644912400999 ], [ 80.245268779470194, 12.977644914151798 ], [ 80.2453017350648, 12.977605600393098 ], [ 80.245069385816507, 12.976909458451798 ], [ 80.244798971356417, 12.976099261006897 ], [ 80.244798147601301, 12.976096794197998 ], [ 80.244797145979803, 12.976093794285299 ], [ 80.244796840552596, 12.976093562310698 ], [ 80.244796031170495, 12.976092948672299 ], [ 80.244732549924294, 12.976044871279999 ], [ 80.244732443024802, 12.976044788994699 ], [ 80.244732297497706, 12.976044757481102 ], [ 80.2446143720571, 12.976019186873501 ], [ 80.244613079381395, 12.976018898874699 ], [ 80.244613013804397, 12.9760188918717 ], [ 80.244612855700893, 12.976018857732001 ], [ 80.244612702089, 12.976018792954196 ], [ 80.244597467560112, 12.9760124254689 ], [ 80.244543723153299, 12.975989963318598 ], [ 80.2444761752338, 12.975961730686198 ], [ 80.244475594922093, 12.975961487331599 ], [ 80.244475422445603, 12.975961415550698 ], [ 80.244489917660999, 12.9758953614026 ], [ 80.244494753292201, 12.975873322048596 ], [ 80.244504405689895, 12.975829332622901 ], [ 80.244504214348794, 12.9758284940121 ], [ 80.244503517256106, 12.975825442448899 ] ] ] ] } },
{ "type": "Feature", "properties": { "id": null, "Name": null, "description": null, "timestamp": null, "begin": null, "end": null, "altitudeMode": null, "tessellate": -1, "extrude": 0, "visibility": -1, "drawOrder": null, "icon": null, "OBJECTID": 591.0, "OBJECTID_1": 754.0, "SLUM_NAME": "Kottivakkam Elango Nagar", "WARD_NO": 183.0, "ZONE_NO": 14, "SHAPE.AREA": 17980.318399039999, "SHAPE.LEN": 2182.4178676899801, "total_area_sqm": 16960.406093775306, "area_outside_isochrone": 15836.3455730403, "pct_outside": 0.9337244335707533, "outside_isochrone": true, "true_metro_dist": 983.80490226845313, "metro_covered": false, "metro_covered_red_only": false, "metro_covered_either_line": false }, "geometry": { "type": "MultiPolygon", "coordinates": [ [ [ [ 80.251788557766304, 12.968939816921401 ], [ 80.251788528121907, 12.968939816045998 ], [ 80.2517894911159, 12.9689455350403 ], [ 80.251802859843906, 12.969024961903798 ], [ 80.251804839730795, 12.969036725537402 ], [ 80.251923612282695, 12.969742404217696 ], [ 80.251925374777301, 12.9697528774806 ], [ 80.252036552073506, 12.970413426607001 ], [ 80.252036797313593, 12.970414882390198 ], [ 80.252294226626205, 12.971944368265101 ], [ 80.252294869820005, 12.971948189343996 ], [ 80.252295310892805, 12.971949717775601 ], [ 80.252551921840194, 12.972839617876797 ], [ 80.252551955077905, 12.9728397308018 ], [ 80.252552208402804, 12.972840610565898 ], [ 80.252671592707401, 12.973531684915699 ], [ 80.252682977057006, 12.973597585623899 ], [ 80.252771714437401, 12.9741112502413 ], [ 80.252776877055396, 12.974141134930901 ], [ 80.252784881044505, 12.974187463677101 ], [ 80.252788121267798, 12.974207240317096 ], [ 80.252794465170297, 12.974245953225399 ], [ 80.252955543880503, 12.975228876885598 ], [ 80.252956944353997, 12.975237904667098 ], [ 80.252960102830599, 12.975258254596602 ], [ 80.253072210781397, 12.975980633559603 ], [ 80.253099553702, 12.976156811703 ], [ 80.253103732664698, 12.976183740879199 ], [ 80.253105865265198, 12.976197478145599 ], [ 80.253204371824296, 12.976882272869902 ], [ 80.253204507469903, 12.976883220023499 ], [ 80.253204534419396, 12.9768834047272 ], [ 80.253204414045101, 12.976883505395101 ], [ 80.253203771749696, 12.976884035871098 ], [ 80.253198849880306, 12.976888108106101 ], [ 80.253198355806902, 12.97688851603 ], [ 80.253162387262904, 12.976918270830502 ], [ 80.253224234473606, 12.977537074635098 ], [ 80.253226475770205, 12.977559497253996 ], [ 80.253227065963301, 12.977565715011298 ], [ 80.253287056356299, 12.978197146143998 ], [ 80.253287093187296, 12.978197535682902 ], [ 80.253287156069305, 12.978197522552399 ], [ 80.253312303507414, 12.978192045372502 ], [ 80.253312604442996, 12.978191980595298 ], [ 80.253516619928902, 12.9781475556463 ], [ 80.253452588913703, 12.9776249670879 ], [ 80.253366678531506, 12.9770272415969 ], [ 80.253253617468204, 12.976248384721201 ], [ 80.253194520898916, 12.975946994602296 ], [ 80.2530513833415, 12.975216997119601 ], [ 80.253051377053296, 12.975216965605902 ], [ 80.253046704017194, 12.9751853898135 ], [ 80.253046671677893, 12.975185169217998 ], [ 80.252754979721999, 12.973214294702903 ], [ 80.252495663048904, 12.971955223980801 ], [ 80.252489280518802, 12.9719216483825 ], [ 80.252489187992296, 12.97192116079 ], [ 80.252484324513404, 12.9718955810044 ], [ 80.252484251749806, 12.971895193206398 ], [ 80.251923128090795, 12.968943553132602 ], [ 80.2518174278229, 12.968940618788698 ], [ 80.251817199650802, 12.9689406126609 ], [ 80.251788557766304, 12.968939816921401 ] ] ] ] } },
{ "type": "Feature", "properties": { "id": null, "Name": null, "description": null, "timestamp": null, "begin": null, "end": null, "altitudeMode": null, "tessellate": -1, "extrude": 0, "visibility": -1, "drawOrder": null, "icon": null, "OBJECTID": 592.0, "OBJECTID_1": 756.0, "SLUM_NAME": "Kandanchavadi Kallukutti Part X", "WARD_NO": 184.0, "ZONE_NO": 14, "SHAPE.AREA": 4042.73484598, "SHAPE.LEN": 275.89100317831799, "total_area_sqm": 3813.7090479469534, "area_outside_isochrone": 505.87337760575645, "pct_outside": 0.13264603336169153, "outside_isochrone": false, "true_metro_dist": 1280.3073722073445, "metro_covered": false, "metro_covered_red_only": false, "metro_covered_either_line": false }, "geometry": { "type": "MultiPolygon", "coordinates": [ [ [ [ 80.246283213682901, 12.964661901475196 ], [ 80.246395499500196, 12.964024989131 ], [ 80.246395516568199, 12.964024894585799 ], [ 80.246395439313005, 12.964024892834999 ], [ 80.246395077291993, 12.964024891959498 ], [ 80.246378985770306, 12.964024888457901 ], [ 80.245979147433999, 12.964024741387599 ], [ 80.245895363364014, 12.964024711623402 ], [ 80.245895287007301, 12.964024707246303 ], [ 80.245895295092097, 12.964024980376797 ], [ 80.245910535010907, 12.964518343716502 ], [ 80.245969030607299, 12.964540603806199 ], [ 80.245981705835902, 12.964818974690401 ], [ 80.246251835530103, 12.964842581141898 ], [ 80.246251976565603, 12.9648425933977 ], [ 80.246267892915796, 12.964750525947903 ], [ 80.246283213682901, 12.964661901475196 ] ] ] ] } },
{ "type": "Feature", "properties": { "id": null, "Name": null, "description": null, "timestamp": null, "begin": null, "end": null, "altitudeMode": null, "tessellate": -1, "extrude": 0, "visibility": -1, "drawOrder": null, "icon": null, "OBJECTID": 593.0, "OBJECTID_1": 757.0, "SLUM_NAME": "Kottivakkam Kuppam", "WARD_NO": 183.0, "ZONE_NO": 14, "SHAPE.AREA": 40117.13498974, "SHAPE.LEN": 817.54274079838206, "total_area_sqm": 37843.155622691585, "area_outside_isochrone": 37843.155622691578, "pct_outside": 0.99999999999999978, "outside_isochrone": true, "true_metro_dist": 999999.0, "metro_covered": false, "metro_covered_red_only": false, "metro_covered_either_line": false }, "geometry": { "type": "MultiPolygon", "coordinates": [ [ [ [ 80.264863659795793, 12.966625282838999 ], [ 80.264849154698993, 12.966531009141601 ], [ 80.263687463254996, 12.966757684050499 ], [ 80.263694688404797, 12.9668726829523 ], [ 80.263356510429603, 12.966918819587002 ], [ 80.263356559836893, 12.966919429746397 ], [ 80.263356611939201, 12.9669200556632 ], [ 80.263364238635901, 12.967012639676298 ], [ 80.263364899796002, 12.9670206549092 ], [ 80.263377421412798, 12.9670898506252 ], [ 80.263588389858896, 12.968255634120899 ], [ 80.263588808473799, 12.968257989831299 ], [ 80.263589836146494, 12.968265200528499 ], [ 80.2636238939739, 12.968506187563602 ], [ 80.263624611727806, 12.968511266648697 ], [ 80.263631176615917, 12.968557703242599 ], [ 80.263634559671303, 12.968558059531301 ], [ 80.264005659104996, 12.968597111223998 ], [ 80.264007509634496, 12.968597303812501 ], [ 80.264025623263905, 12.968794879371901 ], [ 80.264167505874795, 12.968780184007299 ], [ 80.264197700946497, 12.9687770553224 ], [ 80.264197942593299, 12.968777030811101 ], [ 80.265154124653094, 12.968677992241298 ], [ 80.265171885244513, 12.968673746542301 ], [ 80.265209733064097, 12.968664700139096 ], [ 80.265155150529097, 12.968238322143701 ], [ 80.265154963679507, 12.968236859344598 ], [ 80.2651238047156, 12.967993452431198 ], [ 80.265119703007997, 12.9679614196362 ], [ 80.265108135402102, 12.967871055127 ], [ 80.265108075214897, 12.967870591162498 ], [ 80.265104047169203, 12.967839119486099 ], [ 80.265104042677606, 12.967839081843698 ], [ 80.265086235373801, 12.967699957219601 ], [ 80.265072940307604, 12.967596122748898 ], [ 80.265044519408605, 12.967464367157897 ], [ 80.265042959035, 12.967457133676898 ], [ 80.265034245376711, 12.967416738931901 ], [ 80.265034142070505, 12.967416260084699 ], [ 80.265026936683498, 12.967382852827297 ], [ 80.265026906140804, 12.967382714513001 ], [ 80.264995370782799, 12.967236514594996 ], [ 80.264995285442794, 12.967236118911099 ], [ 80.264988522925407, 12.967204767960601 ], [ 80.264988461839906, 12.9672044843287 ], [ 80.264950354407205, 12.967027823622701 ], [ 80.2649503085932, 12.967027613524902 ], [ 80.264945675082899, 12.967006132770601 ], [ 80.264945649031802, 12.967006011964299 ], [ 80.264869371284405, 12.966652389879799 ], [ 80.264869272469696, 12.966651933791697 ], [ 80.264863999358994, 12.966627485368198 ], [ 80.264863716389698, 12.9666256557633 ], [ 80.264863659795793, 12.966625282838999 ] ] ] ] } },
{ "type": "Feature", "properties": { "id": null, "Name": null, "description": null, "timestamp": null, "begin": null, "end": null, "altitudeMode": null, "tessellate": -1, "extrude": 0, "visibility": -1, "drawOrder": null, "icon": null, "OBJECTID": 594.0, "OBJECTID_1": 759.0, "SLUM_NAME": "Kottivakkam M.G.R.Nagar", "WARD_NO": 183.0, "ZONE_NO": 14, "SHAPE.AREA": 32002.231729160001, "SHAPE.LEN": 1452.74697173614, "total_area_sqm": 30185.788569512333, "area_outside_isochrone": 9955.3834682576653, "pct_outside": 0.32980365728502481, "outside_isochrone": false, "true_metro_dist": 1321.2982674168586, "metro_covered": false, "metro_covered_red_only": false, "metro_covered_either_line": false }, "geometry": { "type": "MultiPolygon", "coordinates": [ [ [ [ 80.249731635852896, 12.980346525939597 ], [ 80.249336930490102, 12.978607649795102 ], [ 80.249023165131007, 12.978719239792898 ], [ 80.249022704295299, 12.978719404361799 ], [ 80.249022568649707, 12.978719452506999 ], [ 80.2490221042207, 12.978717724533498 ], [ 80.2490213702971, 12.978714991639199 ], [ 80.248947177539506, 12.978438689918301 ], [ 80.248944761969597, 12.978429692890899 ], [ 80.248944864377606, 12.978429664879098 ], [ 80.249148383993401, 12.978373391870699 ], [ 80.2491210078351, 12.9781533479599 ], [ 80.250914351467799, 12.977557900578002 ], [ 80.250915358479205, 12.977557566186498 ], [ 80.250915403394998, 12.977557550429799 ], [ 80.251059039517301, 12.977574055542002 ], [ 80.251069192276702, 12.977575222410996 ], [ 80.2510695327381, 12.977575255674999 ], [ 80.251277155858205, 12.977903234042202 ], [ 80.251398744628503, 12.977837337976498 ], [ 80.251558621392903, 12.977750691250099 ], [ 80.251558597138398, 12.9777506527338 ], [ 80.251445437260301, 12.977565412133096 ], [ 80.2514346987994, 12.977547832940502 ], [ 80.251434453559398, 12.977547432020799 ], [ 80.251376778124893, 12.977453018026802 ], [ 80.251376663140505, 12.977452835074301 ], [ 80.251278174547707, 12.9774210048328 ], [ 80.251271606066297, 12.977418882057899 ], [ 80.250845235089798, 12.977281083727998 ], [ 80.250841271722706, 12.977279803059398 ], [ 80.250838714219199, 12.977279583341101 ], [ 80.250773670802701, 12.977273997594999 ], [ 80.25077157323652, 12.977273817268401 ], [ 80.250769567298505, 12.977274197179696 ], [ 80.250679147373503, 12.977291359714799 ], [ 80.250578895387818, 12.977326434099398 ], [ 80.250496777692703, 12.977355162912398 ], [ 80.249784319349303, 12.977604423019898 ], [ 80.249767325020798, 12.977610368535897 ], [ 80.249572918813499, 12.9776783830575 ], [ 80.249569931915204, 12.977679427374099 ], [ 80.249569436045221, 12.977679600697398 ], [ 80.249192686208303, 12.977764179825 ], [ 80.2491925245115, 12.9777642095875 ], [ 80.249148279788898, 12.977774145035497 ], [ 80.249136855015095, 12.977776709869097 ], [ 80.249124104327905, 12.977780488840597 ], [ 80.249054722048598, 12.977801050401499 ], [ 80.249039712996904, 12.977805499030602 ], [ 80.249001840922801, 12.977816723020997 ], [ 80.248995470969106, 12.977818610318099 ], [ 80.2489945870269, 12.9778191162818 ], [ 80.248811033366593, 12.977924071334201 ], [ 80.248810696498296, 12.977924263915503 ], [ 80.248810635412894, 12.977924298930199 ], [ 80.248788172140905, 12.977939322893402 ], [ 80.248785927251006, 12.977940825026998 ], [ 80.248594560942706, 12.978068815359302 ], [ 80.248594476500998, 12.9780688722583 ], [ 80.248594360618299, 12.978068949290696 ], [ 80.248594285159896, 12.9780689536676 ], [ 80.248594158497397, 12.978068971174903 ], [ 80.248593795578003, 12.978069008815796 ], [ 80.248475959070603, 12.9780812893645 ], [ 80.248475880018901, 12.978081297242801 ], [ 80.248462350492403, 12.978082707461896 ], [ 80.248671036319394, 12.978612600870299 ], [ 80.248540505718793, 12.9789381373491 ], [ 80.248539270535204, 12.978941217761202 ], [ 80.248510133679019, 12.979013886236999 ], [ 80.248509999830006, 12.9790142188759 ], [ 80.248508607441295, 12.9790176914507 ], [ 80.248775019008505, 12.9789978399119 ], [ 80.249085976233999, 12.980483503232996 ], [ 80.249095473223207, 12.980497040679699 ], [ 80.24909557473282, 12.980497185114199 ], [ 80.249211605626499, 12.980662587880897 ], [ 80.2494670676287, 12.980629731253398 ], [ 80.249467344309807, 12.980629696238999 ], [ 80.249489400645004, 12.980626859197898 ], [ 80.249489530002293, 12.980626841690702 ], [ 80.249761980044894, 12.980591799284802 ], [ 80.249786592087005, 12.980588633983302 ], [ 80.249784496317503, 12.980579403312598 ], [ 80.249731635852896, 12.980346525939597 ] ] ] ] } },
{ "type": "Feature", "properties": { "id": null, "Name": null, "description": null, "timestamp": null, "begin": null, "end": null, "altitudeMode": null, "tessellate": -1, "extrude": 0, "visibility": -1, "drawOrder": null, "icon": null, "OBJECTID": 635.0, "OBJECTID_1": 802.0, "SLUM_NAME": "Kottivakkam Vengadapuram", "WARD_NO": 183.0, "ZONE_NO": 14, "SHAPE.AREA": 9353.8722724899999, "SHAPE.LEN": 501.05814103224202, "total_area_sqm": 8823.6472789869931, "area_outside_isochrone": 8823.6472789869949, "pct_outside": 1.0000000000000002, "outside_isochrone": true, "true_metro_dist": 747.07854888036081, "metro_covered": false, "metro_covered_red_only": false, "metro_covered_either_line": false }, "geometry": { "type": "MultiPolygon", "coordinates": [ [ [ [ 80.252333802804401, 12.967768094381899 ], [ 80.252304848306196, 12.967636310869 ], [ 80.252263118866296, 12.967640354367102 ], [ 80.252262896084105, 12.967640376252197 ], [ 80.252220579145998, 12.967644477526996 ], [ 80.252220434517199, 12.967644491533498 ], [ 80.251960459379006, 12.9676696883287 ], [ 80.251960139578799, 12.967669718967795 ], [ 80.251952827292399, 12.967670428046198 ], [ 80.251945015542702, 12.9677183976316 ], [ 80.2522452585618, 12.969469012859102 ], [ 80.252335916540204, 12.969447825574298 ], [ 80.252335946184601, 12.969447818571101 ], [ 80.252586478232502, 12.969389265741201 ], [ 80.252586739642297, 12.969389204463202 ], [ 80.252617388363205, 12.9693820419456 ], [ 80.252617514127294, 12.969382012182001 ], [ 80.252692574657516, 12.969364470053099 ], [ 80.2526775278765, 12.969332502214101 ], [ 80.252333802804401, 12.967768094381899 ] ] ] ] } },
{ "type": "Feature", "properties": { "id": null, "Name": null, "description": null, "timestamp": null, "begin": null, "end": null, "altitudeMode": null, "tessellate": -1, "extrude": 0, "visibility": -1, "drawOrder": null, "icon": null, "OBJECTID": 636.0, "OBJECTID_1": 803.0, "SLUM_NAME": "Anjugam Ammaiyar Nagar-Kallukuttai Part VIII", "WARD_NO": 184.0, "ZONE_NO": 14, "SHAPE.AREA": 68714.690980515006, "SHAPE.LEN": 1053.68624538987, "total_area_sqm": 64819.846120283204, "area_outside_isochrone": 64819.846120283233, "pct_outside": 1.0000000000000004, "outside_isochrone": true, "true_metro_dist": 999999.0, "metro_covered": false, "metro_covered_red_only": false, "metro_covered_either_line": false }, "geometry": { "type": "MultiPolygon", "coordinates": [ [ [ [ 80.233097546109903, 12.968095800300299 ], [ 80.233101880481101, 12.968000932760599 ], [ 80.231355670553199, 12.968066310567101 ], [ 80.231355571738504, 12.9680663140687 ], [ 80.230763068129903, 12.9680884950546 ], [ 80.230762897450006, 12.968088502057796 ], [ 80.230722962843998, 12.968089996372299 ], [ 80.230722714010696, 12.968090005126403 ], [ 80.2306949066611, 12.968091045981602 ], [ 80.230694528470394, 12.968091060863502 ], [ 80.230617923736219, 12.968093928686798 ], [ 80.230629324255503, 12.968244540134 ], [ 80.230638648768107, 12.968367737372798 ], [ 80.230638652361307, 12.968367789897 ], [ 80.230640094157394, 12.968386833412101 ], [ 80.230640112123695, 12.968387066269296 ], [ 80.230667469417398, 12.968748517231399 ], [ 80.230667490078602, 12.9687487851043 ], [ 80.230669884987194, 12.968780427368898 ], [ 80.230669911038305, 12.9687807722771 ], [ 80.2306966269349, 12.969133747917599 ], [ 80.230696649392698, 12.969134035048899 ], [ 80.2306987236027, 12.9691614438294 ], [ 80.23069872809431, 12.969161502481196 ], [ 80.230725085562995, 12.969509733794599 ], [ 80.230725106224313, 12.969510007794502 ], [ 80.230726894770015, 12.969533639187599 ], [ 80.230753528021609, 12.969885509008098 ], [ 80.230753555869413, 12.969885882802899 ], [ 80.230755336330205, 12.9699093994831 ], [ 80.230755371364594, 12.9699098721978 ], [ 80.230769602475306, 12.9700978856304 ], [ 80.230769632119703, 12.970098267303399 ], [ 80.230771475462603, 12.970122630472298 ], [ 80.2307714871407, 12.970122778414396 ], [ 80.230798195850795, 12.970475637473898 ], [ 80.230847013896593, 12.970469590241498 ], [ 80.230847233983809, 12.9704695622288 ], [ 80.230875191352098, 12.970466100039401 ], [ 80.2315536439704, 12.9703820550474 ], [ 80.231555822385005, 12.970381784550099 ], [ 80.231558157106406, 12.9703814956694 ], [ 80.231558495771296, 12.970381452775101 ], [ 80.231693436201695, 12.970364737090398 ], [ 80.231893300572594, 12.970339977390898 ], [ 80.231893540422803, 12.9703399476274 ], [ 80.232026960005399, 12.970323419274699 ], [ 80.232103770453804, 12.970318051345997 ], [ 80.232105548219707, 12.970317927039702 ], [ 80.232224287533995, 12.9703096300354 ], [ 80.232224391738598, 12.970309623032298 ], [ 80.232244888598402, 12.970308190884198 ], [ 80.232245035922105, 12.970308180379503 ], [ 80.232998875159097, 12.970255500785898 ], [ 80.232999682744506, 12.970237817779799 ], [ 80.232999694422602, 12.9702375630395 ], [ 80.233005841594107, 12.9701030102036 ], [ 80.2330058541705, 12.9701027327028 ], [ 80.233006764163903, 12.970082806918901 ], [ 80.233006782130204, 12.970082422619699 ], [ 80.233019433104303, 12.969805505532101 ], [ 80.233019447477403, 12.969805211398398 ], [ 80.2330205254557, 12.969781620299399 ], [ 80.233026977156101, 12.969640414188602 ], [ 80.233027048123006, 12.969638852477701 ], [ 80.233057939388999, 12.968962714782799 ], [ 80.233058680499099, 12.968946497981298 ], [ 80.233095325474508, 12.96814441235 ], [ 80.233095353322298, 12.968143799567402 ], [ 80.2330975434149, 12.9680958572016 ], [ 80.233097546109903, 12.968095800300299 ] ] ] ] } },
{ "type": "Feature", "properties": { "id": null, "Name": null, "description": null, "timestamp": null, "begin": null, "end": null, "altitudeMode": null, "tessellate": -1, "extrude": 0, "visibility": -1, "drawOrder": null, "icon": null, "OBJECTID": 637.0, "OBJECTID_1": 804.0, "SLUM_NAME": "Annal Ambedkar Nagar- Kallu kuttai part-VI", "WARD_NO": 184.0, "ZONE_NO": 14, "SHAPE.AREA": 8614.2935682850002, "SHAPE.LEN": 597.33827761217299, "total_area_sqm": 8126.0095230270736, "area_outside_isochrone": 8126.0095230270754, "pct_outside": 1.0000000000000002, "outside_isochrone": true, "true_metro_dist": 999999.0, "metro_covered": false, "metro_covered_red_only": false, "metro_covered_either_line": false }, "geometry": { "type": "MultiPolygon", "coordinates": [ [ [ [ 80.235757510666801, 12.968537962044898 ], [ 80.2357586784766, 12.967957528463698 ], [ 80.235529658384806, 12.968019092145603 ], [ 80.235529508366199, 12.9680191324142 ], [ 80.235503967466002, 12.9680259973336 ], [ 80.2354840230701, 12.968031359183998 ], [ 80.235445016423796, 12.9703263299666 ], [ 80.235485315745805, 12.9703245021397 ], [ 80.235485603206698, 12.970324489884099 ], [ 80.235510805442004, 12.970323347492197 ], [ 80.235511011156206, 12.970323337862899 ], [ 80.235753938965203, 12.970312325380098 ], [ 80.235754000948901, 12.970281838833301 ], [ 80.235754003643905, 12.970280430320802 ], [ 80.235757490903794, 12.968547625611297 ], [ 80.235757510666801, 12.968537962044898 ] ] ] ] } },
{ "type": "Feature", "properties": { "id": null, "Name": null, "description": null, "timestamp": null, "begin": null, "end": null, "altitudeMode": null, "tessellate": -1, "extrude": 0, "visibility": -1, "drawOrder": null, "icon": null, "OBJECTID": 640.0, "OBJECTID_1": 807.0, "SLUM_NAME": "Annai Sathya Nagar-Kallukuttai Part IX", "WARD_NO": 184.0, "ZONE_NO": 14, "SHAPE.AREA": 89257.555211710001, "SHAPE.LEN": 1183.0009944035601, "total_area_sqm": 84198.758881448623, "area_outside_isochrone": 84198.758881448623, "pct_outside": 1.0, "outside_isochrone": true, "true_metro_dist": 999999.0, "metro_covered": false, "metro_covered_red_only": false, "metro_covered_either_line": false }, "geometry": { "type": "MultiPolygon", "coordinates": [ [ [ [ 80.229429420275906, 12.9672597794086 ], [ 80.229341097018903, 12.967259075581502 ], [ 80.229292917675295, 12.9672668080501 ], [ 80.229201463789494, 12.9672814868713 ], [ 80.229119959643697, 12.967294568074401 ], [ 80.229013849744007, 12.9673115982363 ], [ 80.2286425877152, 12.967371183659402 ], [ 80.228517346394895, 12.9673912847417 ], [ 80.228517077798699, 12.967391327636598 ], [ 80.228131581964107, 12.967453198726199 ], [ 80.227867813240493, 12.968403006479898 ], [ 80.227857596700801, 12.968439791779398 ], [ 80.227857537412007, 12.968440002751503 ], [ 80.227851060558805, 12.968463325228999 ], [ 80.227851042592505, 12.968463390884198 ], [ 80.227847999100305, 12.968474350924701 ], [ 80.227794559222403, 12.9686667809694 ], [ 80.227789166635702, 12.968686199133602 ], [ 80.227788884564703, 12.968696743348501 ], [ 80.227788364440201, 12.968716214034398 ], [ 80.229242710834001, 12.9701021295543 ], [ 80.229290406884004, 12.970147580154599 ], [ 80.229474606433001, 12.9703231120107 ], [ 80.229474707044403, 12.970323208304299 ], [ 80.2294945589138, 12.9703421247373 ], [ 80.229494596643093, 12.970342161503904 ], [ 80.229630348252201, 12.970471522239396 ], [ 80.229650992435694, 12.9704715239903 ], [ 80.229969897056506, 12.970455116450898 ], [ 80.230662312189295, 12.970419490473301 ], [ 80.230652737944993, 12.970135518938797 ], [ 80.2306527253686, 12.970135131138001 ], [ 80.230651909698295, 12.970110936046501 ], [ 80.230651905206798, 12.970110819618698 ], [ 80.230645504710296, 12.969920951228598 ], [ 80.230645492133903, 12.969920563427598 ], [ 80.230644687243498, 12.9698966852091 ], [ 80.230644680955194, 12.969896519759002 ], [ 80.230632798040702, 12.969544028420898 ], [ 80.230631996743398, 12.969520290230202 ], [ 80.230631994048494, 12.969520221073699 ], [ 80.230620109337295, 12.969167674927599 ], [ 80.230620106642306, 12.9691676083972 ], [ 80.230619186767498, 12.9691403265504 ], [ 80.230619172394398, 12.969139903732099 ], [ 80.230607140359496, 12.968783019432799 ], [ 80.230607128681399, 12.968782686780202 ], [ 80.230606086635703, 12.968751768472996 ], [ 80.230606077652496, 12.968751515481902 ], [ 80.230593843496706, 12.968388641994499 ], [ 80.230593840801703, 12.968388529942894 ], [ 80.230593188624795, 12.968369172158299 ], [ 80.230588893779498, 12.968241773859297 ], [ 80.230578933259594, 12.967946330290403 ], [ 80.230578930564604, 12.9679462532548 ], [ 80.230577857077904, 12.9679143955345 ], [ 80.230577848094697, 12.967914157424502 ], [ 80.230571144866104, 12.967715339841103 ], [ 80.230571139476197, 12.967715158632197 ], [ 80.230570267212002, 12.967689283402496 ], [ 80.230570255533905, 12.967688922735501 ], [ 80.230561970372094, 12.967443167446699 ], [ 80.230561964982201, 12.967443023880097 ], [ 80.230561282262599, 12.967422766104196 ], [ 80.230561280465906, 12.9674227057012 ], [ 80.230556090898503, 12.967268763708898 ], [ 80.229689853554902, 12.967261856748998 ], [ 80.229685781491696, 12.967261824358999 ], [ 80.229433344117112, 12.967259810923201 ], [ 80.229429420275906, 12.9672597794086 ] ] ] ] } },
{ "type": "Feature", "properties": { "id": null, "Name": null, "description": null, "timestamp": null, "begin": null, "end": null, "altitudeMode": null, "tessellate": -1, "extrude": 0, "visibility": -1, "drawOrder": null, "icon": null, "OBJECTID": 645.0, "OBJECTID_1": 812.0, "SLUM_NAME": "Pallikaranai - Bharathidasan Street -Part-I", "WARD_NO": 190.0, "ZONE_NO": 14, "SHAPE.AREA": 32085.205610540001, "SHAPE.LEN": 814.30723967945096, "total_area_sqm": 30276.722254021181, "area_outside_isochrone": 16663.032911699531, "pct_outside": 0.55035788788155371, "outside_isochrone": true, "true_metro_dist": 999999.0, "metro_covered": false, "metro_covered_red_only": false, "metro_covered_either_line": false }, "geometry": { "type": "MultiPolygon", "coordinates": [ [ [ [ 80.198153286373497, 12.930185338217196 ], [ 80.198127196602698, 12.927798873578498 ], [ 80.197749481076897, 12.927894335158699 ], [ 80.197749160378294, 12.927894416584401 ], [ 80.1977210053807, 12.927901532139598 ], [ 80.197720862548607, 12.927901568912496 ], [ 80.197422934488003, 12.9279768649053 ], [ 80.197331004494998, 12.928103374975098 ], [ 80.197330943409611, 12.928103459902902 ], [ 80.197305655834299, 12.928138261039498 ], [ 80.197305603732104, 12.928138331958602 ], [ 80.197272311269302, 12.9281841491867 ], [ 80.197248544541793, 12.928216856010799 ], [ 80.197248269657393, 12.928217234245798 ], [ 80.197201225784298, 12.928281974587803 ], [ 80.196440369806595, 12.9284990524402 ], [ 80.196434423857795, 12.928500748367 ], [ 80.196266176591493, 12.928548750008 ], [ 80.196266112811102, 12.928548768394398 ], [ 80.196131715861497, 12.9285871119147 ], [ 80.196414151576704, 12.9288672206341 ], [ 80.196414435444296, 12.928867502558498 ], [ 80.196431754963001, 12.928884679810999 ], [ 80.196431955287295, 12.928884878558998 ], [ 80.196670643946518, 12.929121598646402 ], [ 80.196670802049994, 12.929121756243703 ], [ 80.196693574342504, 12.9291443408185 ], [ 80.196693815090995, 12.9291445798411 ], [ 80.196875178658601, 12.929324448241898 ], [ 80.197214166914307, 12.929557081770501 ], [ 80.197216259988906, 12.929558518530499 ], [ 80.197341848058798, 12.929644704853301 ], [ 80.197552680859403, 12.929789390257399 ], [ 80.197553307883496, 12.929789820146798 ], [ 80.1975848073089, 12.9298114371912 ], [ 80.197585066023706, 12.9298116149255 ], [ 80.197800390400701, 12.929959383001799 ], [ 80.197800415553502, 12.929959400512601 ], [ 80.197829028691999, 12.9299790362001 ], [ 80.197829294593305, 12.929979219187498 ], [ 80.198129806208598, 12.930185445032699 ], [ 80.1981300298891, 12.930185599127199 ], [ 80.198153464239894, 12.930201680992198 ], [ 80.198153287271793, 12.930185442406099 ], [ 80.198153286373497, 12.930185338217196 ] ] ] ] } },
{ "type": "Feature", "properties": { "id": null, "Name": null, "description": null, "timestamp": null, "begin": null, "end": null, "altitudeMode": null, "tessellate": -1, "extrude": 0, "visibility": -1, "drawOrder": null, "icon": null, "OBJECTID": 646.0, "OBJECTID_1": 813.0, "SLUM_NAME": "Pallikaranai - Bharathidasan Street -Part-II", "WARD_NO": 190.0, "ZONE_NO": 14, "SHAPE.AREA": 4713.821044065, "SHAPE.LEN": 452.13289608225102, "total_area_sqm": 4448.1300236704064, "area_outside_isochrone": 2052.9856557367611, "pct_outside": 0.46153903883473379, "outside_isochrone": false, "true_metro_dist": 999999.0, "metro_covered": false, "metro_covered_red_only": false, "metro_covered_either_line": false }, "geometry": { "type": "MultiPolygon", "coordinates": [ [ [ [ 80.198370694841898, 12.927862764750097 ], [ 80.198245475979604, 12.9277819641681 ], [ 80.198250528104694, 12.927824742443699 ], [ 80.198287002400207, 12.929616508993794 ], [ 80.198412391942497, 12.929595341959699 ], [ 80.198436455114006, 12.929591281208902 ], [ 80.198436826118197, 12.929591218170099 ], [ 80.198498427190501, 12.929580820266498 ], [ 80.198465353018406, 12.927923845405802 ], [ 80.198393381794503, 12.927877404741798 ], [ 80.1983932524371, 12.927877320689397 ], [ 80.198371047879903, 12.9278629923919 ], [ 80.198370694841898, 12.927862764750097 ] ] ] ] } },
{ "type": "Feature", "properties": { "id": null, "Name": null, "description": null, "timestamp": null, "begin": null, "end": null, "altitudeMode": null, "tessellate": -1, "extrude": 0, "visibility": -1, "drawOrder": null, "icon": null, "OBJECTID": 647.0, "OBJECTID_1": 814.0, "SLUM_NAME": "Kallukuttai (Ex-Serviceman Colony Part-VII)", "WARD_NO": 184.0, "ZONE_NO": 14, "SHAPE.AREA": 43970.840824585001, "SHAPE.LEN": 1200.4426444748699, "total_area_sqm": 41478.961544159909, "area_outside_isochrone": 41478.961544159887, "pct_outside": 0.99999999999999944, "outside_isochrone": true, "true_metro_dist": 999999.0, "metro_covered": false, "metro_covered_red_only": false, "metro_covered_either_line": false }, "geometry": { "type": "MultiPolygon", "coordinates": [ [ [ [ 80.235357962486304, 12.967963697438401 ], [ 80.2353563841463, 12.967944270463702 ], [ 80.235356374264796, 12.967944137402302 ], [ 80.235342866297898, 12.967777856899001 ], [ 80.235342854619802, 12.9677777150834 ], [ 80.235340616018107, 12.967750156456201 ], [ 80.235340600746795, 12.967749971745699 ], [ 80.235320337448897, 12.967500512674402 ], [ 80.235320327567507, 12.967500395370001 ], [ 80.235317893133001, 12.967470415338703 ], [ 80.235317890438111, 12.967470385574899 ], [ 80.235301395572804, 12.967267312284401 ], [ 80.2331828564175, 12.967255172142298 ], [ 80.233182827671399, 12.9672551721423 ], [ 80.233148421297699, 12.9672549743003 ], [ 80.233148179650897, 12.9672549734249 ], [ 80.231344434425594, 12.9672446234893 ], [ 80.231344051743307, 12.967244621738502 ], [ 80.2310588474204, 12.967242983852202 ], [ 80.231058764775398, 12.967242982976796 ], [ 80.230997719760197, 12.967242632813997 ], [ 80.230997448468997, 12.967242631063201 ], [ 80.230932268508596, 12.967242255513602 ], [ 80.230863350658296, 12.9672418607051 ], [ 80.230862964382794, 12.967241858954294 ], [ 80.230731059359698, 12.967241100851899 ], [ 80.230725663179797, 12.967376884306198 ], [ 80.2307256586882, 12.967376998109101 ], [ 80.230725308345299, 12.967385788064897 ], [ 80.230725299362106, 12.9673860069166 ], [ 80.230723972550393, 12.967419400167101 ], [ 80.230714863633395, 12.967648573549297 ], [ 80.230714835785705, 12.967649275624501 ], [ 80.230699561730901, 12.968033603720198 ], [ 80.2307224633808, 12.968032868380702 ], [ 80.230722539737499, 12.968032865754502 ], [ 80.230761708080493, 12.968031606923399 ], [ 80.230761998236403, 12.968031598169299 ], [ 80.231043542822817, 12.968022558746098 ], [ 80.2311178325985, 12.968020169768099 ], [ 80.231117964650906, 12.968020165391101 ], [ 80.231228700874297, 12.9680166086239 ], [ 80.231228824841807, 12.968016605122299 ], [ 80.231407912976806, 12.9680108537167 ], [ 80.231408292964204, 12.968010841460996 ], [ 80.231848115313795, 12.967996715062897 ], [ 80.231868032760303, 12.967996075142402 ], [ 80.232818295820707, 12.967965549794004 ], [ 80.232818466500518, 12.967965544541599 ], [ 80.232859606645604, 12.967964222680999 ], [ 80.232859867157103, 12.967964213926894 ], [ 80.233091642381794, 12.967956769488 ], [ 80.233106897572, 12.9679626268188 ], [ 80.233107536274204, 12.967962871932 ], [ 80.233176049882616, 12.967989181333801 ], [ 80.233176672415098, 12.967989419443699 ], [ 80.233210602681694, 12.968002449836096 ], [ 80.233210678140097, 12.9680024787245 ], [ 80.233245672012004, 12.968015916179199 ], [ 80.233246042117898, 12.9680160588701 ], [ 80.233355505428506, 12.968058091398698 ], [ 80.233356055197504, 12.9680583032464 ], [ 80.233364501157794, 12.968061545742998 ], [ 80.234392004061306, 12.968011112836402 ], [ 80.234403557294101, 12.968010545574399 ], [ 80.234597107406898, 12.968001045687698 ], [ 80.234597579022406, 12.968001022051801 ], [ 80.234629726133207, 12.967999443698 ], [ 80.234630018984006, 12.967999429691497 ], [ 80.235260781840495, 12.967968466641297 ], [ 80.235261897548099, 12.9679684123663 ], [ 80.235357962486304, 12.967963697438401 ] ] ] ] } },
{ "type": "Feature", "properties": { "id": null, "Name": null, "description": null, "timestamp": null, "begin": null, "end": null, "altitudeMode": null, "tessellate": -1, "extrude": 0, "visibility": -1, "drawOrder": null, "icon": null, "OBJECTID": 649.0, "OBJECTID_1": 816.0, "SLUM_NAME": "Kallukuttai-Part1(J.J.Nagar)", "WARD_NO": 184.0, "ZONE_NO": 14, "SHAPE.AREA": 5146.0261178250003, "SHAPE.LEN": 298.152847559549, "total_area_sqm": 4854.1122581339387, "area_outside_isochrone": 4854.1122581339378, "pct_outside": 0.99999999999999978, "outside_isochrone": true, "true_metro_dist": 999999.0, "metro_covered": false, "metro_covered_red_only": false, "metro_covered_either_line": false }, "geometry": { "type": "MultiPolygon", "coordinates": [ [ [ [ 80.240906056495703, 12.974347185911498 ], [ 80.240860853270604, 12.974343050607301 ], [ 80.240804395053303, 12.974763769308497 ], [ 80.240804359120702, 12.974764035424101 ], [ 80.240799964562299, 12.9747967772766 ], [ 80.240799953782499, 12.974796864814703 ], [ 80.240798914431707, 12.9748046119304 ], [ 80.240840554040105, 12.974807732661198 ], [ 80.240840721126702, 12.974807744916497 ], [ 80.240893644473402, 12.974811713015297 ], [ 80.240969871915098, 12.9748231139677 ], [ 80.241432193469393, 12.974892263744298 ], [ 80.241434300917007, 12.974892578881098 ], [ 80.24167700055402, 12.974928878260402 ], [ 80.241676406767596, 12.974918616182096 ], [ 80.241676382513106, 12.974918184619799 ], [ 80.241674430473907, 12.974884440473199 ], [ 80.241674425982396, 12.974884367816697 ], [ 80.241674387354806, 12.974883698150899 ], [ 80.241647843036503, 12.974424712347398 ], [ 80.241636911437794, 12.974414060703403 ], [ 80.240933478467994, 12.974349695631396 ], [ 80.240933264668996, 12.974349676373002 ], [ 80.240906235260411, 12.974347203419098 ], [ 80.240906056495703, 12.974347185911498 ] ] ] ] } },
{ "type": "Feature", "properties": { "id": null, "Name": null, "description": null, "timestamp": null, "begin": null, "end": null, "altitudeMode": null, "tessellate": -1, "extrude": 0, "visibility": -1, "drawOrder": null, "icon": null, "OBJECTID": 650.0, "OBJECTID_1": 817.0, "SLUM_NAME": "Pallikaranai (Kenathuru Salai)", "WARD_NO": 190.0, "ZONE_NO": 14, "SHAPE.AREA": 6517.856533485, "SHAPE.LEN": 495.72643866071002, "total_area_sqm": 6150.611218025485, "area_outside_isochrone": 3720.9039699722871, "pct_outside": 0.60496491130304275, "outside_isochrone": true, "true_metro_dist": 999999.0, "metro_covered": false, "metro_covered_red_only": false, "metro_covered_either_line": false }, "geometry": { "type": "MultiPolygon", "coordinates": [ [ [ [ 80.197302572816298, 12.926099386750002 ], [ 80.197290845310306, 12.926051901213498 ], [ 80.195766952245506, 12.926128571504298 ], [ 80.195766862413905, 12.926128575882 ], [ 80.195739383847695, 12.926129957501999 ], [ 80.195739300304396, 12.926129961879798 ], [ 80.195486451501409, 12.926142681889099 ], [ 80.195486416467105, 12.926142683640197 ], [ 80.195464002602407, 12.9261438104747 ], [ 80.19546368010721, 12.9261438271102 ], [ 80.195353504432504, 12.926149369349702 ], [ 80.195363932076404, 12.926256013221399 ], [ 80.195363945551094, 12.926256148931802 ], [ 80.1953675801347, 12.926293322192898 ], [ 80.195367590016204, 12.9262934228812 ], [ 80.195382142723801, 12.9264422620872 ], [ 80.195759609416299, 12.926410870107301 ], [ 80.195759794469296, 12.926410854347399 ], [ 80.195782105027703, 12.926408999056202 ], [ 80.195782263131207, 12.926408985922901 ], [ 80.197346895692405, 12.926278852840699 ], [ 80.197312070703802, 12.9261378435927 ], [ 80.197312056330802, 12.926137785806301 ], [ 80.197302599765806, 12.926099498820596 ], [ 80.197302572816298, 12.926099386750002 ] ] ] ] } },
{ "type": "Feature", "properties": { "id": null, "Name": null, "description": null, "timestamp": null, "begin": null, "end": null, "altitudeMode": null, "tessellate": -1, "extrude": 0, "visibility": -1, "drawOrder": null, "icon": null, "OBJECTID": 651.0, "OBJECTID_1": 818.0, "SLUM_NAME": "Kallukuttai (K.P.K.Nagar Part-X)", "WARD_NO": 184.0, "ZONE_NO": 14, "SHAPE.AREA": 40812.827914649999, "SHAPE.LEN": 809.79194157604104, "total_area_sqm": 38500.421080525753, "area_outside_isochrone": 38500.421080525761, "pct_outside": 1.0000000000000002, "outside_isochrone": true, "true_metro_dist": 999999.0, "metro_covered": false, "metro_covered_red_only": false, "metro_covered_either_line": false }, "geometry": { "type": "MultiPolygon", "coordinates": [ [ [ [ 80.230484515831606, 12.965477060371599 ], [ 80.230479992814196, 12.965419420538698 ], [ 80.229381154694096, 12.9655276916352 ], [ 80.229319223939996, 12.965533793263299 ], [ 80.2292223648911, 12.965543337014802 ], [ 80.229142602578804, 12.9655511955962 ], [ 80.228733419068504, 12.965591510981399 ], [ 80.228496835162005, 12.9656148205948 ], [ 80.228656476567807, 12.9671140320039 ], [ 80.229647898637893, 12.967140641760199 ], [ 80.229649402417607, 12.9671406820289 ], [ 80.229667890644507, 12.967141178384798 ], [ 80.230200461352297, 12.967155470283499 ], [ 80.230205852142305, 12.967155614725597 ], [ 80.2304496046048, 12.967162156643697 ], [ 80.230454099774505, 12.9671622774499 ], [ 80.230456164102904, 12.967162331725101 ], [ 80.230458246397802, 12.9671620787325 ], [ 80.230462472072901, 12.967161565743798 ], [ 80.230615231485316, 12.967143008861397 ], [ 80.230614706869119, 12.967136317248201 ], [ 80.230614687106197, 12.967136071258698 ], [ 80.230595330208502, 12.966889362979799 ], [ 80.230595314937105, 12.966889171265402 ], [ 80.230593454526201, 12.966865452955799 ], [ 80.230593434763193, 12.966865206090601 ], [ 80.230574367122998, 12.966622180389198 ], [ 80.230574354546604, 12.966622026317204 ], [ 80.230572332438896, 12.966596259524598 ], [ 80.230572313574299, 12.966596018787103 ], [ 80.230541823855205, 12.966207422595298 ], [ 80.230541807685498, 12.966207218624701 ], [ 80.230539642745697, 12.966179630059596 ], [ 80.230539618491207, 12.966179319288797 ], [ 80.230525502364799, 12.965999420584001 ], [ 80.230525494280002, 12.965999322538 ], [ 80.230523092184896, 12.965968693646099 ], [ 80.230523062540499, 12.965968320720799 ], [ 80.230509674049515, 12.9657976740931 ], [ 80.2305096704562, 12.965797633824096 ], [ 80.230507242309997, 12.965766688883601 ], [ 80.2305072306319, 12.9657665435652 ], [ 80.230492788417095, 12.965582485476101 ], [ 80.230492779434002, 12.965582376049499 ], [ 80.230490624375605, 12.965554912599201 ], [ 80.230490610900901, 12.965554741018201 ], [ 80.230484515831606, 12.965477060371599 ] ] ] ] } },
{ "type": "Feature", "properties": { "id": null, "Name": null, "description": null, "timestamp": null, "begin": null, "end": null, "altitudeMode": null, "tessellate": -1, "extrude": 0, "visibility": -1, "drawOrder": null, "icon": null, "OBJECTID": 655.0, "OBJECTID_1": 822.0, "SLUM_NAME": "Nethaji Nagar-Kallukuttai Part XI", "WARD_NO": 184.0, "ZONE_NO": 14, "SHAPE.AREA": 13665.51971767, "SHAPE.LEN": 901.40562742578197, "total_area_sqm": 12891.35527472395, "area_outside_isochrone": 12891.355274723946, "pct_outside": 0.99999999999999967, "outside_isochrone": true, "true_metro_dist": 999999.0, "metro_covered": false, "metro_covered_red_only": false, "metro_covered_either_line": false }, "geometry": { "type": "MultiPolygon", "coordinates": [ [ [ [ 80.232745542164096, 12.9640864408568 ], [ 80.2326312216628, 12.963357484462099 ], [ 80.232499869103606, 12.963372545197201 ], [ 80.232499511574105, 12.9633725872174 ], [ 80.232470622652897, 12.963375899808597 ], [ 80.232470574143903, 12.963375905061101 ], [ 80.232393041449996, 12.963384794956301 ], [ 80.232547161810018, 12.965200728187501 ], [ 80.233021357295698, 12.9670231331884 ], [ 80.233021395923203, 12.967023281132301 ], [ 80.233035672848118, 12.9670781516798 ], [ 80.233035695305901, 12.967078237469698 ], [ 80.233041479557997, 12.967100465815701 ], [ 80.2330445401182, 12.967112226913999 ], [ 80.233058511615894, 12.967099850404297 ], [ 80.233133944048603, 12.967033024419598 ], [ 80.233133988066001, 12.9670329841508 ], [ 80.233160316788698, 12.967009659788403 ], [ 80.233160534180996, 12.967009466323301 ], [ 80.233198660478294, 12.966975689589098 ], [ 80.233130412771203, 12.966540523966403 ], [ 80.23313039031332, 12.966540386527099 ], [ 80.233126395505195, 12.966514912112798 ], [ 80.233126391013698, 12.966514884099702 ], [ 80.233120769356603, 12.9664790378301 ], [ 80.233120728034095, 12.966478779584296 ], [ 80.233093079686299, 12.9663024772812 ], [ 80.233092975481696, 12.966301811969501 ], [ 80.2330877877109, 12.9662687293396 ], [ 80.233077358270506, 12.966202226158199 ], [ 80.2330772477777, 12.966201521452698 ], [ 80.23302954454121, 12.9658973484828 ], [ 80.233029305589298, 12.965895827017302 ], [ 80.232954818184297, 12.9654208746002 ], [ 80.232954787641603, 12.965420676756802 ], [ 80.232943978213697, 12.965351747577898 ], [ 80.232943830890093, 12.9653508100099 ], [ 80.232815189446399, 12.964530541769697 ], [ 80.232814882222598, 12.9645285817122 ], [ 80.232796038262904, 12.964408428148099 ], [ 80.232795885549308, 12.9644074511829 ], [ 80.232745570910197, 12.964086625569999 ], [ 80.232745542164096, 12.9640864408568 ] ] ] ] } },
{ "type": "Feature", "properties": { "id": null, "Name": null, "description": null, "timestamp": null, "begin": null, "end": null, "altitudeMode": null, "tessellate": -1, "extrude": 0, "visibility": -1, "drawOrder": null, "icon": null, "OBJECTID": 656.0, "OBJECTID_1": 823.0, "SLUM_NAME": "Kottivakkam New Colony", "WARD_NO": 183.0, "ZONE_NO": 14, "SHAPE.AREA": 15893.17981817, "SHAPE.LEN": 540.22790254208996, "total_area_sqm": 14992.173572026075, "area_outside_isochrone": 3504.1490988227665, "pct_outside": 0.23373189230954242, "outside_isochrone": false, "true_metro_dist": 999999.0, "metro_covered": false, "metro_covered_red_only": false, "metro_covered_either_line": false }, "geometry": { "type": "MultiPolygon", "coordinates": [ [ [ [ 80.258933799757003, 12.969845449059298 ], [ 80.258837787819402, 12.969163484387099 ], [ 80.258837775242995, 12.969163397722497 ], [ 80.258835040771302, 12.969143975218598 ], [ 80.258835014720106, 12.969143787007498 ], [ 80.258743453934798, 12.968493431198599 ], [ 80.258740568546102, 12.968487808488199 ], [ 80.258746337526901, 12.968484998446 ], [ 80.258734800463699, 12.968473753024798 ], [ 80.258720378011816, 12.9684681294386 ], [ 80.258705955559904, 12.968462506727597 ], [ 80.258691533108006, 12.968456884016502 ], [ 80.258682879636893, 12.9684512604299 ], [ 80.258668457184996, 12.9684512604299 ], [ 80.258642497669896, 12.968454070472399 ], [ 80.258622305338903, 12.968456879639499 ], [ 80.258604997498395, 12.968459690557298 ], [ 80.2585790370849, 12.968462498848998 ], [ 80.258550192181204, 12.968465309766801 ], [ 80.258529999850197, 12.968465308015901 ], [ 80.258501154048204, 12.968468117182896 ], [ 80.258449232323002, 12.968468114556696 ], [ 80.258388656228519, 12.968473732890498 ], [ 80.258299233433505, 12.968482160391 ], [ 80.258215578721007, 12.9684849669316 ], [ 80.258160769810601, 12.9684962088507 ], [ 80.258120384250304, 12.968504639852098 ], [ 80.258036728639496, 12.968529935480596 ], [ 80.257892492442593, 12.968591773897099 ], [ 80.2578723001116, 12.968605829353899 ], [ 80.257849224188618, 12.9686114520616 ], [ 80.257814610304095, 12.968636753807003 ], [ 80.2577626867823, 12.968678920167299 ], [ 80.257728074694398, 12.968709843736002 ], [ 80.257681926441606, 12.968771690861798 ], [ 80.257661738602295, 12.968805426208302 ], [ 80.257641550762898, 12.968841970712999 ], [ 80.257635782680396, 12.968856027030997 ], [ 80.257627132802597, 12.968881327876199 ], [ 80.257621365618405, 12.968898194229498 ], [ 80.257601176880698, 12.968934738720503 ], [ 80.257585508465596, 12.968958738711997 ], [ 80.257585494092496, 12.968958760597101 ], [ 80.257580989041401, 12.968965660506599 ], [ 80.257560803896894, 12.969013448634396 ], [ 80.257549268630399, 12.969044370410694 ], [ 80.257549271325303, 12.969086534950998 ], [ 80.257549274020207, 12.969128699484198 ], [ 80.257555045695995, 12.969176484954398 ], [ 80.257575242518499, 12.9692411367455 ], [ 80.257592553053996, 12.969286111285697 ], [ 80.257612748079893, 12.9693226522181 ], [ 80.257624287838098, 12.969342328573999 ], [ 80.257632942207493, 12.969350761297399 ], [ 80.257647364659405, 12.969367625868099 ], [ 80.257664673398295, 12.969384491313001 ], [ 80.257684864830907, 12.9693985458496 ], [ 80.257716595123398, 12.969415411292401 ], [ 80.257724524552401, 12.9694182204487 ], [ 80.257724747334606, 12.969418299234601 ], [ 80.2577483263142, 12.969426654044897 ], [ 80.257782940198695, 12.969432275858699 ], [ 80.257823323962299, 12.9694463286418 ], [ 80.257852168866094, 12.969446328641798 ], [ 80.257869475808306, 12.969446329517201 ], [ 80.257883898260204, 12.969446328641798 ], [ 80.257915628552695, 12.9694463286418 ], [ 80.257944473456504, 12.9694463286418 ], [ 80.257976201952303, 12.969446328641801 ], [ 80.258036773555304, 12.9694463286418 ], [ 80.258094460667905, 12.969446329517197 ], [ 80.258140610717305, 12.969446329517201 ], [ 80.258163685742005, 12.969446329517202 ], [ 80.258195413339493, 12.969446329517199 ], [ 80.258261753923321, 12.969446329517199 ], [ 80.258302134991894, 12.9694407085791 ], [ 80.258325209118297, 12.969435086765502 ], [ 80.258356937614096, 12.969426654044902 ], [ 80.258385781619594, 12.969421033106499 ], [ 80.258420392809114, 12.969421033106501 ], [ 80.258431930770698, 12.969429465827297 ], [ 80.258443467833899, 12.969451952205898 ], [ 80.258449237712995, 12.9694800595198 ], [ 80.258457890285797, 12.969494112300199 ], [ 80.258463659266496, 12.969516598672998 ], [ 80.258478080820097, 12.969567192347801 ], [ 80.258489617883299, 12.9695924887437 ], [ 80.258501154946501, 12.969623406070998 ], [ 80.2585098084176, 12.969657134298899 ], [ 80.258524229971201, 12.969699294358399 ], [ 80.258535767034402, 12.969738643507402 ], [ 80.258547304097505, 12.969761128982698 ], [ 80.258555957568703, 12.969783613580598 ], [ 80.258570379122304, 12.969800478121899 ], [ 80.258584800675806, 12.969808909954498 ], [ 80.258596336840696, 12.969814530884202 ], [ 80.258607874802195, 12.9698257736187 ], [ 80.258630948928598, 12.969839826379499 ], [ 80.258662675627818, 12.969853880015 ], [ 80.258682866162104, 12.9698623118457 ], [ 80.258694403225306, 12.9698679327742 ], [ 80.258752089439596, 12.969867933649599 ], [ 80.258786699730905, 12.969867933649597 ], [ 80.258841501454796, 12.969856690917 ], [ 80.258884766115514, 12.969851069988202 ], [ 80.258933799757003, 12.969845449059298 ] ] ] ] } },
{ "type": "Feature", "properties": { "id": null, "Name": null, "description": null, "timestamp": null, "begin": null, "end": null, "altitudeMode": null, "tessellate": -1, "extrude": 0, "visibility": -1, "drawOrder": null, "icon": null, "OBJECTID": 657.0, "OBJECTID_1": 824.0, "SLUM_NAME": "Padmavathy nagar", "WARD_NO": 191.0, "ZONE_NO": 14, "SHAPE.AREA": 72982.491711349998, "SHAPE.LEN": 1089.0241610856699, "total_area_sqm": 68875.955738872246, "area_outside_isochrone": 50103.389510381021, "pct_outside": 0.72744383686430136, "outside_isochrone": true, "true_metro_dist": 999999.0, "metro_covered": false, "metro_covered_red_only": false, "metro_covered_either_line": false }, "geometry": { "type": "MultiPolygon", "coordinates": [ [ [ [ 80.199460997170306, 12.9144550744473 ], [ 80.1994262161991, 12.914369406486397 ], [ 80.199256153437702, 12.914401129202597 ], [ 80.198827316585707, 12.914481124191099 ], [ 80.198827232144097, 12.914481139951798 ], [ 80.198796294165703, 12.914486910979699 ], [ 80.198796136960496, 12.914486940749798 ], [ 80.198450764378194, 12.914551365060202 ], [ 80.198450681733206, 12.914551379945298 ], [ 80.198422759399193, 12.914556588841497 ], [ 80.198422674957598, 12.914556604602199 ], [ 80.198059204017198, 12.914624404300497 ], [ 80.198059162694705, 12.914624412180903 ], [ 80.1980232031339, 12.914631120088496 ], [ 80.198023107912405, 12.914631137600297 ], [ 80.197596884259596, 12.914710643059598 ], [ 80.197596733342621, 12.914710671078499 ], [ 80.197553859449002, 12.914718668729799 ], [ 80.197553723803495, 12.914718693246398 ], [ 80.197313300497399, 12.914763540154802 ], [ 80.197498043527204, 12.9153732494447 ], [ 80.197498155816604, 12.915373620694401 ], [ 80.197509656048908, 12.915411574849502 ], [ 80.197509742287096, 12.915411857664701 ], [ 80.197551888545306, 12.9155509528034 ], [ 80.197551970292011, 12.9155512251114 ], [ 80.197666985191105, 12.915930809036599 ], [ 80.197667954473303, 12.915934008431799 ], [ 80.197866017722106, 12.916587673603297 ], [ 80.197866737272605, 12.916590049064803 ], [ 80.198018989136898, 12.917092518642098 ], [ 80.198020114725907, 12.9170962337408 ], [ 80.198052739740405, 12.917203902407902 ], [ 80.198052793639306, 12.9172040810267 ], [ 80.1980566878361, 12.917216934579297 ], [ 80.200217507996896, 12.916781706617801 ], [ 80.200217827797204, 12.916781642700199 ], [ 80.200391396683102, 12.916746681500198 ], [ 80.199842875489097, 12.9153956592695 ], [ 80.199842826980102, 12.915395539313801 ], [ 80.199831703141896, 12.915368141258197 ], [ 80.199831547733396, 12.9153677586258 ], [ 80.199645331466598, 12.914909098389197 ], [ 80.199619934296805, 12.914846547059899 ], [ 80.199460997170306, 12.9144550744473 ] ] ] ] } },
{ "type": "Feature", "properties": { "id": null, "Name": null, "description": null, "timestamp": null, "begin": null, "end": null, "altitudeMode": null, "tessellate": -1, "extrude": 0, "visibility": -1, "drawOrder": null, "icon": null, "OBJECTID": 658.0, "OBJECTID_1": 826.0, "SLUM_NAME": "Sempon Nagar-Kallukuttai Part V", "WARD_NO": 184.0, "ZONE_NO": 14, "SHAPE.AREA": 17349.847378214999, "SHAPE.LEN": 660.76878953421203, "total_area_sqm": 16366.417797390817, "area_outside_isochrone": 16366.417797390814, "pct_outside": 0.99999999999999978, "outside_isochrone": true, "true_metro_dist": 999999.0, "metro_covered": false, "metro_covered_red_only": false, "metro_covered_either_line": false }, "geometry": { "type": "MultiPolygon", "coordinates": [ [ [ [ 80.2354007052258, 12.970345402219898 ], [ 80.235428393099497, 12.968031473861998 ], [ 80.235267481475901, 12.968035243352098 ], [ 80.235267110471696, 12.968035252106198 ], [ 80.235236146442105, 12.968035976940799 ], [ 80.235235785319404, 12.968035986570198 ], [ 80.235103434731997, 12.968039086376198 ], [ 80.235102827470797, 12.9680391012581 ], [ 80.234810424049201, 12.968045952170502 ], [ 80.2348108471557, 12.968079203517 ], [ 80.234810850749, 12.968079453882604 ], [ 80.234824336258001, 12.969136930872896 ], [ 80.234824338054693, 12.9691370473011 ], [ 80.234824656956604, 12.9691620907501 ], [ 80.234824659651593, 12.9691622597023 ], [ 80.234827658227999, 12.969397413958296 ], [ 80.234827659126296, 12.9693975478943 ], [ 80.234827984316397, 12.969423028141302 ], [ 80.234827985214693, 12.9694230666589 ], [ 80.234830684652195, 12.9696347687438 ], [ 80.234830688245395, 12.969634995471999 ], [ 80.234831130216506, 12.969669680508598 ], [ 80.234831134708102, 12.969670041172799 ], [ 80.234834043453006, 12.969898044701599 ], [ 80.234834045249698, 12.969898226784197 ], [ 80.2348344243387, 12.969927964037799 ], [ 80.234834428830297, 12.969928231034096 ], [ 80.234837439983096, 12.970164345751503 ], [ 80.234837442678, 12.970164592613299 ], [ 80.2348377714614, 12.970190353784 ], [ 80.234837774156404, 12.970190519233897 ], [ 80.234839334529994, 12.9703129556653 ], [ 80.234838106533005, 12.970365004961598 ], [ 80.235199723350703, 12.970350019933701 ], [ 80.235200036862693, 12.9703500068028 ], [ 80.235230945196705, 12.970348726098401 ], [ 80.235231326980696, 12.9703487103413 ], [ 80.2353110039531, 12.970345409223 ], [ 80.2354007052258, 12.970345402219898 ] ] ] ] } },
{ "type": "Feature", "properties": { "id": null, "Name": null, "description": null, "timestamp": null, "begin": null, "end": null, "altitudeMode": null, "tessellate": -1, "extrude": 0, "visibility": -1, "drawOrder": null, "icon": null, "OBJECTID": 662.0, "OBJECTID_1": 830.0, "SLUM_NAME": "Kallukuttai Part-IV (Thiruvalluvar Nagar)", "WARD_NO": 184.0, "ZONE_NO": 14, "SHAPE.AREA": 4497.3570762950003, "SHAPE.LEN": 298.93680840276301, "total_area_sqm": 4242.1567669669084, "area_outside_isochrone": 4242.1567669669075, "pct_outside": 0.99999999999999978, "outside_isochrone": true, "true_metro_dist": 999999.0, "metro_covered": false, "metro_covered_red_only": false, "metro_covered_either_line": false }, "geometry": { "type": "MultiPolygon", "coordinates": [ [ [ [ 80.233393915593496, 12.977253647830501 ], [ 80.233093696828902, 12.977153534177701 ], [ 80.233153353946904, 12.977838442692901 ], [ 80.233456962953397, 12.977782986270698 ], [ 80.233833878978601, 12.977755384983602 ], [ 80.233834287712099, 12.977755356096401 ], [ 80.233865138553895, 12.977753096766698 ], [ 80.233865277792702, 12.977753086262201 ], [ 80.233906515854201, 12.977750066235998 ], [ 80.233906685635702, 12.977750053980801 ], [ 80.233974675526397, 12.977745074876601 ], [ 80.233978365805513, 12.977688577618499 ], [ 80.233978369398798, 12.977688512841098 ], [ 80.233983534711697, 12.9776094458954 ], [ 80.233696246297299, 12.977463404303201 ], [ 80.233393915593496, 12.977253647830501 ] ] ] ] } },
{ "type": "Feature", "properties": { "id": null, "Name": null, "description": null, "timestamp": null, "begin": null, "end": null, "altitudeMode": null, "tessellate": -1, "extrude": 0, "visibility": -1, "drawOrder": null, "icon": null, "OBJECTID": 726.0, "OBJECTID_1": 901.0, "SLUM_NAME": "Ezhilmuha Nagar", "WARD_NO": 200.0, "ZONE_NO": 15, "SHAPE.AREA": 11230.80244677, "SHAPE.LEN": 439.84719780359598, "total_area_sqm": 10603.187566781344, "area_outside_isochrone": 10603.187566781347, "pct_outside": 1.0000000000000004, "outside_isochrone": true, "true_metro_dist": 999999.0, "metro_covered": false, "metro_covered_red_only": false, "metro_covered_either_line": false }, "geometry": { "type": "MultiPolygon", "coordinates": [ [ [ [ 80.213282109619101, 12.862893915024097 ], [ 80.212481803227405, 12.862734371104398 ], [ 80.212397529575696, 12.863001874989299 ], [ 80.212345995024506, 12.863121731392299 ], [ 80.212345845904096, 12.8631220799495 ], [ 80.2123304505768, 12.863157885876099 ], [ 80.212330339185698, 12.8631581442287 ], [ 80.212250366667504, 12.863344143170902 ], [ 80.212250248988198, 12.863344415535702 ], [ 80.212234000261404, 12.863382206803198 ], [ 80.212233861920794, 12.863382529086799 ], [ 80.212153150089193, 12.863570246123802 ], [ 80.212153092597006, 12.8635703774893 ], [ 80.212139099539812, 12.8636029219841 ], [ 80.212138943232915, 12.863603284552998 ], [ 80.212081190543302, 12.863737603128801 ], [ 80.212080729707594, 12.863738675070801 ], [ 80.212050707112496, 12.863808499297601 ], [ 80.212049097331501, 12.863819343073901 ], [ 80.212046929696697, 12.863833945651496 ], [ 80.212087651226796, 12.863837214898297 ], [ 80.2120890921246, 12.863837330499901 ], [ 80.212851028775503, 12.863898493343298 ], [ 80.212863188371216, 12.8638701552062 ], [ 80.212863202744202, 12.863870123678497 ], [ 80.212878346543306, 12.863834831930101 ], [ 80.212878477697302, 12.863834527162398 ], [ 80.212974348599403, 12.863611112185996 ], [ 80.213282109619101, 12.862893915024097 ] ] ] ] } },
{ "type": "Feature", "properties": { "id": null, "Name": null, "description": null, "timestamp": null, "begin": null, "end": null, "altitudeMode": null, "tessellate": -1, "extrude": 0, "visibility": -1, "drawOrder": null, "icon": null, "OBJECTID": 727.0, "OBJECTID_1": 902.0, "SLUM_NAME": "Karapakkam(kadumbadi Nayakar Street)", "WARD_NO": 197.0, "ZONE_NO": 15, "SHAPE.AREA": 51031.649989944999, "SHAPE.LEN": 1181.99892488092, "total_area_sqm": 48158.873905778411, "area_outside_isochrone": 48158.873905778368, "pct_outside": 0.99999999999999911, "outside_isochrone": true, "true_metro_dist": 875.16237758746399, "metro_covered": false, "metro_covered_red_only": false, "metro_covered_either_line": false }, "geometry": { "type": "MultiPolygon", "coordinates": [ [ [ [ 80.234101244556598, 12.917783016460596 ], [ 80.233971228690606, 12.917231499895001 ], [ 80.234234872548399, 12.917187468597101 ], [ 80.234269703825206, 12.917181652101299 ], [ 80.234314387824099, 12.917174188634199 ], [ 80.234233151376301, 12.916819561617997 ], [ 80.233819298423199, 12.916064711657897 ], [ 80.233646816498805, 12.916079804143896 ], [ 80.233614543623901, 12.916082628786096 ], [ 80.233538722220601, 12.916096259917198 ], [ 80.233538638677302, 12.916096275677699 ], [ 80.233504902446811, 12.916102339989799 ], [ 80.233504614087593, 12.9161023916494 ], [ 80.233421277378696, 12.9161173755604 ], [ 80.2331444776936, 12.916139830849 ], [ 80.233105913916702, 12.9160581324999 ], [ 80.232950362540507, 12.916080105345602 ], [ 80.232455950469301, 12.916249119762201 ], [ 80.231906137498001, 12.916320467750198 ], [ 80.231905835664094, 12.916320506276 ], [ 80.231899786409002, 12.916321291676399 ], [ 80.231931599346396, 12.9165457864994 ], [ 80.231948453537797, 12.9165778591732 ], [ 80.231948534386106, 12.916578011524997 ], [ 80.232197823165706, 12.917052390669499 ], [ 80.232464750365907, 12.917389656316402 ], [ 80.232601093066407, 12.917362639357695 ], [ 80.232644909292702, 12.9175568153657 ], [ 80.233252800143802, 12.9175701312071 ], [ 80.233298458814701, 12.917654194881598 ], [ 80.233417239451498, 12.917664096827497 ], [ 80.233428065947294, 12.9181127222441 ], [ 80.233318300802694, 12.918137506394398 ], [ 80.233289678681103, 12.918274843604298 ], [ 80.233274922954308, 12.918332371756096 ], [ 80.233264111729895, 12.918405332840202 ], [ 80.233264059627601, 12.918405679569201 ], [ 80.233261865043303, 12.918420489977597 ], [ 80.232987233891293, 12.918498637084898 ], [ 80.232981764947894, 12.9185001938627 ], [ 80.232981788304002, 12.918500328701796 ], [ 80.232984743761307, 12.918517042611102 ], [ 80.233024041461803, 12.918739365780498 ], [ 80.233071676426306, 12.919008863931802 ], [ 80.233179017916299, 12.918979544382198 ], [ 80.233289676884496, 12.918972366406802 ], [ 80.234300442377602, 12.918785474549299 ], [ 80.234285680362504, 12.918296455516598 ], [ 80.234271645982801, 12.918261279136098 ], [ 80.234271527405198, 12.918260984066 ], [ 80.234258175745197, 12.918227518561997 ], [ 80.234258092201799, 12.918227309298697 ], [ 80.234130737145719, 12.917908118508699 ], [ 80.234106957841803, 12.917807251654699 ], [ 80.234106907536201, 12.917807038888601 ], [ 80.234101261624602, 12.917783083880302 ], [ 80.234101244556598, 12.917783016460596 ] ] ] ] } },
{ "type": "Feature", "properties": { "id": null, "Name": null, "description": null, "timestamp": null, "begin": null, "end": null, "altitudeMode": null, "tessellate": -1, "extrude": 0, "visibility": -1, "drawOrder": null, "icon": null, "OBJECTID": 728.0, "OBJECTID_1": 903.0, "SLUM_NAME": "Karapakkam (Mahatma Gandhi Street)", "WARD_NO": 197.0, "ZONE_NO": 15, "SHAPE.AREA": 9193.8324729350006, "SHAPE.LEN": 593.553620504273, "total_area_sqm": 8676.671042657239, "area_outside_isochrone": 2316.0274197715407, "pct_outside": 0.26692580695813206, "outside_isochrone": false, "true_metro_dist": 414.17776755376269, "metro_covered": true, "metro_covered_red_only": false, "metro_covered_either_line": true }, "geometry": { "type": "MultiPolygon", "coordinates": [ [ [ [ 80.232374036691894, 12.911435965081399 ], [ 80.232378221942795, 12.911368324753397 ], [ 80.231555296870496, 12.911481181207598 ], [ 80.230703189127993, 12.911529906740498 ], [ 80.230056714737103, 12.911582437631598 ], [ 80.230052632792507, 12.911609498119804 ], [ 80.230052445942903, 12.911610734470099 ], [ 80.230051800952594, 12.911615012662597 ], [ 80.230055950270895, 12.911735706517099 ], [ 80.230055960152299, 12.911735986709598 ], [ 80.230057109097601, 12.911769419810199 ], [ 80.230057112690801, 12.911769506494799 ], [ 80.230062386699899, 12.9119228812133 ], [ 80.23088381607711, 12.911832135647202 ], [ 80.231391168379901, 12.911781690491699 ], [ 80.232351836626293, 12.911701759433598 ], [ 80.232351912084695, 12.911701753304399 ], [ 80.232357620878403, 12.911701277852602 ], [ 80.232362759241795, 12.911618225246997 ], [ 80.232363001786908, 12.911614311305199 ], [ 80.232371675919296, 12.911474119471899 ], [ 80.232371684902404, 12.911473967116997 ], [ 80.232374018725494, 12.911436243523099 ], [ 80.232374036691894, 12.911435965081399 ] ] ] ] } },
{ "type": "Feature", "properties": { "id": null, "Name": null, "description": null, "timestamp": null, "begin": null, "end": null, "altitudeMode": null, "tessellate": -1, "extrude": 0, "visibility": -1, "drawOrder": null, "icon": null, "OBJECTID": 729.0, "OBJECTID_1": 904.0, "SLUM_NAME": "Karapakkam-N S.K Street", "WARD_NO": 197.0, "ZONE_NO": 15, "SHAPE.AREA": 6515.0811473599997, "SHAPE.LEN": 344.14374956645099, "total_area_sqm": 6148.5172946395178, "area_outside_isochrone": 5800.6375457319382, "pct_outside": 0.94342054641191742, "outside_isochrone": true, "true_metro_dist": 693.79564386224172, "metro_covered": false, "metro_covered_red_only": false, "metro_covered_either_line": false }, "geometry": { "type": "MultiPolygon", "coordinates": [ [ [ [ 80.233997885298294, 12.912850743498197 ], [ 80.234003779144899, 12.912719071930402 ], [ 80.233799645081405, 12.912738341222299 ], [ 80.233470408936597, 12.912769420581 ], [ 80.233486069266903, 12.912885319104698 ], [ 80.233495797123098, 12.9130883307398 ], [ 80.233450407048394, 12.913270881274098 ], [ 80.233452844177805, 12.9136024265082 ], [ 80.233462940343301, 12.913747171991494 ], [ 80.233855441240394, 12.913743020796799 ], [ 80.233957991116597, 12.913741935934897 ], [ 80.233987128871107, 12.9130910354591 ], [ 80.233997885298294, 12.912850743498197 ] ] ] ] } },
{ "type": "Feature", "properties": { "id": null, "Name": null, "description": null, "timestamp": null, "begin": null, "end": null, "altitudeMode": null, "tessellate": -1, "extrude": 0, "visibility": -1, "drawOrder": null, "icon": null, "OBJECTID": 730.0, "OBJECTID_1": 905.0, "SLUM_NAME": "Kasthuribai Nagar (Vettuvankanni)", "WARD_NO": 193.0, "ZONE_NO": 15, "SHAPE.AREA": 47742.90388102, "SHAPE.LEN": 1024.77478492518, "total_area_sqm": 45049.575877322801, "area_outside_isochrone": 45049.575877322779, "pct_outside": 0.99999999999999956, "outside_isochrone": true, "true_metro_dist": 999999.0, "metro_covered": false, "metro_covered_red_only": false, "metro_covered_either_line": false }, "geometry": { "type": "MultiPolygon", "coordinates": [ [ [ [ 80.246003586101295, 12.9308655481932 ], [ 80.245949852474297, 12.930750325171399 ], [ 80.2458773629224, 12.930769980934096 ], [ 80.245876446640821, 12.930770229586098 ], [ 80.245833786546299, 12.930781798030401 ], [ 80.245824809681693, 12.93078422764 ], [ 80.245255938053205, 12.930938484601999 ], [ 80.245947909418305, 12.934236127455696 ], [ 80.247408747936703, 12.9338786827233 ], [ 80.247341165881295, 12.933733767676202 ], [ 80.247341048201903, 12.933733517276099 ], [ 80.247328868843297, 12.933707400374399 ], [ 80.247328708943201, 12.933707056293199 ], [ 80.247237060122998, 12.933510533305 ], [ 80.247237048444902, 12.933510507039198 ], [ 80.247221383622914, 12.933476917503699 ], [ 80.247221344995395, 12.933476836079802 ], [ 80.247127041653499, 12.933274619362999 ], [ 80.2471269329573, 12.9332743855975 ], [ 80.247113672925394, 12.933245952005002 ], [ 80.247113456431407, 12.933245489727099 ], [ 80.247014108150907, 12.9330324548101 ], [ 80.247014074913196, 12.933032383892396 ], [ 80.24699998304142, 12.9330021650722 ], [ 80.246999803378301, 12.933001780715799 ], [ 80.246904133698905, 12.9327966340975 ], [ 80.246904095071301, 12.9327965517979 ], [ 80.246887144760194, 12.932760204252796 ], [ 80.246887082776496, 12.932760070297102 ], [ 80.246785017990504, 12.9325412100723 ], [ 80.246784833835903, 12.932540816084302 ], [ 80.246771234240796, 12.932511653968103 ], [ 80.246771082425497, 12.9325113282713 ], [ 80.246676293095007, 12.9323080697673 ], [ 80.246676191585394, 12.932307851760399 ], [ 80.246661893999402, 12.932277191585602 ], [ 80.246661757455499, 12.932276899158701 ], [ 80.246560802088908, 12.932060419077599 ], [ 80.246560679918005, 12.932060157294 ], [ 80.246549574944495, 12.9320363419871 ], [ 80.246549460858404, 12.9320360968385 ], [ 80.246448399490603, 12.931819388034802 ], [ 80.246448239590507, 12.931819043951 ], [ 80.246440143074807, 12.931801683914401 ], [ 80.246439957123599, 12.931801284672098 ], [ 80.246332872551804, 12.9315716563111 ], [ 80.246332829432703, 12.9315715626292 ], [ 80.246323527377896, 12.931551616252902 ], [ 80.246323402512104, 12.931551349215601 ], [ 80.246223757787504, 12.931337675464102 ], [ 80.246223636514998, 12.931337415430701 ], [ 80.246212960936106, 12.931314522866796 ], [ 80.246212838765203, 12.931314261082399 ], [ 80.246110288889, 12.931094356828602 ], [ 80.246110224210398, 12.931094220245301 ], [ 80.246099801956404, 12.931071871365701 ], [ 80.246099700446806, 12.931071653357698 ], [ 80.246010763640399, 12.930880940092997 ], [ 80.246010689080194, 12.930880779870201 ], [ 80.246003643593497, 12.930865672519101 ], [ 80.246003586101295, 12.9308655481932 ] ] ] ] } },
{ "type": "Feature", "properties": { "id": null, "Name": null, "description": null, "timestamp": null, "begin": null, "end": null, "altitudeMode": null, "tessellate": -1, "extrude": 0, "visibility": -1, "drawOrder": null, "icon": null, "OBJECTID": 732.0, "OBJECTID_1": 907.0, "SLUM_NAME": "Mahathma Gandhi Nagar", "WARD_NO": 193.0, "ZONE_NO": 15, "SHAPE.AREA": 17606.80657294, "SHAPE.LEN": 579.94369015059601, "total_area_sqm": 16612.499193700885, "area_outside_isochrone": 16612.499193700889, "pct_outside": 1.0000000000000002, "outside_isochrone": true, "true_metro_dist": 999999.0, "metro_covered": false, "metro_covered_red_only": false, "metro_covered_either_line": false }, "geometry": { "type": "MultiPolygon", "coordinates": [ [ [ [ 80.248694119428905, 12.939767490156898 ], [ 80.248692964195499, 12.9397605237756 ], [ 80.246988639115997, 12.9400934302561 ], [ 80.246903488708497, 12.940110058671298 ], [ 80.246999246422902, 12.940716012316997 ], [ 80.247012287265804, 12.940776842059398 ], [ 80.247646342447894, 12.9407121207188 ], [ 80.247646697282406, 12.9407120848233 ], [ 80.247674059067606, 12.940709291977798 ], [ 80.247674455224697, 12.9407092517047 ], [ 80.247851963223098, 12.940691132352699 ], [ 80.247852018918707, 12.940691127099701 ], [ 80.247882848200902, 12.940687979676298 ], [ 80.247883281188905, 12.940687935901302 ], [ 80.248072497828815, 12.940668621489701 ], [ 80.248072901172307, 12.9406685803412 ], [ 80.248102775545405, 12.940665531849103 ], [ 80.248282899437996, 12.940647144590699 ], [ 80.2482829272858, 12.940647141964298 ], [ 80.248309609046302, 12.940644418282499 ], [ 80.248309925253295, 12.940644385888996 ], [ 80.248812577570504, 12.940593075432197 ], [ 80.248830756776897, 12.9405912202465 ], [ 80.248750879480198, 12.9401096716993 ], [ 80.248750439305695, 12.9401070171764 ], [ 80.248740124849604, 12.9400448354947 ], [ 80.248730611690704, 12.939987482194898 ], [ 80.248730593724403, 12.939987373632498 ], [ 80.248726945666107, 12.9399653862567 ], [ 80.248726937581196, 12.939965334602096 ], [ 80.248701204441602, 12.939810199839098 ], [ 80.248701122694897, 12.9398097086817 ], [ 80.248694139191898, 12.939767604847798 ], [ 80.248694119428905, 12.939767490156898 ] ] ] ] } },
{ "type": "Feature", "properties": { "id": null, "Name": null, "description": null, "timestamp": null, "begin": null, "end": null, "altitudeMode": null, "tessellate": -1, "extrude": 0, "visibility": -1, "drawOrder": null, "icon": null, "OBJECTID": 733.0, "OBJECTID_1": 908.0, "SLUM_NAME": "Neelangarai -Bharathiyar Nagar", "WARD_NO": 192.0, "ZONE_NO": 15, "SHAPE.AREA": 8615.6414037199993, "SHAPE.LEN": 644.639305704462, "total_area_sqm": 8128.8755818446489, "area_outside_isochrone": 8128.8755818446489, "pct_outside": 1.0, "outside_isochrone": true, "true_metro_dist": 999999.0, "metro_covered": false, "metro_covered_red_only": false, "metro_covered_either_line": false }, "geometry": { "type": "MultiPolygon", "coordinates": [ [ [ [ 80.247507564414605, 12.942714898076796 ], [ 80.247455385771303, 12.942531483075498 ], [ 80.247377024830797, 12.942547902960602 ], [ 80.247376997881304, 12.942547908213498 ], [ 80.247342572643007, 12.942555122281597 ], [ 80.247342196248894, 12.942555200200497 ], [ 80.247195884045297, 12.942585859987499 ], [ 80.247217372645196, 12.942706682449199 ], [ 80.247223835125396, 12.942717571832798 ], [ 80.247456750312196, 12.943672318883699 ], [ 80.247715700472696, 12.945109671942497 ], [ 80.247815288603306, 12.945083166641396 ], [ 80.247815363163497, 12.945083146505301 ], [ 80.247845733406606, 12.9450750640294 ], [ 80.2478457891022, 12.945075049146199 ], [ 80.247960010788901, 12.945044648808899 ], [ 80.247957467658296, 12.945028302629002 ], [ 80.247957432624005, 12.945028078504899 ], [ 80.247829155896397, 12.944203581263498 ], [ 80.247507564414605, 12.942714898076796 ] ] ] ] } },
{ "type": "Feature", "properties": { "id": null, "Name": null, "description": null, "timestamp": null, "begin": null, "end": null, "altitudeMode": null, "tessellate": -1, "extrude": 0, "visibility": -1, "drawOrder": null, "icon": null, "OBJECTID": 734.0, "OBJECTID_1": 910.0, "SLUM_NAME": "Neelangarai-Rajendran Nagar", "WARD_NO": 192.0, "ZONE_NO": 15, "SHAPE.AREA": 64574.704230205003, "SHAPE.LEN": 1340.9149756526799, "total_area_sqm": 60926.770327689701, "area_outside_isochrone": 60926.770327689715, "pct_outside": 1.0000000000000002, "outside_isochrone": true, "true_metro_dist": 999999.0, "metro_covered": false, "metro_covered_red_only": false, "metro_covered_either_line": false }, "geometry": { "type": "MultiPolygon", "coordinates": [ [ [ [ 80.250367255900102, 12.943379301918897 ], [ 80.250394653618002, 12.943035728453902 ], [ 80.250361118610101, 12.943039577992199 ], [ 80.250361046744899, 12.943039585871603 ], [ 80.250300436514394, 12.9430465434063 ], [ 80.250304070199704, 12.943012083164898 ], [ 80.250304080081193, 12.943011992989298 ], [ 80.250385736042205, 12.942237546375699 ], [ 80.250578813641098, 12.942206068833702 ], [ 80.250581248075505, 12.942205671359002 ], [ 80.250618812027497, 12.942199548147499 ], [ 80.250620183754904, 12.942199324020798 ], [ 80.250630735366201, 12.942197603673298 ], [ 80.250630742552801, 12.942195085749798 ], [ 80.250630743451097, 12.9421947898325 ], [ 80.250631258185706, 12.942022523884699 ], [ 80.250631258185706, 12.942022449467601 ], [ 80.250633924385497, 12.941129707678499 ], [ 80.250560555383004, 12.941131978722099 ], [ 80.250560239175996, 12.9411319883526 ], [ 80.249869080786311, 12.941153375908899 ], [ 80.249884413231598, 12.941348567371298 ], [ 80.249884443774306, 12.941348963096399 ], [ 80.249886300591996, 12.941372588406702 ], [ 80.249886333829707, 12.941373023529099 ], [ 80.249887577097994, 12.941388846400899 ], [ 80.249861136085897, 12.941390979113496 ], [ 80.249860970795893, 12.941390992245999 ], [ 80.249827578620199, 12.941393687028102 ], [ 80.249827407940302, 12.941393701036098 ], [ 80.249568581747397, 12.941414579905899 ], [ 80.249568473051198, 12.941414588660901 ], [ 80.249542218888706, 12.941416707365198 ], [ 80.249541907173295, 12.941416732754698 ], [ 80.249304778887705, 12.941435861502802 ], [ 80.249304659411806, 12.941435871133303 ], [ 80.249275156941295, 12.941438250735798 ], [ 80.249274983566394, 12.941438264743699 ], [ 80.249042861591903, 12.941456989885802 ], [ 80.249042572334403, 12.941457013524298 ], [ 80.249016942501001, 12.941459080573901 ], [ 80.249016704447499, 12.9414590998349 ], [ 80.248813256696906, 12.941475511911102 ], [ 80.248857134008603, 12.941865550108798 ], [ 80.248912904116395, 12.942320614183997 ], [ 80.248986008115907, 12.942917125524898 ], [ 80.248950156352905, 12.942918825731198 ], [ 80.248949867993701, 12.9429188388635 ], [ 80.248919883127897, 12.942920261538696 ], [ 80.248839058108501, 12.942924092693397 ], [ 80.248718436823694, 12.942945916091197 ], [ 80.248765830141494, 12.943474462496702 ], [ 80.248739613708196, 12.9434939666723 ], [ 80.248739016328599, 12.943494411421399 ], [ 80.248738886971097, 12.943494507725298 ], [ 80.248691694876001, 12.943529617513802 ], [ 80.248691468500596, 12.943529786483397 ], [ 80.248622349427606, 12.9435812092741 ], [ 80.248173638248304, 12.944969299310596 ], [ 80.248290367132896, 12.944945547395799 ], [ 80.248290466845901, 12.9449455272596 ], [ 80.248332428949496, 12.944936988651397 ], [ 80.248332521476001, 12.944936969390801 ], [ 80.248674103167801, 12.944867463726098 ], [ 80.248679020545694, 12.944866463046099 ], [ 80.2488898820923, 12.944823556370199 ], [ 80.248895131846794, 12.9448084586185 ], [ 80.248895267492401, 12.944808068151898 ], [ 80.249147192827394, 12.9440834292758 ], [ 80.250213294541894, 12.9439928783782 ], [ 80.250213645783205, 12.9439928486116 ], [ 80.250346618903095, 12.943981553932501 ], [ 80.250364227679299, 12.9434676695661 ], [ 80.250364232170895, 12.943467546997498 ], [ 80.250366712419407, 12.943395169313398 ], [ 80.250366748351993, 12.943394102090199 ], [ 80.250367255900102, 12.943379301918897 ] ] ] ] } },
{ "type": "Feature", "properties": { "id": null, "Name": null, "description": null, "timestamp": null, "begin": null, "end": null, "altitudeMode": null, "tessellate": -1, "extrude": 0, "visibility": -1, "drawOrder": null, "icon": null, "OBJECTID": 735.0, "OBJECTID_1": 911.0, "SLUM_NAME": "Okkiyampettai (Pillaiyar Koil Street)", "WARD_NO": 195.0, "ZONE_NO": 15, "SHAPE.AREA": 57167.255926379999, "SHAPE.LEN": 1052.40037527616, "total_area_sqm": 53945.347165151579, "area_outside_isochrone": 25727.228071120488, "pct_outside": 0.47691282794709949, "outside_isochrone": false, "true_metro_dist": 750.52964820393242, "metro_covered": false, "metro_covered_red_only": false, "metro_covered_either_line": false }, "geometry": { "type": "MultiPolygon", "coordinates": [ [ [ [ 80.234724264833702, 12.926077575011798 ], [ 80.234720370636893, 12.925642208394601 ], [ 80.234551684094598, 12.925658255530101 ], [ 80.234502133921794, 12.925316247665899 ], [ 80.233237832414503, 12.925158147921898 ], [ 80.231060739272394, 12.925703137247501 ], [ 80.231148478624505, 12.926311756037796 ], [ 80.231148482217705, 12.9263117831799 ], [ 80.231153691548002, 12.926347925909699 ], [ 80.231153716700902, 12.926348094015401 ], [ 80.231181335404301, 12.9265396775381 ], [ 80.231220395949506, 12.9268008749468 ], [ 80.232321204075006, 12.9266880832003 ], [ 80.232946673159603, 12.926623992978199 ], [ 80.2337073063551, 12.926572172694597 ], [ 80.233722572324993, 12.926571132541397 ], [ 80.234695618457593, 12.926386513171098 ], [ 80.234723795014801, 12.926118225989503 ], [ 80.234723803099598, 12.926118146314399 ], [ 80.234724563972705, 12.926110902877799 ], [ 80.234724265731998, 12.9260776144116 ], [ 80.234724264833702, 12.926077575011798 ] ] ] ] } },
{ "type": "Feature", "properties": { "id": null, "Name": null, "description": null, "timestamp": null, "begin": null, "end": null, "altitudeMode": null, "tessellate": -1, "extrude": 0, "visibility": -1, "drawOrder": null, "icon": null, "OBJECTID": 736.0, "OBJECTID_1": 912.0, "SLUM_NAME": "Okkiyam Pettai (Thiruvalluvar Street)", "WARD_NO": 195.0, "ZONE_NO": 15, "SHAPE.AREA": 19897.581178245, "SHAPE.LEN": 1139.48461159205, "total_area_sqm": 18775.668353360012, "area_outside_isochrone": 13194.378268933639, "pct_outside": 0.70273814069433271, "outside_isochrone": true, "true_metro_dist": 928.01958442390378, "metro_covered": false, "metro_covered_red_only": false, "metro_covered_either_line": false }, "geometry": { "type": "MultiPolygon", "coordinates": [ [ [ [ 80.235474589861298, 12.930903674225 ], [ 80.235442308003201, 12.930538914869798 ], [ 80.235317827556003, 12.930552368353499 ], [ 80.235220328906706, 12.929984885668299 ], [ 80.235117117870402, 12.929384150440102 ], [ 80.235059837694607, 12.928918773401099 ], [ 80.235308795894099, 12.928891866256899 ], [ 80.235164251575, 12.927897830334901 ], [ 80.235127952450995, 12.927648192156999 ], [ 80.235124542446201, 12.9275508358003 ], [ 80.235114989761499, 12.927278109969798 ], [ 80.235106626446196, 12.9270392982007 ], [ 80.234993648926107, 12.927051251183498 ], [ 80.234968911119907, 12.927053868196799 ], [ 80.234968586828103, 12.927053903218699 ], [ 80.234936277122202, 12.927057321358401 ], [ 80.234936217833393, 12.927057327487301 ], [ 80.234791848685802, 12.927072601422996 ], [ 80.234728098843306, 12.927079345769203 ], [ 80.234741757727207, 12.927337791644401 ], [ 80.234795443743593, 12.927731655316801 ], [ 80.234860273360994, 12.928207272305897 ], [ 80.234930224273896, 12.928720456158098 ], [ 80.234814359568503, 12.929165155047897 ], [ 80.234843512594395, 12.929554596114402 ], [ 80.234843538645606, 12.929554934072501 ], [ 80.234846159929617, 12.929589970526804 ], [ 80.2348461752009, 12.929590167523097 ], [ 80.234976622258301, 12.931332736582002 ], [ 80.234980937764902, 12.931419717275899 ], [ 80.234980950341296, 12.931419969429298 ], [ 80.2349817336722, 12.931435742151701 ], [ 80.235083771508698, 12.9314230478025 ], [ 80.235083907154305, 12.9314230302918 ], [ 80.235122904817416, 12.931418178964801 ], [ 80.235122949733196, 12.931418173711601 ], [ 80.235343449304594, 12.931390741517102 ], [ 80.235330722871893, 12.930943919044298 ], [ 80.235341608656498, 12.930942401743097 ], [ 80.235343673883307, 12.9309421136923 ], [ 80.235476355050807, 12.930923618901998 ], [ 80.235474616810805, 12.930903992044 ], [ 80.235474589861298, 12.930903674225 ] ] ] ] } },
{ "type": "Feature", "properties": { "id": null, "Name": null, "description": null, "timestamp": null, "begin": null, "end": null, "altitudeMode": null, "tessellate": -1, "extrude": 0, "visibility": -1, "drawOrder": null, "icon": null, "OBJECTID": 738.0, "OBJECTID_1": 914.0, "SLUM_NAME": "Semenchery (Panjayath Salai Street)", "WARD_NO": 200.0, "ZONE_NO": 15, "SHAPE.AREA": 9585.6617440400005, "SHAPE.LEN": 452.49454630319002, "total_area_sqm": 9049.7580502825404, "area_outside_isochrone": 7929.372393020506, "pct_outside": 0.8761971700196941, "outside_isochrone": true, "true_metro_dist": 1476.3164424694432, "metro_covered": false, "metro_covered_red_only": false, "metro_covered_either_line": false }, "geometry": { "type": "MultiPolygon", "coordinates": [ [ [ [ 80.226354254394721, 12.865893595069599 ], [ 80.226393234989899, 12.864960678119701 ], [ 80.225713398067697, 12.865174358646499 ], [ 80.225712737805907, 12.865174565326898 ], [ 80.225714317044194, 12.865181183479997 ], [ 80.225734396187505, 12.865265642202996 ], [ 80.225736338345101, 12.865273811332299 ], [ 80.225795819393298, 12.865725921601101 ], [ 80.225990871489302, 12.866351586704798 ], [ 80.225991011626419, 12.866351993933398 ], [ 80.225991028694494, 12.866352017578999 ], [ 80.225992936716096, 12.866353177961702 ], [ 80.226037629698098, 12.866541174770502 ], [ 80.226043668173503, 12.866541173894701 ], [ 80.226327444175098, 12.866535262515699 ], [ 80.226354254394721, 12.865893595069599 ] ] ] ] } },
{ "type": "Feature", "properties": { "id": null, "Name": null, "description": null, "timestamp": null, "begin": null, "end": null, "altitudeMode": null, "tessellate": -1, "extrude": 0, "visibility": -1, "drawOrder": null, "icon": null, "OBJECTID": 740.0, "OBJECTID_1": 916.0, "SLUM_NAME": "Rajiv Gandhi Nagar", "WARD_NO": 200.0, "ZONE_NO": 15, "SHAPE.AREA": 45936.865188825002, "SHAPE.LEN": 1110.22786446858, "total_area_sqm": 43371.063559496732, "area_outside_isochrone": 43371.063559496739, "pct_outside": 1.0000000000000002, "outside_isochrone": true, "true_metro_dist": 999999.0, "metro_covered": false, "metro_covered_red_only": false, "metro_covered_either_line": false }, "geometry": { "type": "MultiPolygon", "coordinates": [ [ [ [ 80.231775756915994, 12.859624121492999 ], [ 80.231429815700096, 12.857896674547602 ], [ 80.231324258264294, 12.857225528612801 ], [ 80.230794528029506, 12.857395963002199 ], [ 80.230788857863402, 12.857251372368099 ], [ 80.230423258814099, 12.857293765964901 ], [ 80.229816489958793, 12.857364123590699 ], [ 80.229824404116499, 12.857628783375999 ], [ 80.229856274546094, 12.858694709780098 ], [ 80.229934215075104, 12.859074668906498 ], [ 80.229958236924105, 12.859178057162799 ], [ 80.230921538132506, 12.859163327325298 ], [ 80.231031967132097, 12.859636392977899 ], [ 80.231643361412793, 12.859573156990299 ], [ 80.231722342190906, 12.860238104870099 ], [ 80.232075916391807, 12.8602030140407 ], [ 80.232047976091494, 12.859704394964599 ], [ 80.231775756915994, 12.859624121492999 ] ] ] ] } },
{ "type": "Feature", "properties": { "id": null, "Name": null, "description": null, "timestamp": null, "begin": null, "end": null, "altitudeMode": null, "tessellate": -1, "extrude": 0, "visibility": -1, "drawOrder": null, "icon": null, "OBJECTID": 741.0, "OBJECTID_1": 917.0, "SLUM_NAME": "Solingahanallur-Grama Nedunsalai", "WARD_NO": 197.0, "ZONE_NO": 15, "SHAPE.AREA": 84732.028037904995, "SHAPE.LEN": 1695.24122236981, "total_area_sqm": 79970.485014609614, "area_outside_isochrone": 79970.485014609658, "pct_outside": 1.0000000000000004, "outside_isochrone": true, "true_metro_dist": 1030.7426031617672, "metro_covered": false, "metro_covered_red_only": false, "metro_covered_either_line": false }, "geometry": { "type": "MultiPolygon", "coordinates": [ [ [ [ 80.233097520957102, 12.901402139805697 ], [ 80.2330359630039, 12.900841955040299 ], [ 80.232489984042218, 12.9008749009905 ], [ 80.2324896525638, 12.900874921130301 ], [ 80.232454605691402, 12.900877035800402 ], [ 80.232454516758196, 12.900877041054301 ], [ 80.232132370117498, 12.900896480257298 ], [ 80.2321486529803, 12.902542565472398 ], [ 80.232148653878696, 12.902542643403899 ], [ 80.232149001526693, 12.902577851767996 ], [ 80.2321490033233, 12.902578056666297 ], [ 80.232151010159598, 12.9027808814051 ], [ 80.232149918706597, 12.902865443034802 ], [ 80.232168812073596, 12.903041023120601 ], [ 80.232168820158506, 12.903041096673698 ], [ 80.232173286582096, 12.903082603389398 ], [ 80.232173301853393, 12.903082745241798 ], [ 80.232293492845201, 12.904199668391396 ], [ 80.232293648253702, 12.904201119307297 ], [ 80.232303621349999, 12.904293793149 ], [ 80.232303704893297, 12.904294564577098 ], [ 80.232353424847602, 12.904756618953799 ], [ 80.232353440118999, 12.904756759054003 ], [ 80.232357841863902, 12.904797659551699 ], [ 80.232357889474599, 12.904798108747899 ], [ 80.232402270741204, 12.905210531794701 ], [ 80.232432125351394, 12.9058853721652 ], [ 80.232432128046298, 12.905885435209996 ], [ 80.232434069305597, 12.905929306508996 ], [ 80.232434077390494, 12.905929509653301 ], [ 80.232475178908004, 12.906858588528598 ], [ 80.232475184297897, 12.906858696229699 ], [ 80.232476768926006, 12.906894527426701 ], [ 80.232476779705806, 12.906894762092501 ], [ 80.232497705062102, 12.907367787524899 ], [ 80.232531019084405, 12.9073680747273 ], [ 80.233115526788595, 12.9073731033961 ], [ 80.233115827724205, 12.907373106023003 ], [ 80.23315042094751, 12.9073734037328 ], [ 80.233150609593693, 12.907373405484 ], [ 80.233438521438899, 12.9073758826047 ], [ 80.233434227491898, 12.907004024401799 ], [ 80.233434223898598, 12.907003679408199 ], [ 80.233433980455104, 12.9069825586169 ], [ 80.23343397865851, 12.906982435154699 ], [ 80.233431708615797, 12.906785798321602 ], [ 80.233431706819204, 12.906785691496104 ], [ 80.233431353781299, 12.906755041322498 ], [ 80.233431352882903, 12.906754994038998 ], [ 80.233413859989398, 12.905239901118897 ], [ 80.2333702647487, 12.9041387132797 ], [ 80.233370260257104, 12.9041386108312 ], [ 80.233368450151801, 12.904092883761196 ], [ 80.233368442067004, 12.904092668356601 ], [ 80.233330490042803, 12.903134033634796 ], [ 80.233286952294307, 12.9030349374765 ], [ 80.233258322986217, 12.9028654474129 ], [ 80.233100667755494, 12.901430773165698 ], [ 80.233097526346896, 12.901402191468298 ], [ 80.233097520957102, 12.901402139805697 ] ] ] ] } },
{ "type": "Feature", "properties": { "id": null, "Name": null, "description": null, "timestamp": null, "begin": null, "end": null, "altitudeMode": null, "tessellate": -1, "extrude": 0, "visibility": -1, "drawOrder": null, "icon": null, "OBJECTID": 742.0, "OBJECTID_1": 918.0, "SLUM_NAME": "Solingahanallur-Gandhi Street", "WARD_NO": 197.0, "ZONE_NO": 15, "SHAPE.AREA": 18843.407110529999, "SHAPE.LEN": 546.39937837185903, "total_area_sqm": 17783.943214282022, "area_outside_isochrone": 17783.943214282015, "pct_outside": 0.99999999999999956, "outside_isochrone": true, "true_metro_dist": 977.63887814215957, "metro_covered": false, "metro_covered_red_only": false, "metro_covered_either_line": false }, "geometry": { "type": "MultiPolygon", "coordinates": [ [ [ [ 80.233115526788595, 12.9073731033961 ], [ 80.232531019084405, 12.9073680747273 ], [ 80.232511442997705, 12.907604656719101 ], [ 80.232511417844904, 12.907604955304201 ], [ 80.232508833391805, 12.907636190285201 ], [ 80.232508824408598, 12.9076362953592 ], [ 80.232499805323201, 12.907745291157202 ], [ 80.232514531405698, 12.907810311748301 ], [ 80.232514543083795, 12.907810362534002 ], [ 80.232520745052497, 12.907837744781398 ], [ 80.232520770205298, 12.907837857735801 ], [ 80.232574670020597, 12.908075840266401 ], [ 80.232574723919598, 12.9080760819361 ], [ 80.232581258265, 12.908104929933101 ], [ 80.232581328333495, 12.908105239900596 ], [ 80.232703477652606, 12.908644561811601 ], [ 80.233390597216797, 12.9086402573 ], [ 80.233390813710798, 12.908640255548702 ], [ 80.233421594484, 12.908640062913998 ], [ 80.233877555966004, 12.908637205789899 ], [ 80.233730376888218, 12.907939055218201 ], [ 80.233730322090906, 12.907938794284901 ], [ 80.233726495267902, 12.9079206419079 ], [ 80.23372648358982, 12.907920584117301 ], [ 80.233619950583602, 12.907415236334501 ], [ 80.233619918244202, 12.907415087479601 ], [ 80.233614784372406, 12.907390737447596 ], [ 80.233614752033006, 12.907390582463398 ], [ 80.233611777711104, 12.907376474521802 ], [ 80.233438521438899, 12.9073758826047 ], [ 80.233150609593693, 12.907373405484 ], [ 80.23315042094751, 12.9073734037328 ], [ 80.233115827724205, 12.907373106023003 ], [ 80.233115526788595, 12.9073731033961 ] ] ] ] } },
{ "type": "Feature", "properties": { "id": null, "Name": null, "description": null, "timestamp": null, "begin": null, "end": null, "altitudeMode": null, "tessellate": -1, "extrude": 0, "visibility": -1, "drawOrder": null, "icon": null, "OBJECTID": 743.0, "OBJECTID_1": 919.0, "SLUM_NAME": "Solingahanallur-Nehru Street", "WARD_NO": 197.0, "ZONE_NO": 15, "SHAPE.AREA": 23929.850608504999, "SHAPE.LEN": 885.04526991829698, "total_area_sqm": 22584.216434921444, "area_outside_isochrone": 22584.21643492144, "pct_outside": 0.99999999999999989, "outside_isochrone": true, "true_metro_dist": 1081.9373314401366, "metro_covered": false, "metro_covered_red_only": false, "metro_covered_either_line": false }, "geometry": { "type": "MultiPolygon", "coordinates": [ [ [ [ 80.233883799257299, 12.909504694738798 ], [ 80.2339827244313, 12.909465075152601 ], [ 80.233987604978196, 12.9094631207916 ], [ 80.234012175697899, 12.9094532798135 ], [ 80.234426856897599, 12.909503982868197 ], [ 80.234427141663602, 12.909504017892601 ], [ 80.234458788412695, 12.909507887211401 ], [ 80.234458912380205, 12.909507902096799 ], [ 80.234479554767205, 12.909510426479196 ], [ 80.234647179500897, 12.909530920996099 ], [ 80.234634027266793, 12.909038703632401 ], [ 80.234634024571804, 12.9090386116932 ], [ 80.234633322089294, 12.9090123030767 ], [ 80.234633318495995, 12.9090121664814 ], [ 80.234630787043599, 12.908917412184 ], [ 80.234628919446095, 12.908847500712898 ], [ 80.234623780184293, 12.908655179489902 ], [ 80.234389162690007, 12.908654406324002 ], [ 80.234389031535997, 12.908654406324001 ], [ 80.234354579348206, 12.908654292494298 ], [ 80.234354452685807, 12.908654291618697 ], [ 80.233422768582102, 12.9086512208454 ], [ 80.233392046199398, 12.908651120149999 ], [ 80.233391826112097, 12.908651119274301 ], [ 80.232669223094206, 12.908648734105601 ], [ 80.232668839513593, 12.908648733229999 ], [ 80.232641807410104, 12.908648643917598 ], [ 80.232641740934696, 12.9086486439176 ], [ 80.2322552012578, 12.908647368149998 ], [ 80.231734199952598, 12.908660688844101 ], [ 80.231734095748095, 12.908660691471001 ], [ 80.231732222760698, 12.908660739629596 ], [ 80.231734100239606, 12.908831853527699 ], [ 80.231734346378005, 12.908854221909699 ], [ 80.231734778467697, 12.908893590292198 ], [ 80.232036297094496, 12.908890478368098 ], [ 80.232036845965098, 12.9088950271711 ], [ 80.232036890880906, 12.908895396679199 ], [ 80.232039634335806, 12.9089181739662 ], [ 80.232039642420602, 12.9089182387614 ], [ 80.232065311779806, 12.909131327522397 ], [ 80.232106473484507, 12.909138133645898 ], [ 80.232142805846109, 12.909144142087699 ], [ 80.232143215477905, 12.9091442103853 ], [ 80.232253721732604, 12.909162485258898 ], [ 80.232244312778306, 12.909050884259898 ], [ 80.232550376880397, 12.909109309409597 ], [ 80.232539823472493, 12.9092097988839 ], [ 80.233149843330807, 12.9091046765518 ], [ 80.233194304547396, 12.9094819218833 ], [ 80.233428910363699, 12.909469826211001 ], [ 80.233532538218199, 12.909674666264999 ], [ 80.233871863342102, 12.9095094755672 ], [ 80.233883071621904, 12.909504986316803 ], [ 80.233883799257299, 12.909504694738798 ] ] ] ] } },
{ "type": "Feature", "properties": { "id": null, "Name": null, "description": null, "timestamp": null, "begin": null, "end": null, "altitudeMode": null, "tessellate": -1, "extrude": 0, "visibility": -1, "drawOrder": null, "icon": null, "OBJECTID": 744.0, "OBJECTID_1": 920.0, "SLUM_NAME": "Thuraipakkam -Nehru Nagar", "WARD_NO": 195.0, "ZONE_NO": 15, "SHAPE.AREA": 6631.2378945250002, "SHAPE.LEN": 426.49021596297803, "total_area_sqm": 6257.2123461353749, "area_outside_isochrone": 5225.7902818910425, "pct_outside": 0.83516268792102499, "outside_isochrone": true, "true_metro_dist": 896.28003932154593, "metro_covered": false, "metro_covered_red_only": false, "metro_covered_either_line": false }, "geometry": { "type": "MultiPolygon", "coordinates": [ [ [ [ 80.231677173101801, 12.932038055400499 ], [ 80.231672057196207, 12.931930711823496 ], [ 80.231230352876096, 12.931992540062499 ], [ 80.231227524081206, 12.9319871721833 ], [ 80.231227322858601, 12.931986792202901 ], [ 80.231209677251513, 12.931953314530199 ], [ 80.231209641318898, 12.931953244487802 ], [ 80.231140912114796, 12.931822855139 ], [ 80.230842712763007, 12.931890751710899 ], [ 80.230778286489112, 12.931905420358904 ], [ 80.230778243369997, 12.931905429989701 ], [ 80.2307506929385, 12.931911703169702 ], [ 80.230750635446398, 12.931911716302698 ], [ 80.230406321977696, 12.931990111340099 ], [ 80.230391766575195, 12.932043011779101 ], [ 80.230359305054094, 12.932067623818201 ], [ 80.230191859983407, 12.932106396683301 ], [ 80.230204721163403, 12.932190570157996 ], [ 80.230204747214501, 12.9321907417619 ], [ 80.230209917018996, 12.932224576618998 ], [ 80.230209996969094, 12.932225096683798 ], [ 80.230252295940801, 12.932501942600899 ], [ 80.230976803387193, 12.9323313728635 ], [ 80.231342623421995, 12.9322452478802 ], [ 80.231323631240215, 12.932083996237902 ], [ 80.231677173101801, 12.932038055400499 ] ] ] ] } },
{ "type": "Feature", "properties": { "id": null, "Name": null, "description": null, "timestamp": null, "begin": null, "end": null, "altitudeMode": null, "tessellate": -1, "extrude": 0, "visibility": -1, "drawOrder": null, "icon": null, "OBJECTID": 746.0, "OBJECTID_1": 922.0, "SLUM_NAME": "Easwaran Nagar", "WARD_NO": 194.0, "ZONE_NO": 15, "SHAPE.AREA": 5919.4030194799998, "SHAPE.LEN": 320.92589725904799, "total_area_sqm": 5585.5355794577681, "area_outside_isochrone": 654.95159250136351, "pct_outside": 0.11725851230992335, "outside_isochrone": false, "true_metro_dist": 787.73614768235859, "metro_covered": false, "metro_covered_red_only": false, "metro_covered_either_line": false }, "geometry": { "type": "MultiPolygon", "coordinates": [ [ [ [ 80.2350971519149, 12.931564167883801 ], [ 80.235101515930495, 12.931449918776998 ], [ 80.235081125970197, 12.931450907253302 ], [ 80.235080768440696, 12.9314509238884 ], [ 80.234769645925198, 12.931466002311501 ], [ 80.234763713451102, 12.931466289486201 ], [ 80.234181524298606, 12.931494501771796 ], [ 80.234186256623502, 12.931506451039198 ], [ 80.234186419218602, 12.931506863414999 ], [ 80.234310855648403, 12.931821079561399 ], [ 80.234310980514195, 12.931821396503798 ], [ 80.234320937440799, 12.931846537385598 ], [ 80.234321035357198, 12.931846786036397 ], [ 80.234336413616504, 12.931885616720898 ], [ 80.234336525905903, 12.931885901268501 ], [ 80.234412721906693, 12.9320783044145 ], [ 80.234413818749601, 12.932078135437099 ], [ 80.234413984039605, 12.932078109171199 ], [ 80.235181566602108, 12.931959483520902 ], [ 80.235181726502205, 12.931959458130498 ], [ 80.235188338102802, 12.931958437261498 ], [ 80.235112714328906, 12.931729694207698 ], [ 80.2350971519149, 12.931564167883801 ] ] ] ] } },
{ "type": "Feature", "properties": { "id": null, "Name": null, "description": null, "timestamp": null, "begin": null, "end": null, "altitudeMode": null, "tessellate": -1, "extrude": 0, "visibility": -1, "drawOrder": null, "icon": null, "OBJECTID": 747.0, "OBJECTID_1": 923.0, "SLUM_NAME": "Pandian Nagar", "WARD_NO": 193.0, "ZONE_NO": 15, "SHAPE.AREA": 58843.991472590002, "SHAPE.LEN": 2953.81367363965, "total_area_sqm": 55519.69716077781, "area_outside_isochrone": 55148.969706530588, "pct_outside": 0.99332259588567917, "outside_isochrone": true, "true_metro_dist": 999999.0, "metro_covered": false, "metro_covered_red_only": false, "metro_covered_either_line": false }, "geometry": { "type": "MultiPolygon", "coordinates": [ [ [ [ 80.248123595798802, 12.9495795854039 ], [ 80.247999651645699, 12.948600701444398 ], [ 80.247873956676202, 12.9478633065428 ], [ 80.247726214354699, 12.947147164304198 ], [ 80.247625523092907, 12.9471700037617 ], [ 80.247625417989994, 12.947170028275 ], [ 80.247597944813606, 12.947176259923598 ], [ 80.2475976896921, 12.947176318580599 ], [ 80.247594426112698, 12.947177058359097 ], [ 80.247446435856105, 12.946403634989698 ], [ 80.247445893273706, 12.946400798434 ], [ 80.247404838468597, 12.946186239161497 ], [ 80.247404817807293, 12.946186133228299 ], [ 80.247397313281397, 12.946146913430399 ], [ 80.247397248602695, 12.946146569366398 ], [ 80.247393566408405, 12.946127332420099 ], [ 80.247021633338107, 12.9441835229596 ], [ 80.246399836566397, 12.940943487286601 ], [ 80.246167391198398, 12.939796721465099 ], [ 80.2461673148416, 12.939796344123197 ], [ 80.246161511724793, 12.939767716036799 ], [ 80.246161503639996, 12.939767675763596 ], [ 80.245756037358404, 12.937767293769898 ], [ 80.2457560059174, 12.937767139680002 ], [ 80.245722403535893, 12.9376013590862 ], [ 80.245354502104504, 12.937663020448197 ], [ 80.245580392465897, 12.938877703008899 ], [ 80.245587518801003, 12.938916020427698 ], [ 80.2456569648607, 12.939289448168102 ], [ 80.245658536912501, 12.939297900294797 ], [ 80.245681866160396, 12.939423353143001 ], [ 80.245681902092997, 12.939423543127498 ], [ 80.245755703185097, 12.939820394199597 ], [ 80.245803132435498, 12.9400931010672 ], [ 80.245839703749098, 12.940303374750501 ], [ 80.245839719918706, 12.9403034605497 ], [ 80.245897640593299, 12.940636489750801 ], [ 80.245794075620793, 12.940684706180898 ], [ 80.245868183038496, 12.9414611572541 ], [ 80.246133829241103, 12.942842390854798 ], [ 80.2464847875478, 12.942768428347097 ], [ 80.246590579443904, 12.9432817888601 ], [ 80.246591996985401, 12.9432886675938 ], [ 80.247071691957203, 12.945616383594199 ], [ 80.247073489486098, 12.945625111283398 ], [ 80.247185056651105, 12.946166485684497 ], [ 80.247178225861802, 12.946172776890903 ], [ 80.247178164776301, 12.946172832046098 ], [ 80.247166312404403, 12.9461837466673 ], [ 80.247165750957393, 12.9461842640765 ], [ 80.247112592252094, 12.946233216588398 ], [ 80.247112478166102, 12.946233321646099 ], [ 80.247108642359805, 12.946236855086399 ], [ 80.247103892068594, 12.9462412289882 ], [ 80.247152293296097, 12.946487055103598 ], [ 80.247153382054194, 12.946492583758898 ], [ 80.247180001831097, 12.946627783200896 ], [ 80.247180036865402, 12.946627959172201 ], [ 80.247185303687914, 12.946654709443198 ], [ 80.247185340518797, 12.9466548976713 ], [ 80.247230140400305, 12.9468824285054 ], [ 80.247231420499602, 12.946888929808498 ], [ 80.247467086327902, 12.948085839066602 ], [ 80.247611035962294, 12.949018023928799 ], [ 80.247611084471302, 12.949018336471998 ], [ 80.247631142953296, 12.949148224814998 ], [ 80.247634704773404, 12.949171289960399 ], [ 80.247828730094994, 12.949123503277002 ], [ 80.247829525103995, 12.949123308047099 ], [ 80.247900208143804, 12.949105898437898 ], [ 80.247900969016797, 12.949114464918297 ], [ 80.247900986084801, 12.949114660148201 ], [ 80.247903553469897, 12.9491435664363 ], [ 80.247903587605904, 12.949143961273498 ], [ 80.247923928158897, 12.949372924729902 ], [ 80.247923938040415, 12.949373036790002 ], [ 80.247943707264795, 12.9495955828486 ], [ 80.247947761361701, 12.949595223030901 ], [ 80.247947796396005, 12.949595219528996 ], [ 80.247970874115595, 12.949593167429802 ], [ 80.247971225356906, 12.949593135912901 ], [ 80.248000063972398, 12.949590571664302 ], [ 80.248123595798802, 12.9495795854039 ] ] ] ] } },
{ "type": "Feature", "properties": { "id": null, "Name": null, "description": null, "timestamp": null, "begin": null, "end": null, "altitudeMode": null, "tessellate": -1, "extrude": 0, "visibility": -1, "drawOrder": null, "icon": null, "OBJECTID": 780.0, "OBJECTID_1": 957.0, "SLUM_NAME": "Muthimariyamman koil Street", "WARD_NO": 172.0, "ZONE_NO": 13, "SHAPE.AREA": 852.69188324000004, "SHAPE.LEN": 124.098450117122, "total_area_sqm": 804.00580529349634, "area_outside_isochrone": 0.0, "pct_outside": 0.0, "outside_isochrone": false, "true_metro_dist": 999999.0, "metro_covered": false, "metro_covered_red_only": false, "metro_covered_either_line": false }, "geometry": { "type": "MultiPolygon", "coordinates": [ [ [ [ 80.241059885801604, 13.023948724547099 ], [ 80.240943426411505, 13.023935585939498 ], [ 80.240902377894599, 13.023941294039698 ], [ 80.240693083908099, 13.024155109644701 ], [ 80.240722675311901, 13.024174063985802 ], [ 80.240722903483999, 13.024174210145201 ], [ 80.240903904132296, 13.0242901364283 ], [ 80.241072709252194, 13.0239501712642 ], [ 80.241063968644497, 13.023949184905996 ], [ 80.241059885801604, 13.023948724547099 ] ] ] ] } },
{ "type": "Feature", "properties": { "id": null, "Name": null, "description": null, "timestamp": null, "begin": null, "end": null, "altitudeMode": null, "tessellate": -1, "extrude": 0, "visibility": -1, "drawOrder": null, "icon": null, "OBJECTID": 788.0, "OBJECTID_1": 976.0, "SLUM_NAME": "Karpagavinayagar Nagar", "WARD_NO": 196.0, "ZONE_NO": 15, "SHAPE.AREA": 21667.742469594999, "SHAPE.LEN": 588.29944257405305, "total_area_sqm": 20444.63223297997, "area_outside_isochrone": 19891.229908939644, "pct_outside": 0.97293165669433701, "outside_isochrone": true, "true_metro_dist": 999999.0, "metro_covered": false, "metro_covered_red_only": false, "metro_covered_either_line": false }, "geometry": { "type": "MultiPolygon", "coordinates": [ [ [ [ 80.252316560540805, 12.936892940043396 ], [ 80.2522420560678, 12.936283434772298 ], [ 80.251824339460697, 12.936316602807002 ], [ 80.251824040321694, 12.936316626445898 ], [ 80.251235001515099, 12.936363398235198 ], [ 80.251232390112605, 12.9363636057323 ], [ 80.251228685460404, 12.936363899905501 ], [ 80.251217717929094, 12.9363656474343 ], [ 80.251210614950111, 12.9363667803512 ], [ 80.250793922422403, 12.936433196065899 ], [ 80.250801097266603, 12.936455108458798 ], [ 80.250801203267798, 12.936455430648396 ], [ 80.250919643443098, 12.936817127561397 ], [ 80.250919721596503, 12.936817367452198 ], [ 80.250924254495402, 12.936831211952001 ], [ 80.250940955973206, 12.9368735666785 ], [ 80.250941283858296, 12.936874399292 ], [ 80.251102342805595, 12.937282847953098 ], [ 80.251224445412205, 12.937478198286097 ], [ 80.251310082706595, 12.937742008150003 ], [ 80.251476936685805, 12.937708804408897 ], [ 80.252033520259403, 12.937588988114399 ], [ 80.252275793196603, 12.937541918881101 ], [ 80.252276089640603, 12.937541861097399 ], [ 80.252328466811605, 12.9375316850295 ], [ 80.252328612338701, 12.937531656137599 ], [ 80.252393105087904, 12.937519126694799 ], [ 80.252320400838698, 12.936924353468102 ], [ 80.252320390957195, 12.936924273796398 ], [ 80.252316575812202, 12.936893057362202 ], [ 80.252316560540805, 12.936892940043396 ] ] ] ] } },
{ "type": "Feature", "properties": { "id": null, "Name": null, "description": null, "timestamp": null, "begin": null, "end": null, "altitudeMode": null, "tessellate": -1, "extrude": 0, "visibility": -1, "drawOrder": null, "icon": null, "OBJECTID": 789.0, "OBJECTID_1": 977.0, "SLUM_NAME": "Indra Gandhi Nagar", "WARD_NO": 200.0, "ZONE_NO": 15, "SHAPE.AREA": 29301.294400049999, "SHAPE.LEN": 760.44536173551398, "total_area_sqm": 27663.925119243257, "area_outside_isochrone": 27663.92511924326, "pct_outside": 1.0000000000000002, "outside_isochrone": true, "true_metro_dist": 999999.0, "metro_covered": false, "metro_covered_red_only": false, "metro_covered_either_line": false }, "geometry": { "type": "MultiPolygon", "coordinates": [ [ [ [ 80.214587171284094, 12.861599100321399 ], [ 80.214374082813805, 12.861535428691202 ], [ 80.214353899466104, 12.861554471592401 ], [ 80.213769986446593, 12.861905934769398 ], [ 80.213727073925398, 12.8624731138305 ], [ 80.213535170424507, 12.8628254900276 ], [ 80.21323159824901, 12.863418193101399 ], [ 80.213149745556905, 12.863822743686301 ], [ 80.213168178088196, 12.8638450661698 ], [ 80.213168538312701, 12.8638455040544 ], [ 80.213170776914396, 12.863848213684498 ], [ 80.2145187906263, 12.8639508529432 ], [ 80.214519590126997, 12.863923382698999 ], [ 80.214519591923604, 12.8639233091344 ], [ 80.214587171284094, 12.861599100321399 ] ] ] ] } },
{ "type": "Feature", "properties": { "id": null, "Name": null, "description": null, "timestamp": null, "begin": null, "end": null, "altitudeMode": null, "tessellate": -1, "extrude": 0, "visibility": -1, "drawOrder": null, "icon": null, "OBJECTID": 803.0, "OBJECTID_1": 996.0, "SLUM_NAME": "Aringar Anna Nagar", "WARD_NO": 193.0, "ZONE_NO": 15, "SHAPE.AREA": 6834.59278636, "SHAPE.LEN": 521.80054215993596, "total_area_sqm": 6448.1025994656748, "area_outside_isochrone": 6448.1025994656748, "pct_outside": 1.0, "outside_isochrone": true, "true_metro_dist": 1350.0757560104473, "metro_covered": false, "metro_covered_red_only": false, "metro_covered_either_line": false }, "geometry": { "type": "MultiPolygon", "coordinates": [ [ [ [ 80.248839106617496, 12.9495859710748 ], [ 80.2488332028895, 12.949557468429298 ], [ 80.248570880453499, 12.9495827397187 ], [ 80.248571534427001, 12.949585989459599 ], [ 80.248571591919102, 12.949586274862499 ], [ 80.248641232014904, 12.949932456070902 ], [ 80.248641766512506, 12.949935108738197 ], [ 80.248808671695699, 12.950764795158296 ], [ 80.248816002846695, 12.950801239006301 ], [ 80.248973376904701, 12.951583542544899 ], [ 80.249233768861203, 12.951532876929196 ], [ 80.248960751981699, 12.9501732428594 ], [ 80.248839147940004, 12.949586166304401 ], [ 80.248839106617496, 12.9495859710748 ] ] ] ] } },
{ "type": "Feature", "properties": { "id": null, "Name": null, "description": null, "timestamp": null, "begin": null, "end": null, "altitudeMode": null, "tessellate": -1, "extrude": 0, "visibility": -1, "drawOrder": null, "icon": null, "OBJECTID": 839.0, "OBJECTID_1": 1060.0, "SLUM_NAME": "Nesavalar nagar - Part I", "WARD_NO": 191.0, "ZONE_NO": 14, "SHAPE.AREA": 9311.1031059649995, "SHAPE.LEN": 594.09338290836502, "total_area_sqm": 8787.3664793758198, "area_outside_isochrone": 5894.6711887728561, "pct_outside": 0.67081203482383533, "outside_isochrone": true, "true_metro_dist": 999999.0, "metro_covered": false, "metro_covered_red_only": false, "metro_covered_either_line": false }, "geometry": { "type": "MultiPolygon", "coordinates": [ [ [ [ 80.199192912940021, 12.913129363840699 ], [ 80.198961576093097, 12.911984144389896 ], [ 80.198945999306105, 12.911988025053097 ], [ 80.198733355501915, 12.912040993648198 ], [ 80.198823581390798, 12.913129352458 ], [ 80.199108240436303, 12.914331995916099 ], [ 80.199238049689797, 12.914313702157399 ], [ 80.199412075818202, 12.914289177678802 ], [ 80.199295258898701, 12.913751623514999 ], [ 80.199192912940021, 12.913129363840699 ] ] ] ] } },
{ "type": "Feature", "properties": { "id": null, "Name": null, "description": null, "timestamp": null, "begin": null, "end": null, "altitudeMode": null, "tessellate": -1, "extrude": 0, "visibility": -1, "drawOrder": null, "icon": null, "OBJECTID": 840.0, "OBJECTID_1": 1061.0, "SLUM_NAME": "Juladenpet - Kalai Kuthu Nagar", "WARD_NO": 191.0, "ZONE_NO": 14, "SHAPE.AREA": 9009.4289189400006, "SHAPE.LEN": 374.73959652612302, "total_area_sqm": 8502.2235161566623, "area_outside_isochrone": 8502.2235161566623, "pct_outside": 1.0, "outside_isochrone": true, "true_metro_dist": 999999.0, "metro_covered": false, "metro_covered_red_only": false, "metro_covered_either_line": false }, "geometry": { "type": "MultiPolygon", "coordinates": [ [ [ [ 80.206842553572898, 12.918747445607202 ], [ 80.206834298953694, 12.9187367189105 ], [ 80.206671954517304, 12.918736725915199 ], [ 80.206074505683006, 12.918945612292196 ], [ 80.206074441004404, 12.918945635057201 ], [ 80.206058309956802, 12.918951275520998 ], [ 80.206272934546206, 12.919318717056798 ], [ 80.206372632271297, 12.9195092263893 ], [ 80.206405893293095, 12.919572789590697 ], [ 80.206406313704605, 12.919573594243502 ], [ 80.206413289122821, 12.9195869231109 ], [ 80.206523374965897, 12.919873886283698 ], [ 80.206771014438601, 12.919788073960202 ], [ 80.206985647112802, 12.919605694547 ], [ 80.207057188043706, 12.919302621357298 ], [ 80.207007655837302, 12.919058555508302 ], [ 80.206850808192002, 12.918760855947399 ], [ 80.206842553572898, 12.918747445607202 ] ] ] ] } },
{ "type": "Feature", "properties": { "id": null, "Name": null, "description": null, "timestamp": null, "begin": null, "end": null, "altitudeMode": null, "tessellate": -1, "extrude": 0, "visibility": -1, "drawOrder": null, "icon": null, "OBJECTID": 144.0, "OBJECTID_1": 147.0, "SLUM_NAME": "Kali Kundram", "WARD_NO": 172.0, "ZONE_NO": 13, "SHAPE.AREA": 9078.1086892349995, "SHAPE.LEN": 403.06672293368399, "total_area_sqm": 8561.6958558525748, "area_outside_isochrone": 764.54212345486815, "pct_outside": 0.089297977448269797, "outside_isochrone": false, "true_metro_dist": 999999.0, "metro_covered": false, "metro_covered_red_only": false, "metro_covered_either_line": false }, "geometry": { "type": "MultiPolygon", "coordinates": [ [ [ [ 80.243999530042416, 12.996306349251299 ], [ 80.243987829485803, 12.996015691952101 ], [ 80.244023714486403, 12.995998143825297 ], [ 80.244030389867305, 12.995994879810603 ], [ 80.244030247035198, 12.995901503937398 ], [ 80.244013219468997, 12.995208990645102 ], [ 80.244011136275802, 12.995192143583401 ], [ 80.243971405587402, 12.995199164432599 ], [ 80.24395279968131, 12.9952035838649 ], [ 80.243933019677002, 12.995208282520498 ], [ 80.243897403272697, 12.9952189735373 ], [ 80.243895252705897, 12.995219618639599 ], [ 80.243858237624593, 12.995233132525298 ], [ 80.243847762370095, 12.995237668373001 ], [ 80.243843865478311, 12.995239517899499 ], [ 80.243821465088402, 12.995250151144598 ], [ 80.243786291553505, 12.995266848524599 ], [ 80.243741454841, 12.995289073474398 ], [ 80.243713220791605, 12.995301277020101 ], [ 80.2437094990714, 12.995302723029097 ], [ 80.243685229287394, 12.995312153598199 ], [ 80.243647518011798, 12.995326808005197 ], [ 80.243599683621198, 12.995341809908599 ], [ 80.243302236159295, 12.995433332966 ], [ 80.243244432265698, 12.995448694614399 ], [ 80.243220929642902, 12.995453031763303 ], [ 80.243220896405205, 12.995453037890499 ], [ 80.243214154548994, 12.995454281702497 ], [ 80.243231628577902, 12.995515995253697 ], [ 80.2432413052302, 12.995558381132398 ], [ 80.243245188647094, 12.995581265162398 ], [ 80.243245636906494, 12.995583905088598 ], [ 80.243247941085201, 12.995597481976599 ], [ 80.243249329880598, 12.995605662596102 ], [ 80.243254003814997, 12.995643973030703 ], [ 80.243262658184506, 12.995723534912296 ], [ 80.243269018256697, 12.995803449516899 ], [ 80.243269799790994, 12.995818903924798 ], [ 80.243271133789193, 12.9958452777765 ], [ 80.243271389808996, 12.9958503589288 ], [ 80.243273064268706, 12.9958835076459 ], [ 80.243274774661003, 12.9959628339935 ], [ 80.243278472126704, 12.9960080216492 ], [ 80.243280116043707, 12.9960542938001 ], [ 80.243279843854197, 12.996077445627801 ], [ 80.243279616580395, 12.996096823136901 ], [ 80.243279558189897, 12.996101793120301 ], [ 80.243277041110503, 12.996146121201001 ], [ 80.243277001584602, 12.996146821445102 ], [ 80.243273761361394, 12.996178230891701 ], [ 80.243272249496798, 12.996192886998099 ], [ 80.243265379181494, 12.996238694327701 ], [ 80.243298654576193, 12.9962288462734 ], [ 80.243298687813905, 12.996229536888897 ], [ 80.243563510261296, 12.9962229178338 ], [ 80.243566644483394, 12.996281276151304 ], [ 80.2436270921188, 12.996279304089899 ], [ 80.243828483625705, 12.9963094434528 ], [ 80.243840581237706, 12.9963092237514 ], [ 80.243840808511493, 12.9963092202502 ], [ 80.243863469412801, 12.996308810607596 ], [ 80.2438637155512, 12.996308806231101 ], [ 80.2439496394081, 12.996307251690302 ], [ 80.243999530042416, 12.996306349251299 ] ] ] ] } },
{ "type": "Feature", "properties": { "id": null, "Name": null, "description": null, "timestamp": null, "begin": null, "end": null, "altitudeMode": null, "tessellate": -1, "extrude": 0, "visibility": -1, "drawOrder": null, "icon": null, "OBJECTID": 152.0, "OBJECTID_1": 155.0, "SLUM_NAME": "Surya Nagar", "WARD_NO": 171.0, "ZONE_NO": 13, "SHAPE.AREA": 21200.372650615001, "SHAPE.LEN": 1456.4985499181701, "total_area_sqm": 19990.860766488284, "area_outside_isochrone": 19000.003961678482, "pct_outside": 0.95043451023025349, "outside_isochrone": true, "true_metro_dist": 999999.0, "metro_covered": false, "metro_covered_red_only": false, "metro_covered_either_line": false }, "geometry": { "type": "MultiPolygon", "coordinates": [ [ [ [ 80.237684315204504, 13.019198081765202 ], [ 80.237629473954698, 13.019134053012101 ], [ 80.237619089430098, 13.0191236571013 ], [ 80.237597343013604, 13.019141714722798 ], [ 80.237564821305398, 13.019100746361 ], [ 80.237519035073703, 13.019043069085599 ], [ 80.237464271977402, 13.019099074682899 ], [ 80.237432341360602, 13.019049387329899 ], [ 80.237424980565095, 13.019037934144597 ], [ 80.237404368720902, 13.0190340551503 ], [ 80.237317811551705, 13.019017453894399 ], [ 80.237311674261704, 13.019009050864799 ], [ 80.237287762905495, 13.0189763078415 ], [ 80.237268545246593, 13.018949991588498 ], [ 80.237241500566697, 13.018912957330301 ], [ 80.237224020249599, 13.0188890199317 ], [ 80.237204123464295, 13.0188617741805 ], [ 80.237186553315695, 13.018837712494999 ], [ 80.237160512053904, 13.018802053198797 ], [ 80.237142773920297, 13.018777763948899 ], [ 80.237102741398004, 13.018722944209596 ], [ 80.237073669220507, 13.0186802848427 ], [ 80.237054815379295, 13.018652292500999 ], [ 80.237009516034405, 13.018585041025 ], [ 80.237003279031399, 13.018575782009798 ], [ 80.236983693961605, 13.018546705251199 ], [ 80.236958763017498, 13.018509691938201 ], [ 80.236931999510205, 13.018469957541102 ], [ 80.236916234975396, 13.018447907087898 ], [ 80.236898930728003, 13.018425316617902 ], [ 80.236872571462598, 13.018390903585102 ], [ 80.236851115202114, 13.018362891080496 ], [ 80.236825785405998, 13.018329821512198 ], [ 80.236803034673102, 13.018300119812695 ], [ 80.2367748239799, 13.018263291135799 ], [ 80.236744133936597, 13.0182232241128 ], [ 80.236714806637494, 13.018184936420498 ], [ 80.236679053689201, 13.018138259666802 ], [ 80.236645323746899, 13.018109061200301 ], [ 80.236618322186104, 13.018085724130197 ], [ 80.236591796732398, 13.018062799290201 ], [ 80.236572456004296, 13.018046083314401 ], [ 80.236562186463999, 13.018037207628797 ], [ 80.2365562728545, 13.018025777152697 ], [ 80.236528721524706, 13.017998276615199 ], [ 80.236484424699697, 13.017951972673501 ], [ 80.236476090130495, 13.017943259777001 ], [ 80.236463682599805, 13.0179203550541 ], [ 80.2364472667863, 13.017890047647601 ], [ 80.236432164309804, 13.0178621681211 ], [ 80.236391821868708, 13.0177876887919 ], [ 80.236367984174294, 13.017743679660999 ], [ 80.236323845452802, 13.0176621923362 ], [ 80.2363595498921, 13.017645574359099 ], [ 80.236288523695805, 13.017508301615701 ], [ 80.236033280882594, 13.0169636079209 ], [ 80.2360292348705, 13.0169654922947 ], [ 80.235831948664497, 13.016571565095996 ], [ 80.235582386797105, 13.016294863517398 ], [ 80.2351270981532, 13.015790060406699 ], [ 80.234839083900098, 13.0154886666497 ], [ 80.234614961423205, 13.015361660996001 ], [ 80.234595296403299, 13.015407546183003 ], [ 80.234595746459306, 13.0154079732988 ], [ 80.234614208634994, 13.015425555937199 ], [ 80.234614306551407, 13.015425647837102 ], [ 80.234760251343999, 13.015564621443399 ], [ 80.234760501075598, 13.015564860382996 ], [ 80.234802608706204, 13.015604955843397 ], [ 80.234802951862704, 13.015605282306602 ], [ 80.234942131442907, 13.015737815825899 ], [ 80.234947702794301, 13.015744220802798 ], [ 80.234948186087905, 13.015744776577598 ], [ 80.234974922645705, 13.015775515737802 ], [ 80.234976271915301, 13.015777066655698 ], [ 80.235262130211794, 13.016105720998199 ], [ 80.235262380841704, 13.0161060098257 ], [ 80.235273978990307, 13.016119344025698 ], [ 80.235391187575402, 13.016254099489698 ], [ 80.235444460366693, 13.0163425060012 ], [ 80.235424144068205, 13.016352979924401 ], [ 80.235454525989397, 13.016401856476502 ], [ 80.235473906243399, 13.016391368551599 ], [ 80.235485158540598, 13.0163852795508 ], [ 80.235512426901096, 13.016431570656698 ], [ 80.235535879218205, 13.0164713797756 ], [ 80.235525235978699, 13.016476547153399 ], [ 80.235530707617102, 13.016485628574801 ], [ 80.235633126339295, 13.016717048039499 ], [ 80.235657012542703, 13.016705565863701 ], [ 80.2356838146775, 13.016761220145799 ], [ 80.235707143925396, 13.016809662502194 ], [ 80.235737565372503, 13.016872831502798 ], [ 80.235764221081894, 13.016928178541002 ], [ 80.235778808823795, 13.016958469435796 ], [ 80.235801045720393, 13.017004642278399 ], [ 80.235815881397301, 13.017035446924698 ], [ 80.235850059598903, 13.017019713764499 ], [ 80.235866216697602, 13.017056708920194 ], [ 80.235854371512303, 13.017062763770401 ], [ 80.235803764920703, 13.0170905331077 ], [ 80.235804486267895, 13.017096139838701 ], [ 80.235808582585605, 13.017113501799102 ], [ 80.235814144953821, 13.017126646895001 ], [ 80.235842421224007, 13.017193550424899 ], [ 80.235864092181998, 13.017245633656401 ], [ 80.235875356157294, 13.0172727019135 ], [ 80.235887975690403, 13.017304793115196 ], [ 80.235907295757201, 13.017347241788396 ], [ 80.235906333661603, 13.0173471516396 ], [ 80.235942308493705, 13.017433309295301 ], [ 80.235989850033505, 13.017546340847302 ], [ 80.236023643756198, 13.017616455480399 ], [ 80.236060386647907, 13.017696384037301 ], [ 80.236092641556596, 13.017758927898399 ], [ 80.236107535624001, 13.017787204790398 ], [ 80.236154162678801, 13.017875722784201 ], [ 80.236191771546501, 13.017953695997798 ], [ 80.236222193891919, 13.018019068530698 ], [ 80.236254903347998, 13.018085643609201 ], [ 80.236286032667493, 13.018152952110499 ], [ 80.236315567477504, 13.018220952022999 ], [ 80.236343489811404, 13.018289602210396 ], [ 80.236372085881897, 13.018360801039101 ], [ 80.236381693363796, 13.0183820445411 ], [ 80.236395546283802, 13.018412639837097 ], [ 80.2364272316605, 13.0183979806673 ], [ 80.236443660948794, 13.018431508845199 ], [ 80.236451499647899, 13.018447508859797 ], [ 80.236460728939207, 13.018466345482 ], [ 80.236480180160001, 13.018506041369799 ], [ 80.236491350710594, 13.018528838385702 ], [ 80.236504218178695, 13.0185550995442 ], [ 80.236485757799599, 13.018564117873098 ], [ 80.236504300823697, 13.0185982796921 ], [ 80.236524163472893, 13.018634871132997 ], [ 80.236552862849607, 13.018687741764598 ], [ 80.236564169944103, 13.018708573007402 ], [ 80.236584486242606, 13.0187460002722 ], [ 80.2365625188406, 13.018762057156199 ], [ 80.236599638126506, 13.018837518195101 ], [ 80.236643996036904, 13.018935061130898 ], [ 80.236667696289004, 13.018991678534498 ], [ 80.236685355370895, 13.019033862601002 ], [ 80.236697317337203, 13.019058739976398 ], [ 80.236711562821, 13.019082429670201 ], [ 80.236727973244598, 13.019104732131499 ], [ 80.236730539731397, 13.0191076186206 ], [ 80.236775497716394, 13.0191553489613 ], [ 80.236804709132798, 13.019131611137201 ], [ 80.236820852756793, 13.019161868504099 ], [ 80.236829461312198, 13.0191780006303 ], [ 80.236849555726707, 13.019167546081402 ], [ 80.2368819759253, 13.019215043601099 ], [ 80.2369037133586, 13.019246890363899 ], [ 80.236913009125104, 13.019260508842597 ], [ 80.236916189161306, 13.019265774187398 ], [ 80.236932509753302, 13.019292799337903 ], [ 80.236986496705299, 13.019382192016998 ], [ 80.237022370027802, 13.019441592527299 ], [ 80.237039975210806, 13.01947074445 ], [ 80.237057334255297, 13.019499485889902 ], [ 80.237071325515899, 13.019522654784099 ], [ 80.237086740606202, 13.019548177149396 ], [ 80.237112303964196, 13.019592112441099 ], [ 80.237139036928696, 13.019638054609601 ], [ 80.237182730984102, 13.019713148663698 ], [ 80.237166804752505, 13.019721588428697 ], [ 80.237185113316301, 13.019752304339899 ], [ 80.237207004361395, 13.019789026018501 ], [ 80.237219274449899, 13.019809605980097 ], [ 80.237233195641906, 13.0198329577665 ], [ 80.237259017714706, 13.019876273351001 ], [ 80.237279329521598, 13.0199103430908 ], [ 80.237289445450003, 13.0199273145055 ], [ 80.237307223109497, 13.0199571341647 ], [ 80.237377191988699, 13.020059380971201 ], [ 80.237438586448405, 13.020181350825599 ], [ 80.237456615636205, 13.020213661330899 ], [ 80.237471871724694, 13.020206237713198 ], [ 80.237568433431207, 13.020159253262698 ], [ 80.23755479610692, 13.020132308726996 ], [ 80.237605476360201, 13.020102987089301 ], [ 80.237437487808805, 13.019788359099499 ], [ 80.237374214073498, 13.019669852305597 ], [ 80.237413575554299, 13.019643924724898 ], [ 80.237430046165002, 13.019635194383401 ], [ 80.237430122521801, 13.019635154123097 ], [ 80.237439382355802, 13.0196302450017 ], [ 80.237434022108502, 13.019617953380298 ], [ 80.237433989769102, 13.0196178763607 ], [ 80.237431356807093, 13.019611839952598 ], [ 80.237480839606107, 13.019594702224097 ], [ 80.237496576293296, 13.0195892513392 ], [ 80.237507510586894, 13.019585465127102 ], [ 80.237541893604401, 13.019573556850901 ], [ 80.237548525866103, 13.019571259391999 ], [ 80.237548761224801, 13.019571177996399 ], [ 80.237568783774094, 13.019564243608798 ], [ 80.237569057760297, 13.0195641490848 ], [ 80.2375731594679, 13.019562728598698 ], [ 80.237588822493194, 13.019557304845002 ], [ 80.237616104328396, 13.019551818075099 ], [ 80.237696559241897, 13.019535636085598 ], [ 80.2377665101547, 13.0195215677576 ], [ 80.237787086964602, 13.019517427954597 ], [ 80.237806883138504, 13.019513446566799 ], [ 80.237848755410496, 13.019505025174299 ], [ 80.237873038669306, 13.019500140556501 ], [ 80.237872089150002, 13.019496761321596 ], [ 80.237853547024301, 13.019457496202198 ], [ 80.237830896004397, 13.019409529609398 ], [ 80.237827097927394, 13.019398984047099 ], [ 80.237817779702894, 13.019390053270902 ], [ 80.237800973122205, 13.019370745848899 ], [ 80.237777649264203, 13.019343955266697 ], [ 80.237763241185405, 13.019327406544999 ], [ 80.237747099358003, 13.0193088649386 ], [ 80.237729597481405, 13.019288761056901 ], [ 80.237712131537293, 13.019268698309199 ], [ 80.237690321340494, 13.0192436450348 ], [ 80.237710007919901, 13.0192280774321 ], [ 80.237684315204504, 13.019198081765202 ] ] ] ] } },
{ "type": "Feature", "properties": { "id": null, "Name": null, "description": null, "timestamp": null, "begin": null, "end": null, "altitudeMode": null, "tessellate": -1, "extrude": 0, "visibility": -1, "drawOrder": null, "icon": null, "OBJECTID": 155.0, "OBJECTID_1": 159.0, "SLUM_NAME": "Chitra Nagar", "WARD_NO": 172.0, "ZONE_NO": 13, "SHAPE.AREA": 15384.663375935001, "SHAPE.LEN": 541.80050414389405, "total_area_sqm": 14506.251679413457, "area_outside_isochrone": 4520.9840829853511, "pct_outside": 0.31165763443917799, "outside_isochrone": false, "true_metro_dist": 999999.0, "metro_covered": false, "metro_covered_red_only": false, "metro_covered_either_line": false }, "geometry": { "type": "MultiPolygon", "coordinates": [ [ [ [ 80.240857452248903, 13.023921246547197 ], [ 80.240202799595707, 13.023363372298999 ], [ 80.240190542982006, 13.023352926678799 ], [ 80.240021924711598, 13.023506275516002 ], [ 80.239865245949602, 13.023671955938703 ], [ 80.2398214387065, 13.023718276315503 ], [ 80.239803342145095, 13.023726726446698 ], [ 80.239797350382105, 13.023720938697698 ], [ 80.239692138797693, 13.023619309548801 ], [ 80.239667354279007, 13.023595445247199 ], [ 80.239646469346994, 13.023619046986402 ], [ 80.239480368155995, 13.023783578186098 ], [ 80.239513129714396, 13.023822478533699 ], [ 80.239299701681006, 13.0240389014819 ], [ 80.239329860820021, 13.0240756163986 ], [ 80.239490854190308, 13.024221859866101 ], [ 80.239853367526607, 13.024556470154197 ], [ 80.239796132266605, 13.024610507044999 ], [ 80.239814178522295, 13.0246274054957 ], [ 80.239830385028398, 13.024645996590699 ], [ 80.239825633838805, 13.024651214559999 ], [ 80.239821330010301, 13.024655942414704 ], [ 80.239821440503107, 13.0246560351863 ], [ 80.239920295608499, 13.024739026437299 ], [ 80.239977467986506, 13.024787023505498 ], [ 80.239998527191702, 13.024804702626099 ], [ 80.240012191465496, 13.0248161739241 ], [ 80.240015529605103, 13.024818973701398 ], [ 80.2400155556562, 13.0248189929559 ], [ 80.240140845485499, 13.024910197937999 ], [ 80.240140973046294, 13.024910291584799 ], [ 80.240141146421095, 13.024909987013897 ], [ 80.240200816115603, 13.024804933679901 ], [ 80.240210602362296, 13.024787703539102 ], [ 80.240212978406205, 13.024783520939 ], [ 80.240221891490407, 13.024767830280698 ], [ 80.240225216155295, 13.0247619760405 ], [ 80.24024140289842, 13.024712202302698 ], [ 80.240286131813093, 13.024635935239399 ], [ 80.240312659063406, 13.024590702913601 ], [ 80.240355819519607, 13.024533786594301 ], [ 80.240375042568303, 13.024508437157898 ], [ 80.240379021206707, 13.024503189428597 ], [ 80.240434987147196, 13.024437390631199 ], [ 80.240500612671994, 13.0243602342744 ], [ 80.240510095288101, 13.0243492023085 ], [ 80.240512725555305, 13.024346143465099 ], [ 80.240518839489098, 13.0243390324197 ], [ 80.240527221668998, 13.0243292817539 ], [ 80.240660364570502, 13.024174425445901 ], [ 80.2407108813305, 13.0241245850744 ], [ 80.240728802720398, 13.024106904154902 ], [ 80.240735248132594, 13.0241005440298 ], [ 80.240745920118201, 13.0240900310498 ], [ 80.240746171646506, 13.024089779865502 ], [ 80.240758957367902, 13.024077153261297 ], [ 80.240767729416604, 13.024068498343798 ], [ 80.240792131253002, 13.0240444231606 ], [ 80.240828027931798, 13.024001620300901 ], [ 80.240851647335504, 13.023973457019901 ], [ 80.240886688818193, 13.023931672888899 ], [ 80.240857452248903, 13.023921246547197 ] ] ] ] } },
{ "type": "Feature", "properties": { "id": null, "Name": null, "description": null, "timestamp": null, "begin": null, "end": null, "altitudeMode": null, "tessellate": -1, "extrude": 0, "visibility": -1, "drawOrder": null, "icon": null, "OBJECTID": 156.0, "OBJECTID_1": 160.0, "SLUM_NAME": "Narikuravar Colony", "WARD_NO": 172.0, "ZONE_NO": 13, "SHAPE.AREA": 7255.8197169349996, "SHAPE.LEN": 379.34752201492103, "total_area_sqm": 6842.026071745403, "area_outside_isochrone": 3399.2948450706203, "pct_outside": 0.49682576614377899, "outside_isochrone": false, "true_metro_dist": 999999.0, "metro_covered": false, "metro_covered_red_only": false, "metro_covered_either_line": false }, "geometry": { "type": "MultiPolygon", "coordinates": [ [ [ [ 80.243489497166721, 13.014438107114499 ], [ 80.243485307424294, 13.014436968426597 ], [ 80.243401266436194, 13.014630048172901 ], [ 80.2433842406666, 13.014669164391098 ], [ 80.243306008185115, 13.014921398732897 ], [ 80.243252838700101, 13.015092831710199 ], [ 80.243230149052593, 13.015204038583301 ], [ 80.243211941998496, 13.015293272568796 ], [ 80.243184244243295, 13.0154290280027 ], [ 80.243394667412105, 13.015421367927699 ], [ 80.243555888954504, 13.0153145968556 ], [ 80.244072953842107, 13.014972160831398 ], [ 80.244146428845795, 13.014897678007998 ], [ 80.2442692087822, 13.0148397993248 ], [ 80.244293879214894, 13.0148250944313 ], [ 80.244294843107198, 13.014824519399202 ], [ 80.244318826328595, 13.014810223241499 ], [ 80.244369292783006, 13.014780141266399 ], [ 80.244367110775201, 13.014779441074898 ], [ 80.244366278036907, 13.0147791750022 ], [ 80.244323991641494, 13.0147656210449 ], [ 80.244230583021704, 13.0147356826037 ], [ 80.243597175524897, 13.014475216436704 ], [ 80.243540885292603, 13.014452069827 ], [ 80.243489497166721, 13.014438107114499 ] ] ] ] } },
{ "type": "Feature", "properties": { "id": null, "Name": null, "description": null, "timestamp": null, "begin": null, "end": null, "altitudeMode": null, "tessellate": -1, "extrude": 0, "visibility": -1, "drawOrder": null, "icon": null, "OBJECTID": 157.0, "OBJECTID_1": 161.0, "SLUM_NAME": "Kotturpuram", "WARD_NO": 172.0, "ZONE_NO": 13, "SHAPE.AREA": 1587.9651002349999, "SHAPE.LEN": 184.41908936756801, "total_area_sqm": 1497.2946941375014, "area_outside_isochrone": 0.0, "pct_outside": 0.0, "outside_isochrone": false, "true_metro_dist": 999999.0, "metro_covered": false, "metro_covered_red_only": false, "metro_covered_either_line": false }, "geometry": { "type": "MultiPolygon", "coordinates": [ [ [ [ 80.241100764536895, 13.023950384814697 ], [ 80.241087551217404, 13.023948762181002 ], [ 80.241086180388209, 13.023948798939696 ], [ 80.241083286914701, 13.023948875082697 ], [ 80.241079459193301, 13.023949538489596 ], [ 80.241078966018193, 13.023949621634198 ], [ 80.241078753117506, 13.0239500618633 ], [ 80.240912822606404, 13.024284136017499 ], [ 80.240832698272897, 13.024526149556099 ], [ 80.241105356724603, 13.024561219890698 ], [ 80.241105688202893, 13.024561261900597 ], [ 80.241106211920794, 13.024561330166597 ], [ 80.241108541252302, 13.024540670956 ], [ 80.241110162711394, 13.024521122378802 ], [ 80.241115186090511, 13.024460592321402 ], [ 80.241115242684302, 13.0244599105365 ], [ 80.241115513975501, 13.024456636394 ], [ 80.241117811866005, 13.024428941399497 ], [ 80.241118577230694, 13.0244198156339 ], [ 80.241147944055598, 13.024272868617798 ], [ 80.241156305574293, 13.024230932251502 ], [ 80.2411669991194, 13.024177302248601 ], [ 80.241173296309597, 13.024145719556699 ], [ 80.241181008346302, 13.024082684566496 ], [ 80.241186441357101, 13.0240382818355 ], [ 80.241189819022594, 13.024010679566201 ], [ 80.241192080082101, 13.0239922074517 ], [ 80.2411955430875, 13.023963912013398 ], [ 80.241195572731996, 13.023963666080197 ], [ 80.241173546939507, 13.023960305285598 ], [ 80.2411405661922, 13.023955274596 ], [ 80.241100764536895, 13.023950384814697 ] ] ] ] } },
{ "type": "Feature", "properties": { "id": null, "Name": null, "description": null, "timestamp": null, "begin": null, "end": null, "altitudeMode": null, "tessellate": -1, "extrude": 0, "visibility": -1, "drawOrder": null, "icon": null, "OBJECTID": 159.0, "OBJECTID_1": 164.0, "SLUM_NAME": "Perumal Koil Street I & II", "WARD_NO": 172.0, "ZONE_NO": 13, "SHAPE.AREA": 3738.3773886, "SHAPE.LEN": 276.50884381000498, "total_area_sqm": 3525.1805657958348, "area_outside_isochrone": 437.45653046157304, "pct_outside": 0.12409478671990071, "outside_isochrone": false, "true_metro_dist": 999999.0, "metro_covered": false, "metro_covered_red_only": false, "metro_covered_either_line": false }, "geometry": { "type": "MultiPolygon", "coordinates": [ [ [ [ 80.247085428994595, 13.015055983301401 ], [ 80.247234604129005, 13.015055961420503 ], [ 80.2472346849774, 13.015055961420501 ], [ 80.247273894642902, 13.0150559561691 ], [ 80.247274200070095, 13.015055956169101 ], [ 80.247274227019503, 13.015055956169098 ], [ 80.247486929214205, 13.014866058248499 ], [ 80.247496293252695, 13.014850425603102 ], [ 80.247496313015702, 13.014850389718298 ], [ 80.247504017865793, 13.0148338599518 ], [ 80.247506067821305, 13.014827896947203 ], [ 80.247508253422396, 13.014821540960099 ], [ 80.247509938661807, 13.0148166387452 ], [ 80.247511792784593, 13.014808584793698 ], [ 80.247512821355599, 13.014804113196199 ], [ 80.247514018809909, 13.014798912524299 ], [ 80.247516210699203, 13.014780871216001 ], [ 80.247515773219604, 13.014768448943498 ], [ 80.247510214444702, 13.014610523320602 ], [ 80.247507553634804, 13.014534960342099 ], [ 80.247505119200397, 13.014465813728499 ], [ 80.247507280546898, 13.014414820462799 ], [ 80.247508777140197, 13.014379437981599 ], [ 80.2475088957178, 13.0143766450882 ], [ 80.247509005312295, 13.014374042997396 ], [ 80.247509019685296, 13.014373690275301 ], [ 80.247508904700993, 13.014373678897199 ], [ 80.247455696588403, 13.014368638385399 ], [ 80.2474538685168, 13.014368465962894 ], [ 80.247451664949395, 13.014368266408001 ], [ 80.247451611948804, 13.014368258530899 ], [ 80.247435399154497, 13.014366233223598 ], [ 80.247424469352495, 13.0143648634717 ], [ 80.247424301367502, 13.014364845966902 ], [ 80.247375119503999, 13.014360794477 ], [ 80.2473256367049, 13.014358825185102 ], [ 80.247303193195904, 13.014358882951001 ], [ 80.2472761143799, 13.014358952095 ], [ 80.247268131051996, 13.014359310068603 ], [ 80.247225928199995, 13.014361201463998 ], [ 80.247225794350996, 13.014361207590696 ], [ 80.247142785527203, 13.014364626281399 ], [ 80.2471448139231, 13.014527144446696 ], [ 80.247147594208897, 13.0147499997714 ], [ 80.247147948145098, 13.014778379409597 ], [ 80.247014624682194, 13.014794328896098 ], [ 80.246886585109806, 13.0148096447084 ], [ 80.2468984024474, 13.015056011309103 ], [ 80.247085428994595, 13.015055983301401 ] ] ] ] } },
{ "type": "Feature", "properties": { "id": null, "Name": null, "description": null, "timestamp": null, "begin": null, "end": null, "altitudeMode": null, "tessellate": -1, "extrude": 0, "visibility": -1, "drawOrder": null, "icon": null, "OBJECTID": 160.0, "OBJECTID_1": 165.0, "SLUM_NAME": "Dr.Ambedhkar Nagar", "WARD_NO": 172.0, "ZONE_NO": 13, "SHAPE.AREA": 2020.86722844, "SHAPE.LEN": 206.08063108182, "total_area_sqm": 1905.4889734440167, "area_outside_isochrone": 1017.335759491908, "pct_outside": 0.53389747916155939, "outside_isochrone": true, "true_metro_dist": 999999.0, "metro_covered": false, "metro_covered_red_only": false, "metro_covered_either_line": false }, "geometry": { "type": "MultiPolygon", "coordinates": [ [ [ [ 80.2391158982891, 13.023703305010597 ], [ 80.239269949478796, 13.023929235437299 ], [ 80.239226824955296, 13.023975469120503 ], [ 80.239299701681006, 13.0240389014819 ], [ 80.239513129714396, 13.023822478533699 ], [ 80.239480368155995, 13.023783578186098 ], [ 80.239646469346994, 13.023619046986402 ], [ 80.239667354279007, 13.023595445247199 ], [ 80.239675413963795, 13.0234626122331 ], [ 80.239546423973806, 13.023468591658899 ], [ 80.239400106380302, 13.023533450739802 ], [ 80.239382971016298, 13.023514435085101 ], [ 80.2391158982891, 13.023703305010597 ] ] ] ] } },
{ "type": "Feature", "properties": { "id": null, "Name": null, "description": null, "timestamp": null, "begin": null, "end": null, "altitudeMode": null, "tessellate": -1, "extrude": 0, "visibility": -1, "drawOrder": null, "icon": null, "OBJECTID": 168.0, "OBJECTID_1": 173.0, "SLUM_NAME": "Narikkuravar Colony", "WARD_NO": 180.0, "ZONE_NO": 13, "SHAPE.AREA": 2457.3810671900001, "SHAPE.LEN": 336.91137954979803, "total_area_sqm": 2317.695248115569, "area_outside_isochrone": 221.95587817861016, "pct_outside": 0.095765773502393875, "outside_isochrone": false, "true_metro_dist": 293.70853995378116, "metro_covered": true, "metro_covered_red_only": false, "metro_covered_either_line": true }, "geometry": { "type": "MultiPolygon", "coordinates": [ [ [ [ 80.252895322620518, 12.989710939927599 ], [ 80.252901454520597, 12.989709991072299 ], [ 80.252907039346795, 12.9897277646026 ], [ 80.252907052821499, 12.9897278092443 ], [ 80.252907481317905, 12.9897291730049 ], [ 80.252909027318495, 12.989745795477996 ], [ 80.252910470012793, 12.989761292278599 ], [ 80.252912270236607, 12.989780612509101 ], [ 80.252967799595893, 12.989774325906499 ], [ 80.253020357328296, 12.9897683754296 ], [ 80.253075608209798, 12.989762120338602 ], [ 80.253132433838005, 12.989755687555899 ], [ 80.253131820288701, 12.9897463513111 ], [ 80.253131182484907, 12.9897366106646 ], [ 80.2531461699771, 12.989735513003598 ], [ 80.253177012734, 12.989706996575903 ], [ 80.253204663776799, 12.989681430875201 ], [ 80.2532233613111, 12.9896641431486 ], [ 80.253239816650506, 12.989656950578599 ], [ 80.253253542009702, 12.989650950205201 ], [ 80.253210678895897, 12.989576654103498 ], [ 80.253210625895306, 12.989576563069299 ], [ 80.253209816513206, 12.9895751607934 ], [ 80.253203486085397, 12.9895592718341 ], [ 80.253203401643802, 12.989559061755294 ], [ 80.253203033334501, 12.989558133907298 ], [ 80.253216387689505, 12.989552691115598 ], [ 80.253256963692607, 12.989535631840699 ], [ 80.253282545017001, 12.989523238065399 ], [ 80.253287297104805, 12.989520935951598 ], [ 80.253296100594596, 12.989516670475901 ], [ 80.253333721140407, 12.989495984712402 ], [ 80.253373568609803, 12.989467533031499 ], [ 80.253364669898602, 12.989470426868001 ], [ 80.253363909025509, 12.989470674586002 ], [ 80.253195431790601, 12.989525460524398 ], [ 80.253155427116099, 12.989527306592098 ], [ 80.253119600505897, 12.989528960962797 ], [ 80.2530802884324, 12.989530774643299 ], [ 80.253038286803005, 12.989537842044998 ], [ 80.253006902361903, 12.9895431229012 ], [ 80.2529777340647, 12.989548030867397 ], [ 80.252944227802899, 12.9895536688574 ], [ 80.252913827016997, 12.989558784276197 ], [ 80.252880272246202, 12.989563519802401 ], [ 80.252825422013302, 12.989570062881501 ], [ 80.252799060052993, 12.989573207936099 ], [ 80.252766842873598, 12.989577051502499 ], [ 80.252738671706297, 12.989580411887703 ], [ 80.252710122348205, 12.989583818665199 ], [ 80.252680648623794, 12.9895873331081 ], [ 80.252651807313313, 12.9895907748987 ], [ 80.252612475476894, 12.989595467533199 ], [ 80.252577271399204, 12.989599666482599 ], [ 80.252540370404006, 12.989604482538198 ], [ 80.252497592630107, 12.989610088139797 ], [ 80.252469611905696, 12.989613756640097 ], [ 80.252434494964604, 12.989618359115397 ], [ 80.252396282429004, 12.989622752387199 ], [ 80.252363325936216, 12.9896262484476 ], [ 80.252331100671995, 12.989629664853098 ], [ 80.252295115958404, 12.9896334804082 ], [ 80.2522608299589, 12.9896368530472 ], [ 80.252222683000397, 12.989638725373901 ], [ 80.252173421186797, 12.989641143029997 ], [ 80.252117403143998, 12.989640441892201 ], [ 80.252112492054295, 12.989679032476699 ], [ 80.252103817023595, 12.989703575794801 ], [ 80.252096359210199, 12.989724677321702 ], [ 80.252098700219804, 12.9897667753308 ], [ 80.252098666982107, 12.989805044650502 ], [ 80.252136075525499, 12.989801028648001 ], [ 80.252175407361904, 12.989796806943598 ], [ 80.252214240633293, 12.989792638633999 ], [ 80.252254583074404, 12.989788308388798 ], [ 80.252294223033005, 12.989784052546401 ], [ 80.252329632824797, 12.9897802492482 ], [ 80.252372080018603, 12.9897756634071 ], [ 80.252406613054802, 12.989771933636298 ], [ 80.252445099576505, 12.989767776705598 ], [ 80.252481155257101, 12.989763582135696 ], [ 80.252516560557396, 12.989759313162901 ], [ 80.252558071706602, 12.989754309790097 ], [ 80.252588948599595, 12.989750587896999 ], [ 80.252621218779495, 12.9897466988162 ], [ 80.252658835732007, 12.989741974672697 ], [ 80.252693947283205, 12.9897375288833 ], [ 80.252735485382004, 12.989732267288502 ], [ 80.252783294619718, 12.989726212646497 ], [ 80.252837309419405, 12.989719371084796 ], [ 80.252865968372006, 12.989715482003497 ], [ 80.252867663492907, 12.9897152202805 ], [ 80.252894874361203, 12.989711004701901 ], [ 80.252895322620518, 12.989710939927599 ] ] ] ] } },
{ "type": "Feature", "properties": { "id": null, "Name": null, "description": null, "timestamp": null, "begin": null, "end": null, "altitudeMode": null, "tessellate": -1, "extrude": 0, "visibility": -1, "drawOrder": null, "icon": null, "OBJECTID": 169.0, "OBJECTID_1": 174.0, "SLUM_NAME": "Jayanthi Periyar Nagar MUDP", "WARD_NO": 180.0, "ZONE_NO": 13, "SHAPE.AREA": 17111.096500824999, "SHAPE.LEN": 693.64571158225795, "total_area_sqm": 16138.540335557522, "area_outside_isochrone": 6562.4731872901366, "pct_outside": 0.40663362676184861, "outside_isochrone": false, "true_metro_dist": 160.29332234770564, "metro_covered": true, "metro_covered_red_only": false, "metro_covered_either_line": true }, "geometry": { "type": "MultiPolygon", "coordinates": [ [ [ [ 80.254397975020396, 12.989218618323402 ], [ 80.254359795722607, 12.989179920877202 ], [ 80.254328244194795, 12.9891479424564 ], [ 80.254326532904201, 12.989146329223599 ], [ 80.254304605028096, 12.9891256609358 ], [ 80.254279100958897, 12.989101620000101 ], [ 80.25432917395112, 12.989035445922898 ], [ 80.254322407840405, 12.989029356250798 ], [ 80.254332201273598, 12.9890169134317 ], [ 80.254367439487297, 12.9889795884721 ], [ 80.254421045553499, 12.988875328724797 ], [ 80.254356335412098, 12.988837971356602 ], [ 80.254320596836806, 12.988817338931698 ], [ 80.254285382877597, 12.988797010244998 ], [ 80.254232066068894, 12.988766229227899 ], [ 80.254215179538207, 12.988756480665 ], [ 80.254162538262605, 12.988737457967497 ], [ 80.254102402342497, 12.988715727868799 ], [ 80.254088303284107, 12.988710632565299 ], [ 80.254070407046996, 12.988704954290899 ], [ 80.254024764545704, 12.988690471058096 ], [ 80.253975285339905, 12.9886747719891 ], [ 80.253905677583504, 12.988652684749699 ], [ 80.253870360318103, 12.988641479630598 ], [ 80.253832788281301, 12.988629556739097 ], [ 80.253832377751294, 12.988629426314699 ], [ 80.253790952840205, 12.988612858912798 ], [ 80.253742234507413, 12.9885933757798 ], [ 80.253689878896097, 12.988572436968498 ], [ 80.253638519516301, 12.988551896431398 ], [ 80.253633572493996, 12.988573230894501 ], [ 80.253623917401399, 12.988575919913698 ], [ 80.253623811400203, 12.988575949675003 ], [ 80.253622099211199, 12.9885764267309 ], [ 80.253570031959001, 12.988560161314904 ], [ 80.253544696773105, 12.988552247439502 ], [ 80.253511830111805, 12.988542543510098 ], [ 80.253474196091304, 12.988531431171198 ], [ 80.253456579230203, 12.9885262299487 ], [ 80.253436827073799, 12.988521019972801 ], [ 80.253427661562895, 12.988518674958398 ], [ 80.253427587002705, 12.9885186557011 ], [ 80.253420037561099, 12.988516722967999 ], [ 80.253391350760808, 12.9885088187199 ], [ 80.253357592970815, 12.988499006247599 ], [ 80.253349132637396, 12.988495734256297 ], [ 80.253297550475494, 12.988475778434802 ], [ 80.253247299616802, 12.988456336431698 ], [ 80.253232820571, 12.9884507316794 ], [ 80.253210569301501, 12.988441903078298 ], [ 80.253190393140201, 12.988440606711196 ], [ 80.253184007915095, 12.988439973846003 ], [ 80.2531822247593, 12.9884397961535 ], [ 80.253165722707493, 12.988438156656199 ], [ 80.253140584252606, 12.9884377434994 ], [ 80.253129929335003, 12.988437806523301 ], [ 80.253087785771797, 12.988438055117598 ], [ 80.253010917831205, 12.9884385111657 ], [ 80.253000477610996, 12.988438572439 ], [ 80.252960460360114, 12.988438808778701 ], [ 80.252913509911707, 12.988439350609402 ], [ 80.252903492797998, 12.988439733129594 ], [ 80.252882725545305, 12.988442405519098 ], [ 80.252872883603004, 12.9884447680408 ], [ 80.252860364681197, 12.988447774807094 ], [ 80.252855597321997, 12.988448915364998 ], [ 80.252844820233506, 12.988451499345796 ], [ 80.252836958178193, 12.988453386562099 ], [ 80.252803064742494, 12.988461522774999 ], [ 80.252801751405599, 12.988461875533902 ], [ 80.252798150957901, 12.988462842775899 ], [ 80.252792918271396, 12.988464246808798 ], [ 80.252786724387505, 12.988465909939899 ], [ 80.252761758409093, 12.988472614984397 ], [ 80.252735904895204, 12.988479557243698 ], [ 80.252675690821704, 12.988495726378298 ], [ 80.2526351947687, 12.988506600628503 ], [ 80.252600388644694, 12.988515947423899 ], [ 80.252579115640501, 12.988521660715799 ], [ 80.252570454982802, 12.988523986472899 ], [ 80.252533557580804, 12.988533812074099 ], [ 80.252519197112704, 12.988537636399398 ], [ 80.252499206004401, 12.9885429601681 ], [ 80.252499146715607, 12.988542975048702 ], [ 80.252470515610796, 12.988550597438998 ], [ 80.252420908844201, 12.9885638061967 ], [ 80.252382813089596, 12.988573949541898 ], [ 80.252362274009002, 12.988581964079701 ], [ 80.252330444003505, 12.988581879172596 ], [ 80.252329834047501, 12.988597099441 ], [ 80.252328987834503, 12.988618207189198 ], [ 80.252328716543204, 12.988624972627401 ], [ 80.252322837967995, 12.988645297826899 ], [ 80.252316687203304, 12.988666563130696 ], [ 80.252310188790503, 12.988689164188401 ], [ 80.252296581110599, 12.988752923319097 ], [ 80.252296549669495, 12.988753069499399 ], [ 80.252296025053397, 12.988755523927999 ], [ 80.252293722671297, 12.988766310633697 ], [ 80.2522935448049, 12.988767146574899 ], [ 80.252293470244794, 12.988767494081399 ], [ 80.252291529883721, 12.988776584394897 ], [ 80.252282211659306, 12.988862792237599 ], [ 80.252281884672499, 12.988882065269999 ], [ 80.252258746765705, 12.988887472187802 ], [ 80.252226808962519, 12.9889030171852 ], [ 80.252219520032298, 12.988910418981002 ], [ 80.252207615558106, 12.988922508171902 ], [ 80.252207150230802, 12.9889396173827 ], [ 80.252206635496094, 12.988958514017098 ], [ 80.252206237542396, 12.988973130284499 ], [ 80.252205574585801, 12.988997536245398 ], [ 80.252205001460595, 12.9889988649968 ], [ 80.252204801136301, 12.9889993324232 ], [ 80.252202515822205, 12.989004638675398 ], [ 80.252202200513594, 12.9890053722022 ], [ 80.252187016290307, 12.989040634880098 ], [ 80.252184921419101, 12.989133344581202 ], [ 80.252215826159798, 12.989134644446001 ], [ 80.252232367737406, 12.989135339457899 ], [ 80.252259310009407, 12.9891364721347 ], [ 80.252288579816394, 12.989137701973096 ], [ 80.2522937145865, 12.989137918179596 ], [ 80.252330359561896, 12.989139458759997 ], [ 80.252375083984901, 12.989141338968402 ], [ 80.252425030314697, 12.989142481273799 ], [ 80.252453180820794, 12.9891431272672 ], [ 80.252493955351497, 12.989140039103699 ], [ 80.252518103862997, 12.9891382105397 ], [ 80.252561456558595, 12.989134928052898 ], [ 80.252587697246398, 12.989132941054098 ], [ 80.252634175180901, 12.989129420477498 ], [ 80.252678781026304, 12.989126043454998 ], [ 80.252685573188202, 12.9891258184952 ], [ 80.252715105303096, 12.989124845128398 ], [ 80.252736935262902, 12.989124124731898 ], [ 80.252772207612495, 12.989122959667899 ], [ 80.252834871391798, 12.989120892138699 ], [ 80.252834902832802, 12.989110626269696 ], [ 80.2528803306367, 12.9891038713487 ], [ 80.252927255932207, 12.989096892343001 ], [ 80.252938653756502, 12.989104391294699 ], [ 80.252953013326405, 12.989105271876598 ], [ 80.252988014384798, 12.989107415559598 ], [ 80.253018580460605, 12.989109287890296 ], [ 80.253022985798793, 12.989109250251099 ], [ 80.253032549263295, 12.9891091705961 ], [ 80.253045269407707, 12.989109063805794 ], [ 80.253094695613001, 12.989108648024098 ], [ 80.253120496126201, 12.989108431817598 ], [ 80.253150883437399, 12.9891081770966 ], [ 80.253206096589693, 12.989107713171798 ], [ 80.253234875916405, 12.989107471580699 ], [ 80.253259742181797, 12.989107262376901 ], [ 80.253266976314805, 12.989107201979101 ], [ 80.2533049481018, 12.989139042102998 ], [ 80.253314404666796, 12.989139469264 ], [ 80.253388235403406, 12.989142806021198 ], [ 80.253388309065301, 12.989142808647202 ], [ 80.253399291867908, 12.989143304959198 ], [ 80.253405717517197, 12.989144174161696 ], [ 80.253406056182001, 12.989144218803496 ], [ 80.253417245597205, 12.9891457313734 ], [ 80.253446981629708, 12.989194181747701 ], [ 80.253451677123707, 12.989202860640701 ], [ 80.253461919714596, 12.989221795769598 ], [ 80.253470704339804, 12.989238033131697 ], [ 80.253478324748301, 12.989252111930398 ], [ 80.253483982337997, 12.989262453071799 ], [ 80.253492502858407, 12.9892782335093 ], [ 80.253497566661693, 12.989287622291499 ], [ 80.253499603142501, 12.989293323310998 ], [ 80.253505340682196, 12.989306629190894 ], [ 80.253509900530503, 12.989315054234501 ], [ 80.253512298133998, 12.989319486026098 ], [ 80.2535213845931, 12.989331986601796 ], [ 80.253535250089499, 12.989348028758203 ], [ 80.253550139665407, 12.989361140312097 ], [ 80.253594377201594, 12.9894000950768 ], [ 80.253594540694905, 12.9894002395061 ], [ 80.253595915117316, 12.989401449210598 ], [ 80.253642962583697, 12.989381082932599 ], [ 80.253674585976597, 12.989367372654698 ], [ 80.253709988582003, 12.989352022009403 ], [ 80.253723938519997, 12.9893459734856 ], [ 80.253764150705393, 12.989330658727498 ], [ 80.253775470376297, 12.989326654972002 ], [ 80.253821335659794, 12.989310436873 ], [ 80.253857424578001, 12.989297172133799 ], [ 80.2538579635671, 12.989296974309402 ], [ 80.253867033856594, 12.9892936401802 ], [ 80.2539223233657, 12.989271242253899 ], [ 80.253985093146198, 12.9892401269197 ], [ 80.254028736895904, 12.989218335592001 ], [ 80.254090214000698, 12.9891885201157 ], [ 80.254096364765516, 12.989185536116898 ], [ 80.254096485139698, 12.989185478345197 ], [ 80.254104835878607, 12.9891814255689 ], [ 80.254132879485098, 12.9891831158305 ], [ 80.254132919011013, 12.989183117581101 ], [ 80.254135753195698, 12.989183288270402 ], [ 80.25414712586722, 12.9891839736535 ], [ 80.254158936916596, 12.989192608780398 ], [ 80.254164143552003, 12.989196412087599 ], [ 80.254164343876297, 12.989196559142901 ], [ 80.254168874080307, 12.989199869639499 ], [ 80.254174136411194, 12.989203730718302 ], [ 80.254179179553205, 12.989207428985798 ], [ 80.254221022180801, 12.989237980611902 ], [ 80.254248193523196, 12.989257707035902 ], [ 80.254280664027505, 12.9892811956237 ], [ 80.254284454917993, 12.989283839993599 ], [ 80.254328858642495, 12.989314824022898 ], [ 80.254358138330801, 12.9893352550807 ], [ 80.254397621982505, 12.989362921606702 ], [ 80.254415584694996, 12.989375509713097 ], [ 80.254441249562603, 12.989392755443999 ], [ 80.254452333874909, 12.9893978498582 ], [ 80.254459663229298, 12.989399772955798 ], [ 80.254464186246807, 12.989400958151098 ], [ 80.254470292095803, 12.989401154224799 ], [ 80.254477271107206, 12.989401378308997 ], [ 80.254486913623495, 12.9894028313549 ], [ 80.254493371612, 12.989404206496602 ], [ 80.254499600530195, 12.9894063029093 ], [ 80.254505674039805, 12.989409032184604 ], [ 80.254517563242601, 12.989418923400599 ], [ 80.254521022654799, 12.989421803232398 ], [ 80.254524379659003, 12.989424596406598 ], [ 80.254534303347896, 12.989414840866898 ], [ 80.254542700799206, 12.989406585640497 ], [ 80.254554759783602, 12.9893947319367 ], [ 80.254568441125414, 12.989381282507599 ], [ 80.254531620978497, 12.989352854447398 ], [ 80.2545265634635, 12.9893489496044 ], [ 80.254481127574707, 12.989302898537701 ], [ 80.254426240510895, 12.989247266981998 ], [ 80.254397975020396, 12.989218618323402 ] ] ] ] } },
{ "type": "Feature", "properties": { "id": null, "Name": null, "description": null, "timestamp": null, "begin": null, "end": null, "altitudeMode": null, "tessellate": -1, "extrude": 0, "visibility": -1, "drawOrder": null, "icon": null, "OBJECTID": 174.0, "OBJECTID_1": 179.0, "SLUM_NAME": "Kanagam", "WARD_NO": 180.0, "ZONE_NO": 13, "SHAPE.AREA": 10159.342238265001, "SHAPE.LEN": 512.99106704396002, "total_area_sqm": 9581.6749404785296, "area_outside_isochrone": 3054.4051655359285, "pct_outside": 0.31877570304878083, "outside_isochrone": false, "true_metro_dist": 999999.0, "metro_covered": false, "metro_covered_red_only": false, "metro_covered_either_line": false }, "geometry": { "type": "MultiPolygon", "coordinates": [ [ [ [ 80.243130178239596, 12.992133188587898 ], [ 80.242789562236695, 12.992130097835497 ], [ 80.242453821390896, 12.992131198987202 ], [ 80.242469885064807, 12.992445058516697 ], [ 80.242472700384894, 12.992500072256897 ], [ 80.242545657060703, 12.9925028671472 ], [ 80.243102165175799, 12.992524187265699 ], [ 80.243178675586904, 12.9925431702839 ], [ 80.243206924907597, 12.992550178953501 ], [ 80.243297758057594, 12.9930852321313 ], [ 80.243491148270195, 12.993058097336901 ], [ 80.243723644842206, 12.9930017838757 ], [ 80.2436796938686, 12.9928012278464 ], [ 80.243884595991602, 12.992697641947 ], [ 80.244010863187995, 12.992662711533601 ], [ 80.244094710140004, 12.992614943708301 ], [ 80.244004126721705, 12.992409466327199 ], [ 80.243838067751497, 12.9923636950545 ], [ 80.24353307623781, 12.9922313074808 ], [ 80.243200677124804, 12.992133828446299 ], [ 80.243130178239596, 12.992133188587898 ] ] ] ] } },
{ "type": "Feature", "properties": { "id": null, "Name": null, "description": null, "timestamp": null, "begin": null, "end": null, "altitudeMode": null, "tessellate": -1, "extrude": 0, "visibility": -1, "drawOrder": null, "icon": null, "OBJECTID": 175.0, "OBJECTID_1": 180.0, "SLUM_NAME": "Rajiv Gandhi Nagar", "WARD_NO": 181.0, "ZONE_NO": 13, "SHAPE.AREA": 1516.4126667099999, "SHAPE.LEN": 228.20452469112999, "total_area_sqm": 1430.2620946725303, "area_outside_isochrone": 1430.2620946725306, "pct_outside": 1.0000000000000002, "outside_isochrone": true, "true_metro_dist": 999999.0, "metro_covered": false, "metro_covered_red_only": false, "metro_covered_either_line": false }, "geometry": { "type": "MultiPolygon", "coordinates": [ [ [ [ 80.264257000534997, 12.984642924985097 ], [ 80.2642360464327, 12.984580849840398 ], [ 80.264100363993904, 12.984596648082199 ], [ 80.264088189126795, 12.984626175245502 ], [ 80.264095519379495, 12.984692731272498 ], [ 80.264108867446396, 12.984781453648202 ], [ 80.264120547341605, 12.984920525823098 ], [ 80.264110625449305, 12.985023622146898 ], [ 80.264081481406606, 12.985028605481999 ], [ 80.264081415829594, 12.9850286168615 ], [ 80.263892103070006, 12.985060990592697 ], [ 80.26388986357, 12.985061373993501 ], [ 80.263768815585394, 12.9850820723811 ], [ 80.263783656652194, 12.9851546173886 ], [ 80.264282790268496, 12.9851027821464 ], [ 80.264302601713794, 12.985036302384202 ], [ 80.264299939107303, 12.984907653879299 ], [ 80.264268741515707, 12.984761203412297 ], [ 80.264257000534997, 12.984642924985097 ] ] ] ] } },
{ "type": "Feature", "properties": { "id": null, "Name": null, "description": null, "timestamp": null, "begin": null, "end": null, "altitudeMode": null, "tessellate": -1, "extrude": 0, "visibility": -1, "drawOrder": null, "icon": null, "OBJECTID": 176.0, "OBJECTID_1": 181.0, "SLUM_NAME": "Thiruveethiyamman koil street", "WARD_NO": 182.0, "ZONE_NO": 13, "SHAPE.AREA": 35284.257605425002, "SHAPE.LEN": 1055.9406130257801, "total_area_sqm": 33281.166491674208, "area_outside_isochrone": 23046.558245891087, "pct_outside": 0.69248048296794329, "outside_isochrone": true, "true_metro_dist": 999999.0, "metro_covered": false, "metro_covered_red_only": false, "metro_covered_either_line": false }, "geometry": { "type": "MultiPolygon", "coordinates": [ [ [ [ 80.260256198906902, 12.980609614609298 ], [ 80.2602370423335, 12.980521184865198 ], [ 80.260256314789601, 12.980520246479099 ], [ 80.260256487266105, 12.980520237725399 ], [ 80.260256537571806, 12.980520235099394 ], [ 80.260257761975495, 12.980520175574902 ], [ 80.260344309263303, 12.980513574483702 ], [ 80.260374206094312, 12.9805112941704 ], [ 80.260428035841002, 12.980467163757 ], [ 80.260462414366899, 12.980462407048798 ], [ 80.260523241091505, 12.980453989583301 ], [ 80.260580732371295, 12.980447528548 ], [ 80.260629935794398, 12.980449241628397 ], [ 80.2606731285899, 12.980450746372899 ], [ 80.260672122476706, 12.980470264283397 ], [ 80.260705896436505, 12.980469900133498 ], [ 80.260740371082093, 12.980469528980699 ], [ 80.260738208837296, 12.980422633296099 ], [ 80.260735825606801, 12.980370925744898 ], [ 80.260736165170002, 12.980370813698796 ], [ 80.260736272069494, 12.980370778684398 ], [ 80.260737089536406, 12.9803705081979 ], [ 80.260746404167605, 12.980367429554301 ], [ 80.260761340455801, 12.980370772556798 ], [ 80.260765626318005, 12.980371732827502 ], [ 80.260771009023202, 12.980372405979901 ], [ 80.260780770117094, 12.980373627108099 ], [ 80.260784092086993, 12.980374042904399 ], [ 80.260784853858397, 12.9803741383187 ], [ 80.260796516685701, 12.9803734520359 ], [ 80.260796043273501, 12.980369708993596 ], [ 80.260789860169496, 12.980320874365802 ], [ 80.260783112025095, 12.980267573636301 ], [ 80.260781327072607, 12.980253471569203 ], [ 80.260789453232604, 12.980251767241096 ], [ 80.260787988080395, 12.980240245737701 ], [ 80.260784548431204, 12.9802131988271 ], [ 80.2607805626063, 12.9801818442604 ], [ 80.260776312676697, 12.9801484360916 ], [ 80.260769900502197, 12.980098010012799 ], [ 80.260889079990918, 12.980090168522899 ], [ 80.260886018532403, 12.980056458342 ], [ 80.260882390237015, 12.980016498072303 ], [ 80.260866680499305, 12.980017480228394 ], [ 80.260856288788105, 12.979975856764401 ], [ 80.260843914494998, 12.9799249877174 ], [ 80.260842319087104, 12.979883257443701 ], [ 80.260841110853093, 12.9798516454787 ], [ 80.260840862019705, 12.979845160792999 ], [ 80.260801148399295, 12.979849221599901 ], [ 80.260764324659206, 12.979852986534098 ], [ 80.260732686893206, 12.979856222749298 ], [ 80.260731996987104, 12.979852226719396 ], [ 80.260729869776497, 12.979839911243698 ], [ 80.260727185610406, 12.979824367430098 ], [ 80.260723529467199, 12.979803191531898 ], [ 80.260718061422097, 12.979771532287099 ], [ 80.260712906888998, 12.979741685039601 ], [ 80.260706147066401, 12.9797025431837 ], [ 80.260700106794502, 12.979667570676497 ], [ 80.260692711863101, 12.979619232241799 ], [ 80.260615659767893, 12.979223732262499 ], [ 80.260615148626499, 12.979221055397097 ], [ 80.260614706655403, 12.979218747060299 ], [ 80.260614692282303, 12.9792186761557 ], [ 80.260612476138505, 12.979207100331902 ], [ 80.260585319169195, 12.979065239547499 ], [ 80.260558274489199, 12.978933989866203 ], [ 80.260552162351999, 12.978910923101997 ], [ 80.260549750375503, 12.978901824549199 ], [ 80.260536288222596, 12.978851013931902 ], [ 80.2605300521179, 12.978827477963698 ], [ 80.260529001089097, 12.978823510804398 ], [ 80.260517331973503, 12.978779472880198 ], [ 80.260500644868799, 12.9787164946435 ], [ 80.260498662287006, 12.978709012010302 ], [ 80.260491940193702, 12.978683641260201 ], [ 80.260484545262301, 12.9786557328194 ], [ 80.260477339875393, 12.978628538674796 ], [ 80.260470094064303, 12.978601195714798 ], [ 80.260451623803704, 12.978603671252399 ], [ 80.2604201423446, 12.978607891396299 ], [ 80.260368084075594, 12.978614868945899 ], [ 80.260328420760899, 12.978620185924299 ], [ 80.260266835858204, 12.978628566686499 ], [ 80.260214205362402, 12.978635726311698 ], [ 80.260179624715505, 12.978640432283699 ], [ 80.260149581459103, 12.978644520246599 ], [ 80.260120411365193, 12.978650378201001 ], [ 80.260078710671394, 12.978658752834599 ], [ 80.260050650895195, 12.9786643875702 ], [ 80.260046632730905, 12.978646412789502 ], [ 80.260041005684002, 12.978621234613799 ], [ 80.260035922117794, 12.978596021420802 ], [ 80.260034451575706, 12.978587957540299 ], [ 80.260027174323596, 12.978546129876401 ], [ 80.260021194238703, 12.978511748079402 ], [ 80.260041666844103, 12.978508644027199 ], [ 80.260118250018706, 12.9784970331556 ], [ 80.260104062027096, 12.978377196218899 ], [ 80.26010416712991, 12.978341542489002 ], [ 80.260097141406106, 12.978258805332498 ], [ 80.260021621836799, 12.978267926668302 ], [ 80.259967789395105, 12.978274429777899 ], [ 80.259922414591799, 12.9782799078313 ], [ 80.259856002142797, 12.978287928828699 ], [ 80.259789048009793, 12.978296016353898 ], [ 80.259735403315901, 12.978302494952398 ], [ 80.259670862956, 12.978310290104197 ], [ 80.259601071044997, 12.978318719022099 ], [ 80.259605285940296, 12.9783686456268 ], [ 80.2594927908156, 12.97838350762 ], [ 80.259416386405704, 12.978393601484797 ], [ 80.2594162139292, 12.978393624244301 ], [ 80.259416056724007, 12.978393644377801 ], [ 80.259395505066919, 12.9783976202977 ], [ 80.259395461049493, 12.978397628175996 ], [ 80.2593953074376, 12.978397657063102 ], [ 80.259372049156596, 12.9784021564528 ], [ 80.259377762441801, 12.978338510214799 ], [ 80.2592893628279, 12.978339613178298 ], [ 80.2592891822665, 12.978400565909801 ], [ 80.2592130680125, 12.978425026306498 ], [ 80.259211590283797, 12.978553240483498 ], [ 80.259227550651502, 12.978552283707298 ], [ 80.259226808643106, 12.978608235415502 ], [ 80.259203869263999, 12.978610361681799 ], [ 80.259203653668294, 12.9786832902382 ], [ 80.259201001841603, 12.978748330846598 ], [ 80.259220240161696, 12.978749213215998 ], [ 80.259276649870017, 12.978747731220601 ], [ 80.259271869934395, 12.978755954412598 ], [ 80.2592864459982, 12.978841709666 ], [ 80.259294953942202, 12.978891773598102 ], [ 80.259303529259896, 12.9789422235564 ], [ 80.259317856490398, 12.978939990498398 ], [ 80.259335494910999, 12.979020672945499 ], [ 80.259327325631801, 12.9790220533968 ], [ 80.259270209847699, 12.979031701674598 ], [ 80.259219759562995, 12.979040225107497 ], [ 80.259250412775501, 12.9791596039088 ], [ 80.259302539316494, 12.979144874142099 ], [ 80.259359526641504, 12.979128769175899 ], [ 80.259380175316593, 12.979235993496101 ], [ 80.2594037039905, 12.979344826689696 ], [ 80.259425524068803, 12.979337668835598 ], [ 80.259453720388905, 12.979432783280398 ], [ 80.259416556187304, 12.9794453149911 ], [ 80.259443158896104, 12.979560272136601 ], [ 80.259546298067107, 12.979542184498802 ], [ 80.259556431961897, 12.979539156615999 ], [ 80.259650021143102, 12.979511186120398 ], [ 80.259650050787499, 12.979511177366698 ], [ 80.259650296027601, 12.979511103836201 ], [ 80.259700573835701, 12.979595773378401 ], [ 80.259696265515601, 12.9795967739188 ], [ 80.259696093039096, 12.979596814185498 ], [ 80.259695768747306, 12.9795968894667 ], [ 80.259629025718297, 12.9796124070337 ], [ 80.259546187574401, 12.979631663276399 ], [ 80.259479646666307, 12.979647134446999 ], [ 80.259437102454498, 12.9796570243007 ], [ 80.259381191311206, 12.979670022568801 ], [ 80.259285111101605, 12.9796923583344 ], [ 80.259284823640812, 12.979692424861996 ], [ 80.259284203803205, 12.979692569296899 ], [ 80.259292170961501, 12.979747553472494 ], [ 80.259299448213596, 12.979797764283102 ], [ 80.2593083136871, 12.979858941625301 ], [ 80.259314978288202, 12.979904940169797 ], [ 80.259326729150501, 12.979986038976103 ], [ 80.259328099081301, 12.979996221187301 ], [ 80.2593287898857, 12.9800013560608 ], [ 80.259334109708803, 12.9800409189187 ], [ 80.259335654811096, 12.980052401915401 ], [ 80.259340348508516, 12.980087924970899 ], [ 80.259342067883907, 12.980100942474397 ], [ 80.259349970363502, 12.980160746299799 ], [ 80.259350908204595, 12.980167844605598 ], [ 80.259351266632393, 12.980170551223097 ], [ 80.259351851435696, 12.980174976175002 ], [ 80.259353891509704, 12.980185479636097 ], [ 80.259354638009697, 12.9801892655739 ], [ 80.259361857769605, 12.9802263581325 ], [ 80.259363729858705, 12.980236035250497 ], [ 80.259371011602397, 12.980273427175698 ], [ 80.259372284515194, 12.980279962621099 ], [ 80.259374269791905, 12.9802901597015 ], [ 80.259381329651703, 12.980326404895703 ], [ 80.259381929726402, 12.980330392164397 ], [ 80.259389344420697, 12.980379555925898 ], [ 80.259394979552496, 12.9804169163165 ], [ 80.259398627610807, 12.980441106028497 ], [ 80.259398810867197, 12.980442317527297 ], [ 80.259400179001403, 12.980456124587297 ], [ 80.259402520909305, 12.980479766319801 ], [ 80.259409112746894, 12.980546272686396 ], [ 80.259409341817204, 12.9805485853877 ], [ 80.259409448716795, 12.980549669958801 ], [ 80.259467141219318, 12.980545208248497 ], [ 80.259518417055702, 12.980541241991901 ], [ 80.259575475347603, 12.980536826675598 ], [ 80.259585669429399, 12.980536038851499 ], [ 80.259628856834993, 12.980534455324998 ], [ 80.259675889030007, 12.980532730865502 ], [ 80.259683471709408, 12.9805324533764 ], [ 80.259765841830998, 12.980529433383898 ], [ 80.259765893933306, 12.980529431633199 ], [ 80.259780405318395, 12.980528900289599 ], [ 80.259785284966995, 12.980528720840802 ], [ 80.259785461036799, 12.980528714713202 ], [ 80.259786347673995, 12.980528681449501 ], [ 80.259786406064507, 12.980520934512199 ], [ 80.259786410556103, 12.980520320884699 ], [ 80.259786623456804, 12.980492417902202 ], [ 80.2597897873232, 12.980491911943897 ], [ 80.259790061309403, 12.980491868175902 ], [ 80.259805394653, 12.9804894224193 ], [ 80.259929313653103, 12.980482659385698 ], [ 80.260015373155696, 12.980477966579 ], [ 80.260024376969795, 12.9804775035134 ], [ 80.260025234860905, 12.980584559182699 ], [ 80.260147800998297, 12.980573143613398 ], [ 80.260154985723901, 12.9805722402419 ], [ 80.260179518714295, 12.980746872748099 ], [ 80.260185923702309, 12.980747147610899 ], [ 80.260186019822001, 12.980747151987698 ], [ 80.260215302205296, 12.9807484098791 ], [ 80.260215475580196, 12.980748416881998 ], [ 80.260231659628303, 12.980749103163697 ], [ 80.260239405801002, 12.9807494419278 ], [ 80.260247770912898, 12.980749801700497 ], [ 80.260263992690398, 12.980750496735901 ], [ 80.260267686562798, 12.980750659552697 ], [ 80.260274831762601, 12.980750971180601 ], [ 80.260276481069496, 12.9807510324558 ], [ 80.260280236925695, 12.980751192646597 ], [ 80.260280213569402, 12.980751056965801 ], [ 80.260280187518305, 12.980750904653302 ], [ 80.2602793790345, 12.9807461181883 ], [ 80.260277134144602, 12.980732839861497 ], [ 80.260268579488198, 12.980682254585901 ], [ 80.260256198906902, 12.980609614609298 ] ] ] ] } },
{ "type": "Feature", "properties": { "id": null, "Name": null, "description": null, "timestamp": null, "begin": null, "end": null, "altitudeMode": null, "tessellate": -1, "extrude": 0, "visibility": -1, "drawOrder": null, "icon": null, "OBJECTID": 177.0, "OBJECTID_1": 182.0, "SLUM_NAME": "Marudheeswarar Nagar", "WARD_NO": 181.0, "ZONE_NO": 13, "SHAPE.AREA": 19677.879503985001, "SHAPE.LEN": 664.8343446133, "total_area_sqm": 18558.510419616789, "area_outside_isochrone": 2220.0453484688537, "pct_outside": 0.11962411304962346, "outside_isochrone": false, "true_metro_dist": 1020.1640162731238, "metro_covered": false, "metro_covered_red_only": false, "metro_covered_either_line": false }, "geometry": { "type": "MultiPolygon", "coordinates": [ [ [ [ 80.257728992772599, 12.995440926259496 ], [ 80.257729186808703, 12.995440908753396 ], [ 80.257734186831598, 12.995440981403901 ], [ 80.257738091808207, 12.9954410374236 ], [ 80.257771280964604, 12.9954393804663 ], [ 80.257803115461698, 12.9954376604869 ], [ 80.257795896600101, 12.995378876571401 ], [ 80.257789867107903, 12.995329778800498 ], [ 80.257783999312394, 12.995282000109301 ], [ 80.257797208140403, 12.995264916719396 ], [ 80.257797329412895, 12.995224278781402 ], [ 80.257827231633797, 12.995225097194698 ], [ 80.257825258933394, 12.995186522352299 ], [ 80.257859236810702, 12.995183966451497 ], [ 80.257856033418406, 12.9950989993651 ], [ 80.257879314157293, 12.995095805363301 ], [ 80.257885963487098, 12.995056929394501 ], [ 80.2578921654558, 12.995029379919002 ], [ 80.257892157371003, 12.995029352784499 ], [ 80.257892052268105, 12.9950290114139 ], [ 80.257889068962996, 12.9950193226179 ], [ 80.257886188964207, 12.9950099743167 ], [ 80.257883776987697, 12.9950021411753 ], [ 80.257880724512304, 12.994992226548298 ], [ 80.257878856016518, 12.994986159780398 ], [ 80.257877781631507, 12.9949826707978 ], [ 80.257874579137507, 12.9949722703735 ], [ 80.2578715122891, 12.994962312855296 ], [ 80.257868565815002, 12.994952745724598 ], [ 80.257866716183798, 12.9949467358508 ], [ 80.257864429971406, 12.9949393132274 ], [ 80.257860208787903, 12.994925605007102 ], [ 80.257856993717496, 12.9949151599396 ], [ 80.257856951496606, 12.994915026017297 ], [ 80.257845835743296, 12.994878932629398 ], [ 80.257835002959297, 12.994843753934898 ], [ 80.257810036082603, 12.994762679235698 ], [ 80.257760898236597, 12.994770193771799 ], [ 80.257700171225096, 12.994779493064698 ], [ 80.257697129529504, 12.9947799473505 ], [ 80.257694505550603, 12.994780348242502 ], [ 80.257694146224495, 12.994780403386999 ], [ 80.257658621448201, 12.9947858355603 ], [ 80.2576322972171, 12.994789861110599 ], [ 80.257622877483101, 12.994791302746 ], [ 80.257603720011303, 12.994794231532897 ], [ 80.257596494861502, 12.994795337049201 ], [ 80.257584251722506, 12.994797208461698 ], [ 80.257566212653302, 12.994799968313702 ], [ 80.257565909022702, 12.994800006827399 ], [ 80.2575598660558, 12.9948009390324 ], [ 80.257532284183313, 12.994805158025798 ], [ 80.257511006687494, 12.994808412427798 ], [ 80.257507675734402, 12.994808920982798 ], [ 80.257487066585099, 12.9948120720981 ], [ 80.257487036042406, 12.994812075599397 ], [ 80.2574843267235, 12.994812488745596 ], [ 80.2574709094865, 12.994814543973099 ], [ 80.257470825044805, 12.994814555352097 ], [ 80.257443285393094, 12.994817950678801 ], [ 80.257418655384711, 12.9948190150555 ], [ 80.257418384093498, 12.994819020307402 ], [ 80.257407651920815, 12.994819478094398 ], [ 80.257407479444197, 12.994819485972199 ], [ 80.257407149762514, 12.994819499977099 ], [ 80.25737658189, 12.994820810315899 ], [ 80.257347919344298, 12.994822039250799 ], [ 80.257317233792506, 12.994823353966099 ], [ 80.257283520918193, 12.994824799102499 ], [ 80.257246904688898, 12.994826367657598 ], [ 80.2572211437015, 12.994827473173899 ], [ 80.257220382828407, 12.994779612106802 ], [ 80.257219783652104, 12.994742054305497 ], [ 80.257219257239399, 12.994708947450798 ], [ 80.257219180882601, 12.994704189264603 ], [ 80.257219052423494, 12.994696179300897 ], [ 80.257219052423494, 12.994696132034196 ], [ 80.257218048107006, 12.994633047542999 ], [ 80.257217038400597, 12.994569743332796 ], [ 80.257215884963799, 12.994497245716 ], [ 80.257214978563695, 12.994440344372201 ], [ 80.257214878850704, 12.994437988909901 ], [ 80.257214791714119, 12.994435938055899 ], [ 80.257214784527605, 12.994435751614599 ], [ 80.256929849699205, 12.994411613158098 ], [ 80.256921922066894, 12.9944110266996 ], [ 80.256915160447704, 12.994410527772201 ], [ 80.256888447246098, 12.994408555695999 ], [ 80.256868422900098, 12.994407077295296 ], [ 80.256849318429005, 12.994405666293599 ], [ 80.256833152347099, 12.994404472369 ], [ 80.256809341602207, 12.994402714744 ], [ 80.256791961896397, 12.9944014306624 ], [ 80.256770447245401, 12.9943998419725 ], [ 80.256766899798293, 12.994399514606 ], [ 80.256762831328402, 12.994399134720899 ], [ 80.256762754971604, 12.9943991285938 ], [ 80.256696851867403, 12.994393047806302 ], [ 80.256660102687405, 12.994393123958398 ], [ 80.256617692324596, 12.994393224619198 ], [ 80.256574091693906, 12.994393248252599 ], [ 80.256506355128195, 12.994393284140399 ], [ 80.256381850426493, 12.994393429441999 ], [ 80.256381777662995, 12.994393429441997 ], [ 80.256339314299495, 12.994393485461899 ], [ 80.256297235414905, 12.994393540606502 ], [ 80.256253659937101, 12.994393595751202 ], [ 80.256253584478699, 12.994393594875799 ], [ 80.256240588551407, 12.994393606254897 ], [ 80.256227732761403, 12.994393618509299 ], [ 80.256227559386502, 12.994393619384597 ], [ 80.256215710608004, 12.994393636015502 ], [ 80.256204390937, 12.9943936456439 ], [ 80.256204310987002, 12.9943936456439 ], [ 80.256192095695795, 12.9943936649008 ], [ 80.256184548949093, 12.994393673653898 ], [ 80.256180209187917, 12.994393670152601 ], [ 80.256175179520696, 12.994393684157599 ], [ 80.256168410715006, 12.994393693786 ], [ 80.256162605801606, 12.994393700788496 ], [ 80.256156576309394, 12.994393707790998 ], [ 80.256149009799799, 12.994393717419399 ], [ 80.256144375391202, 12.994393722671296 ], [ 80.256141857413496, 12.994393732299695 ], [ 80.256063986054798, 12.994394008898098 ], [ 80.256044866312294, 12.994394081548901 ], [ 80.256044494409693, 12.9943940841749 ], [ 80.25604430576351, 12.994394082424204 ], [ 80.2560437407232, 12.994401864816801 ], [ 80.256040427736494, 12.994447568314799 ], [ 80.256038317593806, 12.994476695165199 ], [ 80.256038291542694, 12.9944770549181 ], [ 80.256038000488601, 12.994481054213999 ], [ 80.256037430956695, 12.994488886496598 ], [ 80.256037424668506, 12.994488984531401 ], [ 80.255998038034804, 12.995068815214498 ], [ 80.255997210686502, 12.995080996013 ], [ 80.255996647442799, 12.995091083072198 ], [ 80.255996095877194, 12.995100973186499 ], [ 80.255996085097394, 12.995101156125999 ], [ 80.255987137877199, 12.995296897853702 ], [ 80.255985104091394, 12.9953414037657 ], [ 80.255984698951195, 12.995350276762194 ], [ 80.255984399812206, 12.995357508556101 ], [ 80.255983797042603, 12.995372051796299 ], [ 80.255984022519797, 12.995372038666698 ], [ 80.256178408964104, 12.995357526937598 ], [ 80.256178559881107, 12.995357518184498 ], [ 80.256350490239896, 12.995350330156 ], [ 80.256517032503695, 12.995340352520802 ], [ 80.256575130146402, 12.995336871421101 ], [ 80.256575205604904, 12.995336867044495 ], [ 80.256607118255303, 12.995335620605999 ], [ 80.256767058800094, 12.995329377034098 ], [ 80.256767211513704, 12.9953293691564 ], [ 80.256926148640304, 12.995319432659899 ], [ 80.256925808178806, 12.9953269515557 ], [ 80.256956486544098, 12.995325242954502 ], [ 80.257049469362499, 12.9953200620063 ], [ 80.257118569570807, 12.995316212401598 ], [ 80.257154371926404, 12.995314216699299 ], [ 80.257155870316296, 12.995339681159601 ], [ 80.257157336366902, 12.9953646248092 ], [ 80.257158903927007, 12.9953912604261 ], [ 80.257160378960705, 12.995416329239498 ], [ 80.257162021979397, 12.995444269059201 ], [ 80.257163312858395, 12.995466206016998 ], [ 80.257164407006499, 12.995484801049001 ], [ 80.257164409701417, 12.995484866697097 ], [ 80.257164841791095, 12.995492202648599 ], [ 80.257212908845304, 12.995489694017596 ], [ 80.257264911418801, 12.995486980564499 ], [ 80.257266648760506, 12.995486889532598 ], [ 80.257319318782294, 12.995482749328398 ], [ 80.257370306259503, 12.995478739544899 ], [ 80.257418887149996, 12.995474921453697 ], [ 80.257477931617004, 12.995470277947504 ], [ 80.257478074449196, 12.9954702516883 ], [ 80.257484506386604, 12.995468817059297 ], [ 80.257488792248793, 12.995467856846998 ], [ 80.257488883877016, 12.995467837590198 ], [ 80.257512850928805, 12.9954647993978 ], [ 80.257537527649603, 12.995461670173498 ], [ 80.257563615623795, 12.995458361510998 ], [ 80.257626011705099, 12.995452419047998 ], [ 80.257626190469793, 12.9954523980406 ], [ 80.257643660007204, 12.995449120013797 ], [ 80.25764375253371, 12.995449090253398 ], [ 80.257657350332096, 12.995447694137797 ], [ 80.257672085397701, 12.995446177229701 ], [ 80.257697156478997, 12.9954437762611 ], [ 80.257728992772599, 12.995440926259496 ] ] ] ] } },
{ "type": "Feature", "properties": { "id": null, "Name": null, "description": null, "timestamp": null, "begin": null, "end": null, "altitudeMode": null, "tessellate": -1, "extrude": 0, "visibility": -1, "drawOrder": null, "icon": null, "OBJECTID": 178.0, "OBJECTID_1": 183.0, "SLUM_NAME": "Maiyanam Salai", "WARD_NO": 181.0, "ZONE_NO": 13, "SHAPE.AREA": 1352.4749158249999, "SHAPE.LEN": 287.554708795191, "total_area_sqm": 1275.635129749151, "area_outside_isochrone": 1275.6351297491515, "pct_outside": 1.0000000000000004, "outside_isochrone": true, "true_metro_dist": 999999.0, "metro_covered": false, "metro_covered_red_only": false, "metro_covered_either_line": false }, "geometry": { "type": "MultiPolygon", "coordinates": [ [ [ [ 80.264716819382897, 12.985492475375601 ], [ 80.264708443491202, 12.985431783484799 ], [ 80.264696087164396, 12.9854328750374 ], [ 80.264682096802204, 12.9854341127722 ], [ 80.2646818991728, 12.985434129403696 ], [ 80.264670442059696, 12.985435142175401 ], [ 80.264652546720896, 12.985436723919898 ], [ 80.2646524371265, 12.985436733548703 ], [ 80.264645397029597, 12.985437355042198 ], [ 80.264627137873106, 12.985438969174401 ], [ 80.26462395604031, 12.9854392501594 ], [ 80.264623715291904, 12.985439271167699 ], [ 80.264612559114298, 12.985440256803702 ], [ 80.264587375743702, 12.985442483675898 ], [ 80.264578322522198, 12.985443283739201 ], [ 80.264568294628702, 12.985444168710901 ], [ 80.264568141016795, 12.985444181841002 ], [ 80.264561236565498, 12.985444792830299 ], [ 80.264552118665407, 12.985444768320701 ], [ 80.264545423521596, 12.985444749063099 ], [ 80.264531558923494, 12.985439349073204 ], [ 80.264530917526415, 12.985439099600502 ], [ 80.264527652150306, 12.985437827727299 ], [ 80.264513624957203, 12.9854249514336 ], [ 80.264506521978205, 12.985410376098597 ], [ 80.264505655104003, 12.985406486949801 ], [ 80.264497924202601, 12.985371784851001 ], [ 80.264497773285697, 12.985371105584699 ], [ 80.264487475897596, 12.985324939110598 ], [ 80.264487430981802, 12.985324738656999 ], [ 80.264485602011902, 12.985316536690599 ], [ 80.264476682639398, 12.9852764599707 ], [ 80.264465501309104, 12.985226244139596 ], [ 80.264464683842206, 12.985222572948498 ], [ 80.264464610180298, 12.9852222429439 ], [ 80.264458778317504, 12.9851960666672 ], [ 80.264454068450405, 12.985173297225696 ], [ 80.264449472669497, 12.985150974207496 ], [ 80.264442345435995, 12.985112113313599 ], [ 80.264441041082193, 12.985104962628396 ], [ 80.264432463069497, 12.9850577246836 ], [ 80.264430824542501, 12.985048702510801 ], [ 80.264417057860797, 12.9849768157314 ], [ 80.2644057040539, 12.984917533019598 ], [ 80.264392578769204, 12.9848534218912 ], [ 80.264378872274605, 12.9847899558757 ], [ 80.264376764827006, 12.984780203655298 ], [ 80.2643684131898, 12.984741522149298 ], [ 80.264368379053806, 12.984741370714499 ], [ 80.264362739430496, 12.984715379960299 ], [ 80.264360319369104, 12.9847042359378 ], [ 80.264350942754106, 12.9846613483844 ], [ 80.264338596308903, 12.984604876332694 ], [ 80.264329740716803, 12.984564367952396 ], [ 80.264329712868999, 12.984564239276596 ], [ 80.264322423040497, 12.984565763253904 ], [ 80.264239465420602, 12.984580017386499 ], [ 80.264258538450804, 12.984616008980199 ], [ 80.264271607141509, 12.9846406709701 ], [ 80.264276923371398, 12.984666668734901 ], [ 80.264286145476106, 12.984711769160496 ], [ 80.264293678748004, 12.984748608069401 ], [ 80.264302263947201, 12.984790593126899 ], [ 80.264302632256502, 12.984797346414497 ], [ 80.264306421350398, 12.984866666734698 ], [ 80.264301804009804, 12.984867374888697 ], [ 80.264307321462297, 12.984899217306799 ], [ 80.264316878638596, 12.984917996076998 ], [ 80.264319742467706, 12.9849315814261 ], [ 80.264331849961096, 12.984990591027099 ], [ 80.264342900137393, 12.985058214001 ], [ 80.264343519975, 12.985069096279702 ], [ 80.264346627247505, 12.985123621460898 ], [ 80.264348511014703, 12.9851386318587 ], [ 80.264350701107304, 12.9851560774622 ], [ 80.264356207779997, 12.985199942689102 ], [ 80.264362047727701, 12.985246457573099 ], [ 80.264367138480395, 12.985277730093999 ], [ 80.264370548485203, 12.985298671809 ], [ 80.264374183068895, 12.985318263742899 ], [ 80.2643772759684, 12.985334934655 ], [ 80.264378427608605, 12.985341140838299 ], [ 80.2643861782729, 12.985382912211998 ], [ 80.264397671318605, 12.985444860231699 ], [ 80.264399800325805, 12.985456329848502 ], [ 80.264401870942521, 12.985467499222199 ], [ 80.264406783828804, 12.985493971336199 ], [ 80.264411535916693, 12.9855198061979 ], [ 80.264415937661596, 12.985546742237901 ], [ 80.264443555466713, 12.9855418079323 ], [ 80.264471017863201, 12.985536900762298 ], [ 80.264502358286904, 12.985531301196199 ], [ 80.264531134020402, 12.985526158558901 ], [ 80.264563026009597, 12.985520439945997 ], [ 80.264597482688899, 12.985514175119199 ], [ 80.264632397509104, 12.985507826259299 ], [ 80.264661064546402, 12.985502613594099 ], [ 80.264689913941794, 12.985497367665602 ], [ 80.264716819382897, 12.985492475375601 ] ] ] ] } },
{ "type": "Feature", "properties": { "id": null, "Name": null, "description": null, "timestamp": null, "begin": null, "end": null, "altitudeMode": null, "tessellate": -1, "extrude": 0, "visibility": -1, "drawOrder": null, "icon": null, "OBJECTID": 180.0, "OBJECTID_1": 185.0, "SLUM_NAME": "Perunthalaivar Kamarajar Nagar", "WARD_NO": 180.0, "ZONE_NO": 13, "SHAPE.AREA": 8283.0580660399992, "SHAPE.LEN": 577.76440216851097, "total_area_sqm": 7812.7899847717581, "area_outside_isochrone": 7812.7899847717517, "pct_outside": 0.99999999999999922, "outside_isochrone": true, "true_metro_dist": 435.01871124156901, "metro_covered": true, "metro_covered_red_only": false, "metro_covered_either_line": true }, "geometry": { "type": "MultiPolygon", "coordinates": [ [ [ [ 80.253607002124596, 12.979459403973696 ], [ 80.253611237681099, 12.979415452823202 ], [ 80.2535541138122, 12.979416233647999 ], [ 80.253498269144302, 12.979416997840797 ], [ 80.253498146973399, 12.9794169995915 ], [ 80.253497886461901, 12.979417003092998 ], [ 80.253464055009999, 12.979417477540299 ], [ 80.253464026263899, 12.979417476664899 ], [ 80.253463916669503, 12.979417477540299 ], [ 80.253415969989518, 12.9794181244343 ], [ 80.253374001597706, 12.979418697797799 ], [ 80.253335753129605, 12.979419221265497 ], [ 80.253296877637396, 12.979419754362198 ], [ 80.253261126485697, 12.979420241939998 ], [ 80.253259572400196, 12.979456147619901 ], [ 80.253257764989897, 12.979497877965301 ], [ 80.2532558955958, 12.979541061407298 ], [ 80.253253797131293, 12.979589539915301 ], [ 80.253251843295502, 12.979634666647899 ], [ 80.253249776272, 12.979682434342802 ], [ 80.253247667027793, 12.979731129913301 ], [ 80.2532468953749, 12.979748942673396 ], [ 80.253246238706495, 12.979764120590103 ], [ 80.253245480528307, 12.979781640101303 ], [ 80.253243282350894, 12.979832411137098 ], [ 80.253241367142707, 12.979876652834198 ], [ 80.253239214779299, 12.979926365537601 ], [ 80.253237285197997, 12.979972863026099 ], [ 80.253235085223906, 12.980029317747698 ], [ 80.253233285898403, 12.980075493959198 ], [ 80.253231309604701, 12.980126198407396 ], [ 80.253229671077705, 12.9801682350168 ], [ 80.253227990329805, 12.980211335182995 ], [ 80.253227155794903, 12.980232756147503 ], [ 80.253225495708193, 12.9802753949873 ], [ 80.253223514922993, 12.980326255208999 ], [ 80.253221753326699, 12.980371484225101 ], [ 80.253220084256995, 12.980414348008701 ], [ 80.253218029809901, 12.980467101606497 ], [ 80.253216042736511, 12.9805181324842 ], [ 80.253214097883912, 12.980568077029698 ], [ 80.253210778608903, 12.980612433268002 ], [ 80.253207019159404, 12.9806552987608 ], [ 80.253202946198002, 12.980701728710198 ], [ 80.253198592962093, 12.980751357214098 ], [ 80.253194624205193, 12.980796598407801 ], [ 80.253189796658802, 12.980851619979701 ], [ 80.253185235013802, 12.980903624177502 ], [ 80.253180420043904, 12.980952582991694 ], [ 80.253173799460299, 12.981002102025698 ], [ 80.253167937054698, 12.981045956606197 ], [ 80.253160861025194, 12.981098880764698 ], [ 80.253153412194905, 12.981154589425699 ], [ 80.253145058761007, 12.981217070716898 ], [ 80.253136522070903, 12.981280914924001 ], [ 80.253130399153903, 12.981326709247201 ], [ 80.253124078607598, 12.981373980289398 ], [ 80.253117846994499, 12.981432454141299 ], [ 80.253112333135221, 12.981487016010098 ], [ 80.253107887372906, 12.981530994805704 ], [ 80.253103212540196, 12.981577266151998 ], [ 80.253099382123807, 12.981615158579197 ], [ 80.253174813658205, 12.981626034881197 ], [ 80.253175399359804, 12.981626118915399 ], [ 80.253175506259296, 12.981626135547199 ], [ 80.253212327304496, 12.981631443707599 ], [ 80.253212795326803, 12.981631513736097 ], [ 80.253212834852604, 12.981631517237494 ], [ 80.253301144634904, 12.981644248418698 ], [ 80.253366000303501, 12.981653599848901 ], [ 80.253370986851607, 12.981599276989002 ], [ 80.2533722175436, 12.981585872656499 ], [ 80.253375681447295, 12.9815481342876 ], [ 80.253380179311904, 12.981499143202502 ], [ 80.253384720295699, 12.981449669786098 ], [ 80.253385209877493, 12.981444337111798 ], [ 80.253388850749403, 12.981404684315498 ], [ 80.253393541751805, 12.981355592536101 ], [ 80.253400784867907, 12.981301491076399 ], [ 80.253407886050297, 12.981248454039902 ], [ 80.253413789778307, 12.981204361397799 ], [ 80.253419860592999, 12.9811590099832 ], [ 80.253426487464793, 12.981109515490498 ], [ 80.253432853825203, 12.9810619651587 ], [ 80.253440309842105, 12.981007109076103 ], [ 80.253447389464895, 12.980955913731398 ], [ 80.253448586919205, 12.9809472511821 ], [ 80.253455490472106, 12.980897318967799 ], [ 80.253456144445593, 12.980892592029999 ], [ 80.253462156869801, 12.9808491059486 ], [ 80.253469331714001, 12.980797724119698 ], [ 80.253477887268801, 12.9807422097086 ], [ 80.253485157334396, 12.980695043589398 ], [ 80.253492170481806, 12.980649538893902 ], [ 80.253500275980599, 12.980596946401098 ], [ 80.253505249054015, 12.9805470246207 ], [ 80.253508637499294, 12.980503973532899 ], [ 80.253511033306097, 12.980473549510799 ], [ 80.253514355276096, 12.980431347509899 ], [ 80.25351787218041, 12.980386668231299 ], [ 80.253521998142503, 12.980330920006997 ], [ 80.253524278965003, 12.980295375102202 ], [ 80.2535270808104, 12.980251713843998 ], [ 80.2535304135601, 12.980199790043098 ], [ 80.253533872972199, 12.9801458669056 ], [ 80.253533881955306, 12.980145735601402 ], [ 80.253536578697805, 12.980103713869299 ], [ 80.253540317486099, 12.980050551400502 ], [ 80.253545859193096, 12.979996231691599 ], [ 80.253550597806196, 12.979949781477098 ], [ 80.253555662507793, 12.979900145810198 ], [ 80.253560348120303, 12.979854205914098 ], [ 80.253566716277319, 12.979797369494499 ], [ 80.253572283137103, 12.979753449916902 ], [ 80.253578046727995, 12.979707978312899 ], [ 80.253584391528904, 12.979657931177099 ], [ 80.253590032948793, 12.979613425081297 ], [ 80.253591288793601, 12.979603515967799 ], [ 80.253598654080605, 12.9795454128398 ], [ 80.253603151046903, 12.979499369585197 ], [ 80.253607002124596, 12.979459403973696 ] ] ] ] } },
{ "type": "Feature", "properties": { "id": null, "Name": null, "description": null, "timestamp": null, "begin": null, "end": null, "altitudeMode": null, "tessellate": -1, "extrude": 0, "visibility": -1, "drawOrder": null, "icon": null, "OBJECTID": 182.0, "OBJECTID_1": 187.0, "SLUM_NAME": "Avvai Nagar", "WARD_NO": 182.0, "ZONE_NO": 13, "SHAPE.AREA": 16463.990139109999, "SHAPE.LEN": 1457.16484596892, "total_area_sqm": 15529.579012335766, "area_outside_isochrone": 15529.579012335771, "pct_outside": 1.0000000000000004, "outside_isochrone": true, "true_metro_dist": 1349.2023128279795, "metro_covered": false, "metro_covered_red_only": false, "metro_covered_either_line": false }, "geometry": { "type": "MultiPolygon", "coordinates": [ [ [ [ 80.254036944802706, 12.9807801574108 ], [ 80.25404155855, 12.980741080494997 ], [ 80.254043541131793, 12.980724289350498 ], [ 80.254043582454301, 12.9807239339546 ], [ 80.254044624500096, 12.9807151155832 ], [ 80.2540476563141, 12.980689422030196 ], [ 80.254048884311104, 12.980679020132097 ], [ 80.254054664071703, 12.980625657328902 ], [ 80.254054726055401, 12.980624863377498 ], [ 80.254058490894806, 12.980576506746401 ], [ 80.254058938255795, 12.9805707687617 ], [ 80.254061613438694, 12.980536405627399 ], [ 80.254063139676404, 12.980516674134098 ], [ 80.254066135557807, 12.9804782764566 ], [ 80.254066380797894, 12.980475219698299 ], [ 80.254066605376707, 12.980472245223902 ], [ 80.254069133235902, 12.980439772854501 ], [ 80.254069250915293, 12.980438263732998 ], [ 80.254072395018696, 12.980397872847298 ], [ 80.254073462217306, 12.980384169076602 ], [ 80.2540758131084, 12.980353977885901 ], [ 80.254076813831617, 12.9803411127084 ], [ 80.254077673519305, 12.9803300735331 ], [ 80.254077987031394, 12.980326036368799 ], [ 80.254078169389416, 12.980321729593401 ], [ 80.254078215203506, 12.980320575867697 ], [ 80.254080247192604, 12.980272008215398 ], [ 80.254081972856298, 12.9802274532094 ], [ 80.2540821965368, 12.980221661819602 ], [ 80.254084294103009, 12.9801674489423 ], [ 80.254084355188397, 12.980165873291698 ], [ 80.254085973952598, 12.9801240476441 ], [ 80.254086392567501, 12.9801132360531 ], [ 80.254086888437499, 12.9801004496458 ], [ 80.254086111394798, 12.980077790033 ], [ 80.254085886816, 12.980071244077898 ], [ 80.254085466404405, 12.9800589933898 ], [ 80.254083637434505, 12.980005617322998 ], [ 80.2540836095868, 12.980004770848 ], [ 80.2540817518707, 12.979950550045098 ], [ 80.254080933505506, 12.979926642152101 ], [ 80.254079895052996, 12.979896329230298 ], [ 80.254079879781699, 12.979895883670899 ], [ 80.254078588902601, 12.979858204570098 ], [ 80.254078036438699, 12.979842106653001 ], [ 80.254077192022393, 12.979817429305797 ], [ 80.254076607219105, 12.9798003754901 ], [ 80.254076644948299, 12.979787872684202 ], [ 80.2540766844742, 12.979774482259796 ], [ 80.254076807543399, 12.979733620320896 ], [ 80.254076830001296, 12.979725651016498 ], [ 80.254076926121002, 12.979693466543999 ], [ 80.25407696834192, 12.979679368821101 ], [ 80.254077067156501, 12.979646324735898 ], [ 80.254077133631895, 12.979625117309499 ], [ 80.254077153394803, 12.979617223282901 ], [ 80.2540771542931, 12.979617042958099 ], [ 80.254077182140904, 12.979608534426101 ], [ 80.254077290837103, 12.979570884168702 ], [ 80.2540773061084, 12.979565971628601 ], [ 80.254077380668605, 12.979540917847601 ], [ 80.254077432770899, 12.979523544505199 ], [ 80.254077456127007, 12.979515750266797 ], [ 80.2540776025524, 12.979466641482396 ], [ 80.254077617823796, 12.979461518852903 ], [ 80.254077694180594, 12.979436152556401 ], [ 80.254077714841898, 12.979428964067202 ], [ 80.254077730113195, 12.979423946480599 ], [ 80.254077970861701, 12.9794072786735 ], [ 80.254078244847904, 12.979388188732599 ], [ 80.254078287967005, 12.979385237004596 ], [ 80.254078751497701, 12.979353016598104 ], [ 80.254078771260595, 12.979351611638402 ], [ 80.254079290486899, 12.979315666552001 ], [ 80.254079533930295, 12.9792987545109 ], [ 80.254079742339499, 12.979284300492298 ], [ 80.254080315464606, 12.9792444915365 ], [ 80.254080494229299, 12.979232186535 ], [ 80.254081097897199, 12.979190230300901 ], [ 80.254081153592793, 12.979186440846401 ], [ 80.254081798583101, 12.979141649297299 ], [ 80.254081881228203, 12.979135967302801 ], [ 80.254082043823203, 12.979124637452699 ], [ 80.254083194565098, 12.979102441694595 ], [ 80.254083555687799, 12.979095474663099 ], [ 80.254084265356894, 12.979081760316296 ], [ 80.2540849471782, 12.979068596573402 ], [ 80.2540866566722, 12.979050436244499 ], [ 80.254087497495306, 12.979041485633701 ], [ 80.254088795560904, 12.979027690750202 ], [ 80.254089604044594, 12.979019085032499 ], [ 80.254093405714897, 12.978989317352898 ], [ 80.254093923144495, 12.9789852705378 ], [ 80.254095473636696, 12.978973835637001 ], [ 80.254097749069302, 12.9789570785124 ], [ 80.254101268668606, 12.9789374090448 ], [ 80.254102696091607, 12.978929432711999 ], [ 80.254104333720306, 12.978920284264097 ], [ 80.254106725035598, 12.978906915677099 ], [ 80.254107644910505, 12.978901779030203 ], [ 80.254116178007394, 12.978873690288498 ], [ 80.254117993502604, 12.978867711538799 ], [ 80.254133787681894, 12.978815717419399 ], [ 80.254135700195107, 12.978809420035097 ], [ 80.254143764371406, 12.978782875428998 ], [ 80.254149581861199, 12.978763722413799 ], [ 80.254154138116306, 12.978748723010796 ], [ 80.254157526561599, 12.978737567341 ], [ 80.254158977340794, 12.9787327930923 ], [ 80.254165381430397, 12.978711730898798 ], [ 80.2541746736037, 12.978681121954997 ], [ 80.2541761953498, 12.978671836065399 ], [ 80.254178303695795, 12.978658977803899 ], [ 80.254179343046602, 12.978652627018201 ], [ 80.254182417979806, 12.9786338617804 ], [ 80.2541846386152, 12.978615793333299 ], [ 80.254185936680798, 12.978605246037498 ], [ 80.254186018427404, 12.978604574631099 ], [ 80.254186341820997, 12.978601943278099 ], [ 80.254188261520696, 12.9785863267316 ], [ 80.254189441907002, 12.978571446367798 ], [ 80.254190081507502, 12.978563385988002 ], [ 80.254191045399807, 12.978551226263802 ], [ 80.254191941918407, 12.978539926149502 ], [ 80.2541919796477, 12.978538966747101 ], [ 80.254192391076103, 12.978529995109101 ], [ 80.254192533009899, 12.978526382468699 ], [ 80.2541927063847, 12.978521997754299 ], [ 80.254193693633198, 12.978497036657098 ], [ 80.2541939460598, 12.978490698122297 ], [ 80.254193930788517, 12.978486666180402 ], [ 80.2541937834648, 12.978442784887402 ], [ 80.254192326397401, 12.978410136304001 ], [ 80.254191645474407, 12.9783948646403 ], [ 80.254191170265599, 12.978389449615898 ], [ 80.254190164152504, 12.978377993678802 ], [ 80.254189287396798, 12.978367999605402 ], [ 80.254187770142295, 12.9783507163439 ], [ 80.254187451240298, 12.9783471203329 ], [ 80.254186461296896, 12.978336177359402 ], [ 80.254186391228316, 12.978335400908099 ], [ 80.254186375058595, 12.978335222333101 ], [ 80.254185323131395, 12.9783236193317 ], [ 80.254181491816695, 12.978281362692998 ], [ 80.254178128524302, 12.978244274221002 ], [ 80.254176591506905, 12.978227325341496 ], [ 80.254174031308295, 12.978199089461699 ], [ 80.254171692095298, 12.9781732853522 ], [ 80.254170289825197, 12.978157823719 ], [ 80.254170226044806, 12.978157131302501 ], [ 80.254169988889501, 12.978154572600397 ], [ 80.254166784598894, 12.978119248852597 ], [ 80.254166003962894, 12.9781105581927 ], [ 80.254165526957493, 12.9781052998531 ], [ 80.254161892373901, 12.9780652088398 ], [ 80.254158527284801, 12.978028100201998 ], [ 80.254156595906906, 12.9780112073314 ], [ 80.254155160399193, 12.977998644035099 ], [ 80.254153391616299, 12.977983174512699 ], [ 80.254150432565794, 12.977957291597598 ], [ 80.254145968837193, 12.9779182352469 ], [ 80.254144270122907, 12.977903377602699 ], [ 80.254140633742693, 12.977871566677097 ], [ 80.254138106781795, 12.977849462720799 ], [ 80.254136919209003, 12.977839068582202 ], [ 80.254133308879801, 12.977807484369096 ], [ 80.254131946135502, 12.977795547827194 ], [ 80.254128793947203, 12.977767985057801 ], [ 80.254125781896093, 12.977741633797301 ], [ 80.254119619453206, 12.9776877197557 ], [ 80.2541194981807, 12.977686662308601 ], [ 80.254115773765506, 12.977654073150998 ], [ 80.254113344721006, 12.9776338170822 ], [ 80.254110046107201, 12.977606308567799 ], [ 80.254108327630107, 12.9775919822549 ], [ 80.254106884037398, 12.9775799362813 ], [ 80.254100422455593, 12.977526054593397 ], [ 80.254098366211906, 12.977508892949899 ], [ 80.254093962670396, 12.977472173769097 ], [ 80.254091071891807, 12.977448067803902 ], [ 80.2540867905212, 12.9774183795949 ], [ 80.254085912867097, 12.977412294015 ], [ 80.254079044348501, 12.977364661566398 ], [ 80.254078280780504, 12.977359373448397 ], [ 80.254071297277505, 12.977310944401601 ], [ 80.254068381346002, 12.977290725945798 ], [ 80.254067506387003, 12.977284663122397 ], [ 80.254063550206496, 12.977257227225198 ], [ 80.254055804033797, 12.977203508286498 ], [ 80.254054366729306, 12.977193545679198 ], [ 80.254048056962702, 12.977149791962299 ], [ 80.254043692947107, 12.9771195294735 ], [ 80.254040310790103, 12.977096074751096 ], [ 80.254033385677516, 12.977048046573602 ], [ 80.254032563718994, 12.977042357528298 ], [ 80.254025645793007, 12.976994384488899 ], [ 80.254025635911603, 12.976994318835899 ], [ 80.254020595464496, 12.976960993399196 ], [ 80.254016443451306, 12.976935011460499 ], [ 80.254011225137802, 12.9769023714328 ], [ 80.254007875320099, 12.976881415004399 ], [ 80.254004570418104, 12.976860699301797 ], [ 80.253999308087202, 12.976827817661297 ], [ 80.253999074525197, 12.976826361040406 ], [ 80.253997535711207, 12.976816733685899 ], [ 80.253990739955995, 12.976774220306702 ], [ 80.253988142926602, 12.976757975127299 ], [ 80.253986228616697, 12.976745996517096 ], [ 80.253982171824802, 12.976720622065198 ], [ 80.253980877352504, 12.976712518732096 ], [ 80.253973612676802, 12.976667022936702 ], [ 80.253971329159413, 12.976652752593601 ], [ 80.253965032867598, 12.976613427298197 ], [ 80.253964024059499, 12.976607120228998 ], [ 80.25395683574061, 12.976556938536602 ], [ 80.253949742643101, 12.976505964620499 ], [ 80.253948654783301, 12.976498144901601 ], [ 80.253945818801895, 12.976477742551097 ], [ 80.253943458927694, 12.976460773417699 ], [ 80.253942268659998, 12.9764522096291 ], [ 80.253938079815796, 12.9764220853646 ], [ 80.253934793778498, 12.9763984555014 ], [ 80.2539322560378, 12.9763801986863 ], [ 80.253927322490213, 12.976344700486798 ], [ 80.253926139409003, 12.9763361935936 ], [ 80.253919138838, 12.976300115014201 ], [ 80.253917432937314, 12.976291321871798 ], [ 80.253911723245395, 12.976261895261899 ], [ 80.253907091531701, 12.976238027281402 ], [ 80.253896919907802, 12.976185606304202 ], [ 80.253896750126202, 12.976184731804198 ], [ 80.253889235718802, 12.976146000814799 ], [ 80.253888198164702, 12.9761398723103 ], [ 80.253877810945113, 12.976078543488299 ], [ 80.253877697757304, 12.976077858069099 ], [ 80.253871245158606, 12.976038756778999 ], [ 80.2538695841737, 12.976028693456897 ], [ 80.253864257164096, 12.975996413089796 ], [ 80.253862408431203, 12.9759852117769 ], [ 80.253855782457705, 12.9759450547685 ], [ 80.253855333299995, 12.975942334098997 ], [ 80.253847121800007, 12.975892581206999 ], [ 80.253846271993694, 12.975887429616401 ], [ 80.253840392520203, 12.975851803541598 ], [ 80.2538388716724, 12.975842582324198 ], [ 80.253833835716918, 12.975812072820098 ], [ 80.253831126398097, 12.9757956498763 ], [ 80.253826244952805, 12.975766066515302 ], [ 80.2538248112416, 12.975757378399297 ], [ 80.253821837817995, 12.9757393631411 ], [ 80.253818832055103, 12.975721149170997 ], [ 80.253818343371606, 12.975718186894998 ], [ 80.253810925083897, 12.975673229274699 ], [ 80.253809578509305, 12.975665075135598 ], [ 80.253801834133299, 12.975618150532602 ], [ 80.253801781132694, 12.975617819639897 ], [ 80.2537963831561, 12.9755851190383 ], [ 80.253794604491901, 12.975574338763501 ], [ 80.253791124418498, 12.975553250041097 ], [ 80.253787553615197, 12.9755316159566 ], [ 80.253787541038804, 12.9755315371726 ], [ 80.253785082349793, 12.975516638242999 ], [ 80.253785032044206, 12.975516332736101 ], [ 80.253784310697, 12.975511960224001 ], [ 80.253784299018903, 12.975511889318399 ], [ 80.253784131033996, 12.975510871254 ], [ 80.253784078931702, 12.975510556117998 ], [ 80.253779050162706, 12.975480076336098 ], [ 80.253778176102003, 12.975474781175 ], [ 80.253777467331204, 12.975474901101702 ], [ 80.253468733435994, 12.975526921305699 ], [ 80.253463074049705, 12.975527875467503 ], [ 80.253468642706196, 12.975564008432299 ], [ 80.2534686561809, 12.975564095094798 ], [ 80.253468742419201, 12.975564655336402 ], [ 80.253471109479904, 12.975580014711701 ], [ 80.2534712873464, 12.975581167584002 ], [ 80.253472125474502, 12.975586608055501 ], [ 80.2534721802717, 12.975586959957299 ], [ 80.253472286272995, 12.975587648879403 ], [ 80.253472471325907, 12.975588849897401 ], [ 80.253479993818118, 12.975637652190299 ], [ 80.253485356760393, 12.975672445812103 ], [ 80.253489568062406, 12.975699772462002 ], [ 80.253491883020899, 12.975714786930402 ], [ 80.253498736268199, 12.975759250830501 ], [ 80.253502616091893, 12.975784424919199 ], [ 80.2535064024908, 12.975808991493903 ], [ 80.253510495215295, 12.975835545171199 ], [ 80.253513287179203, 12.975853658464601 ], [ 80.253514119019101, 12.975859930537903 ], [ 80.253519313976398, 12.975899144779698 ], [ 80.253520800688193, 12.9759136874081 ], [ 80.253524457729711, 12.9759494727926 ], [ 80.253530839361503, 12.976011927379998 ], [ 80.253534102940904, 12.976043122278899 ], [ 80.253538096850704, 12.9760812825392 ], [ 80.253540270773698, 12.9760953331959 ], [ 80.253545698394603, 12.9761304173783 ], [ 80.253549615947605, 12.976155747246302 ], [ 80.253553338566107, 12.976179815695698 ], [ 80.253559354583501, 12.976218705122697 ], [ 80.253564233333904, 12.976250243142699 ], [ 80.253574029462001, 12.976313573904999 ], [ 80.2535972095896, 12.9763085921459 ], [ 80.253602984858603, 12.976343107304499 ], [ 80.253608883196705, 12.976378367402299 ], [ 80.253615388796007, 12.976417251546 ], [ 80.253621385050593, 12.9764530902558 ], [ 80.253635680840006, 12.976538540797899 ], [ 80.253647011290695, 12.976606254484098 ], [ 80.253655329690218, 12.976655979221398 ], [ 80.253627806208215, 12.976660814786102 ], [ 80.253627751411003, 12.976660824415198 ], [ 80.253628948865298, 12.976668567971398 ], [ 80.253635389785799, 12.976710194615199 ], [ 80.253639790632405, 12.976738644255301 ], [ 80.253644763705793, 12.976770783590904 ], [ 80.253656687044597, 12.9768184371622 ], [ 80.253657098472999, 12.976818304105498 ], [ 80.2536884613545, 12.976808135770002 ], [ 80.253711047695703, 12.9768805720202 ], [ 80.253721556187898, 12.976914272127297 ], [ 80.253733968210199, 12.976954075328598 ], [ 80.253745892447299, 12.9770132470167 ], [ 80.253763072727097, 12.977098489027698 ], [ 80.253774642129599, 12.977155897682199 ], [ 80.253785571033305, 12.977230250019799 ], [ 80.2537982336856, 12.977316404093399 ], [ 80.253839208540697, 12.977312508690396 ], [ 80.253851373526203, 12.977386518711098 ], [ 80.253860712411907, 12.9774433355482 ], [ 80.253824274947405, 12.977447478679199 ], [ 80.253831594420305, 12.977536254412799 ], [ 80.253837711947398, 12.977639207612699 ], [ 80.253887342968497, 12.977633212201301 ], [ 80.253897296301901, 12.9776320103178 ], [ 80.253900247267609, 12.9776968332342 ], [ 80.253877167751298, 12.977697902936399 ], [ 80.253878466715193, 12.977735503581398 ], [ 80.253879897731494, 12.977776971604698 ], [ 80.253853021934802, 12.9777779415144 ], [ 80.253804959372104, 12.9777796773728 ], [ 80.2538047904889, 12.977779683500396 ], [ 80.253806004112803, 12.9778493646794 ], [ 80.253806157724696, 12.977849366430201 ], [ 80.253821519814409, 12.977849457468597 ], [ 80.2538720419643, 12.9778497603465 ], [ 80.253875050422195, 12.977882771406499 ], [ 80.253878867363795, 12.977924683217399 ], [ 80.253879641711606, 12.977933174299601 ], [ 80.2538865434679, 12.9780089348735 ], [ 80.253893456003993, 12.978084796967098 ], [ 80.253896963026904, 12.978123300058602 ], [ 80.253901738470901, 12.978175714499598 ], [ 80.253937245280895, 12.978172708484401 ], [ 80.253965813503598, 12.978170798430499 ], [ 80.253993280391711, 12.9781689619074 ], [ 80.253997962410907, 12.9782572235423 ], [ 80.253944811790504, 12.978261044524199 ], [ 80.253951242829601, 12.978367589057902 ], [ 80.253932356649102, 12.978370110992397 ], [ 80.253922161668996, 12.978371471313899 ], [ 80.253923410327204, 12.978384408373401 ], [ 80.253928554978799, 12.978437715634197 ], [ 80.253943411316996, 12.9784361618569 ], [ 80.253946240111802, 12.978506455608999 ], [ 80.253946346112997, 12.978549612086798 ], [ 80.253959862164805, 12.978548534509898 ], [ 80.253958785084805, 12.9785717124794 ], [ 80.253957009115496, 12.978609853093598 ], [ 80.253947068358499, 12.978609593985002 ], [ 80.253946249993305, 12.978661204736797 ], [ 80.253946624590697, 12.978691041609698 ], [ 80.253958785084805, 12.978693748243302 ], [ 80.253947108782697, 12.978746903999403 ], [ 80.253944566550402, 12.978758485096799 ], [ 80.253950381345305, 12.978760034495298 ], [ 80.253980080546896, 12.9787679495579 ], [ 80.253962098071497, 12.978836228998798 ], [ 80.253900098147199, 12.9788211543187 ], [ 80.253891244351806, 12.978874848397599 ], [ 80.253883850318701, 12.978918023194202 ], [ 80.253853877130894, 12.9789153682097 ], [ 80.253853520499803, 12.978915336696499 ], [ 80.253851778666402, 12.978941120595598 ], [ 80.253849321774098, 12.978977513047997 ], [ 80.253879585117701, 12.978978668530596 ], [ 80.253904298669511, 12.978979612174697 ], [ 80.253900703611805, 12.9790136665203 ], [ 80.253896835466193, 12.979050303189002 ], [ 80.253883741622602, 12.979050293560002 ], [ 80.253882582795796, 12.979107166915698 ], [ 80.253882541473303, 12.9791091767541 ], [ 80.253883131666498, 12.9791091566207 ], [ 80.253916254347601, 12.979108044031598 ], [ 80.253916430417405, 12.979151673977398 ], [ 80.253916581334394, 12.9791890660657 ], [ 80.253916586724301, 12.979190266190898 ], [ 80.253916742132802, 12.9792288960391 ], [ 80.253916897541401, 12.979267204622399 ], [ 80.253916964016696, 12.979283811163496 ], [ 80.253914576294704, 12.979311351005402 ], [ 80.253911295647299, 12.979349214015599 ], [ 80.253909394812098, 12.979371151519299 ], [ 80.253907740115395, 12.979390243212199 ], [ 80.253907608961299, 12.979416790379499 ], [ 80.253907487688807, 12.979441362722801 ], [ 80.253907467027503, 12.9794454042783 ], [ 80.253907339466707, 12.979471370198002 ], [ 80.253907900913802, 12.979528540205701 ], [ 80.253907923371699, 12.979530860794799 ], [ 80.253907943134607, 12.979532872380396 ], [ 80.253908318630394, 12.9795711073864 ], [ 80.253908580040203, 12.979597759577999 ], [ 80.253908737245297, 12.979613787481798 ], [ 80.253909026502896, 12.9796432592138 ], [ 80.253909089384905, 12.979649661620599 ], [ 80.253909517881297, 12.979693332613502 ], [ 80.253909753239896, 12.979717258911601 ], [ 80.253909862834405, 12.9797284232911 ], [ 80.253910095498, 12.979752134246501 ], [ 80.253910351517902, 12.979778211305298 ], [ 80.253925277026397, 12.979777876041398 ], [ 80.253927344948096, 12.979822790026596 ], [ 80.253931453842199, 12.9798634961363 ], [ 80.253935178257393, 12.979900387410302 ], [ 80.253937331519097, 12.979921714737801 ], [ 80.253939718342906, 12.979945353019797 ], [ 80.253943607149694, 12.979983893463702 ], [ 80.253944834248401, 12.979996043488798 ], [ 80.2539464790637, 12.980012324346498 ], [ 80.253955439758599, 12.980011886665499 ], [ 80.253959884622702, 12.980011668700399 ], [ 80.253962913741816, 12.980079326292799 ], [ 80.253960024759806, 12.980102526003598 ], [ 80.253956899521, 12.980127626122099 ], [ 80.253952183365797, 12.980165496010899 ], [ 80.253949697727421, 12.980194324287 ], [ 80.25394722107211, 12.980223033510597 ], [ 80.253946793474, 12.980228000310197 ], [ 80.253947150105205, 12.980227998559497 ], [ 80.253965074190106, 12.980227925904501 ], [ 80.253964428301401, 12.9802679579198 ], [ 80.253963020641294, 12.980319281209001 ], [ 80.253960488290602, 12.980348848271801 ], [ 80.253956833045606, 12.980391522106 ], [ 80.253978946873005, 12.980392737981898 ], [ 80.253976676830305, 12.980436323934198 ], [ 80.253974510992094, 12.9804779018024 ], [ 80.253971515110607, 12.980535405090702 ], [ 80.253969433714104, 12.9805753547727 ], [ 80.25394075230372, 12.980575116674798 ], [ 80.253932332394598, 12.9806190221015 ], [ 80.253920817789293, 12.980618397969902 ], [ 80.253898940218804, 12.980677475122404 ], [ 80.253885712526298, 12.980715482358898 ], [ 80.253913263856006, 12.980715418457599 ], [ 80.253913931304297, 12.980715416706898 ], [ 80.2539301018777, 12.980715379941799 ], [ 80.253924236777294, 12.980776877439601 ], [ 80.253909265454695, 12.980776441510701 ], [ 80.253882158791001, 12.980775653687298 ], [ 80.253857461408899, 12.980774934142 ], [ 80.253853861859596, 12.9807907483822 ], [ 80.253849853576796, 12.980808362359896 ], [ 80.253840524572595, 12.980849349298396 ], [ 80.253788039603705, 12.980850179138802 ], [ 80.253787493428106, 12.9809040994973 ], [ 80.253787595836002, 12.980923065896198 ], [ 80.253787773702399, 12.980956051162602 ], [ 80.253787935399203, 12.9809858422415 ], [ 80.253788081824609, 12.981013163930498 ], [ 80.253834179771701, 12.981012778772801 ], [ 80.253841532482298, 12.9810127174977 ], [ 80.253910647962002, 12.981012140636498 ], [ 80.253958323350702, 12.981011743223799 ], [ 80.254010936778599, 12.9810113055446 ], [ 80.254011067932595, 12.981011304669197 ], [ 80.254011102966899, 12.981011225011599 ], [ 80.254009482406104, 12.980992028400102 ], [ 80.254009420422406, 12.980991321110499 ], [ 80.254009690815295, 12.980980808054499 ], [ 80.254009730341195, 12.980979263046597 ], [ 80.254009937852018, 12.980971251764998 ], [ 80.254011776703393, 12.980958219426 ], [ 80.254011783889894, 12.980958170405902 ], [ 80.254017115391093, 12.980921996207801 ], [ 80.254021618645595, 12.980891731552198 ], [ 80.254024759155897, 12.980870624022998 ], [ 80.254028365891699, 12.980846383581998 ], [ 80.254028370383296, 12.980846356445904 ], [ 80.254033067673902, 12.980812993885102 ], [ 80.254035062832202, 12.9807961029545 ], [ 80.254036944802706, 12.9807801574108 ] ] ] ] } },
{ "type": "Feature", "properties": { "id": null, "Name": null, "description": null, "timestamp": null, "begin": null, "end": null, "altitudeMode": null, "tessellate": -1, "extrude": 0, "visibility": -1, "drawOrder": null, "icon": null, "OBJECTID": 183.0, "OBJECTID_1": 188.0, "SLUM_NAME": "Raja Srinivasa Nagar", "WARD_NO": 181.0, "ZONE_NO": 13, "SHAPE.AREA": 13927.695792835, "SHAPE.LEN": 508.56569979526199, "total_area_sqm": 13136.428610477255, "area_outside_isochrone": 13136.428610477255, "pct_outside": 1.0, "outside_isochrone": true, "true_metro_dist": 999999.0, "metro_covered": false, "metro_covered_red_only": false, "metro_covered_either_line": false }, "geometry": { "type": "MultiPolygon", "coordinates": [ [ [ [ 80.265803901250905, 12.984577374717297 ], [ 80.265738423049797, 12.9842516136576 ], [ 80.265407419918802, 12.984327597269797 ], [ 80.265412918506613, 12.984350897248799 ], [ 80.265085484382197, 12.984420173050898 ], [ 80.265091694435696, 12.984447858506499 ], [ 80.265095112525401, 12.9844656297873 ], [ 80.265098528818399, 12.984483396689999 ], [ 80.265101956789593, 12.984501169719 ], [ 80.265105363201101, 12.984518942746595 ], [ 80.265108782189102, 12.984536713146898 ], [ 80.265113298020012, 12.984554247202599 ], [ 80.265115429722201, 12.984560339610399 ], [ 80.2651111321819, 12.984561359388497 ], [ 80.265111046841895, 12.984561380396801 ], [ 80.265075212146897, 12.984569877379696 ], [ 80.265071305373795, 12.984570824503901 ], [ 80.265071273034394, 12.984570832381998 ], [ 80.265023898581305, 12.984582309917302 ], [ 80.264665296509705, 12.9846692142397 ], [ 80.264622647195011, 12.984679548569201 ], [ 80.264525928283305, 12.984702986819899 ], [ 80.264474500631593, 12.984715449112596 ], [ 80.264426659952804, 12.984727042186799 ], [ 80.264456412154999, 12.9848492141082 ], [ 80.264460459065404, 12.984869369799698 ], [ 80.264460468946893, 12.984869416192998 ], [ 80.264463692102098, 12.984885464764998 ], [ 80.264446650162796, 12.9848894467085 ], [ 80.264447791921597, 12.984894267232098 ], [ 80.264450673716993, 12.984909499105999 ], [ 80.264450706954705, 12.984909669798199 ], [ 80.264471893720597, 12.985021670128999 ], [ 80.264475495964902, 12.9850415246881 ], [ 80.264478084011301, 12.985055788422198 ], [ 80.264481592830805, 12.985075132652902 ], [ 80.264483800889707, 12.985087214152301 ], [ 80.2644870159601, 12.985104799814399 ], [ 80.264489075797101, 12.985116072494499 ], [ 80.2644928208735, 12.985136559919704 ], [ 80.264494350704396, 12.9851449334594 ], [ 80.264496483304896, 12.9851562945474 ], [ 80.264496554271801, 12.985156678823397 ], [ 80.264499721731497, 12.985173549324697 ], [ 80.264503299721298, 12.9851926116856 ], [ 80.264503481180995, 12.985193578064997 ], [ 80.264503490164103, 12.985193627084199 ], [ 80.264506889389196, 12.985211730942298 ], [ 80.264508804597298, 12.985221941825701 ], [ 80.264509602301302, 12.985226190743598 ], [ 80.264511196810901, 12.985232824097299 ], [ 80.264518098567294, 12.985261541492298 ], [ 80.264519533176795, 12.985267508708699 ], [ 80.264521036956594, 12.985273770915699 ], [ 80.264524054397597, 12.985286327716898 ], [ 80.264525179986705, 12.985291007302601 ], [ 80.264528633110601, 12.985305379565002 ], [ 80.264533013295903, 12.985323609464198 ], [ 80.264533058211697, 12.985323795036999 ], [ 80.264537116800199, 12.9853406839092 ], [ 80.264537412345902, 12.985341912015702 ], [ 80.264541738632303, 12.985359916073802 ], [ 80.264546312853696, 12.9853789556614 ], [ 80.264547232728603, 12.985382783536602 ], [ 80.264549575534801, 12.985387491131499 ], [ 80.2645535191389, 12.985391119428296 ], [ 80.264558530839906, 12.985393121337797 ], [ 80.264563929714797, 12.985393137093899 ], [ 80.264631355463294, 12.985385591637099 ], [ 80.264669338928499, 12.9853813392206 ], [ 80.264679886946595, 12.9853801610088 ], [ 80.264718751659018, 12.9853758096785 ], [ 80.264747435764406, 12.985372599795399 ], [ 80.264767997302897, 12.985370298518399 ], [ 80.264863870001605, 12.985353505060598 ], [ 80.264865757362003, 12.985353174180899 ], [ 80.2649154898928, 12.985344461890396 ], [ 80.264920347083503, 12.985343611056797 ], [ 80.264950048980097, 12.985338396637401 ], [ 80.264952851723706, 12.985337902068499 ], [ 80.264996302335703, 12.9853302489428 ], [ 80.265000393263506, 12.985329531161302 ], [ 80.265046395090906, 12.985321421106098 ], [ 80.265053806192, 12.985320117720001 ], [ 80.265134634804696, 12.985305870632599 ], [ 80.265151903119403, 12.985302827063796 ], [ 80.265158270378095, 12.985300423370997 ], [ 80.265234935299404, 12.985271479266601 ], [ 80.265235050283707, 12.985271436374701 ], [ 80.265236860388995, 12.9852707527315 ], [ 80.265269682134601, 12.9852621586094 ], [ 80.265270019901095, 12.9852620701998 ], [ 80.265280651462504, 12.9852592866075 ], [ 80.265291001851196, 12.985256577419401 ], [ 80.265336510503502, 12.9852446596175 ], [ 80.265388730469297, 12.985230986751102 ], [ 80.265398369392315, 12.9852284631356 ], [ 80.265433384823694, 12.985219293911296 ], [ 80.2654606729471, 12.985212145855199 ], [ 80.265476521923702, 12.985207998476902 ], [ 80.265523378947194, 12.985195724407799 ], [ 80.265536755760095, 12.985192214279502 ], [ 80.265567921910602, 12.985183319911799 ], [ 80.265568858853399, 12.985183052056602 ], [ 80.265585304311301, 12.985178358463401 ], [ 80.265647906106906, 12.9851604918211 ], [ 80.265657010532195, 12.985157894675998 ], [ 80.265706780792314, 12.985143688720399 ], [ 80.265708120180307, 12.985143307070498 ], [ 80.265751031803106, 12.9851310706379 ], [ 80.265831919704596, 12.985107986066701 ], [ 80.265890114365305, 12.985091386042198 ], [ 80.265891529211899, 12.985090980757896 ], [ 80.265899134349098, 12.985088792397701 ], [ 80.265902494048206, 12.985087826893102 ], [ 80.265935612237897, 12.985078373176901 ], [ 80.265935638288994, 12.985078366174097 ], [ 80.265939472298598, 12.985077271993999 ], [ 80.265926927325694, 12.985030521610598 ], [ 80.265916210424294, 12.984990583148997 ], [ 80.265905206062101, 12.984949572383803 ], [ 80.265893354588599, 12.984905401617297 ], [ 80.265882349327995, 12.9848643908381 ], [ 80.265872154347903, 12.984826394740299 ], [ 80.265870212190194, 12.984818826507198 ], [ 80.265866314400199, 12.984813530669699 ], [ 80.265865920938097, 12.984812996709199 ], [ 80.2658551743923, 12.9847983968286 ], [ 80.265803901250905, 12.984577374717297 ] ] ] ] } },
{ "type": "Feature", "properties": { "id": null, "Name": null, "description": null, "timestamp": null, "begin": null, "end": null, "altitudeMode": null, "tessellate": -1, "extrude": 0, "visibility": -1, "drawOrder": null, "icon": null, "OBJECTID": 184.0, "OBJECTID_1": 189.0, "SLUM_NAME": "Lakshmipuram", "WARD_NO": 181.0, "ZONE_NO": 13, "SHAPE.AREA": 43302.263368480002, "SHAPE.LEN": 956.52767797995, "total_area_sqm": 40839.826872802121, "area_outside_isochrone": 37686.085419876727, "pct_outside": 0.92277779573483754, "outside_isochrone": true, "true_metro_dist": 1522.7271265611753, "metro_covered": false, "metro_covered_red_only": false, "metro_covered_either_line": false }, "geometry": { "type": "MultiPolygon", "coordinates": [ [ [ [ 80.263012102637802, 12.992918459011699 ], [ 80.263005468579493, 12.992877720903499 ], [ 80.263005533258195, 12.9928777217788 ], [ 80.2630025283935, 12.992861327097698 ], [ 80.262997396318298, 12.992833303832299 ], [ 80.262992081885102, 12.992804291455498 ], [ 80.262981669512698, 12.9927474492453 ], [ 80.262971259835098, 12.992690617525803 ], [ 80.262961343332705, 12.992636451135095 ], [ 80.262960858242494, 12.9926337849181 ], [ 80.262956649635299, 12.992610860351801 ], [ 80.262946062989798, 12.992553062250298 ], [ 80.2629451008941, 12.992547808592896 ], [ 80.262928721911507, 12.9924583379682 ], [ 80.262927665492697, 12.9924524952197 ], [ 80.262917466020994, 12.992396101091902 ], [ 80.262912510913907, 12.992368705377199 ], [ 80.262907042868704, 12.9923384920092 ], [ 80.262905050405394, 12.992327458618799 ], [ 80.262905045913897, 12.992327431483897 ], [ 80.262895552518003, 12.992278677109898 ], [ 80.262883837588305, 12.992218032393799 ], [ 80.262883800757393, 12.992217839823599 ], [ 80.262883775604607, 12.992217712902397 ], [ 80.262881335780193, 12.992205460187298 ], [ 80.262880035918002, 12.9921989320581 ], [ 80.262880029629898, 12.9921988987959 ], [ 80.262879622693006, 12.9921969363307 ], [ 80.262878902244196, 12.992193463064696 ], [ 80.262872468510096, 12.992162447882999 ], [ 80.262864741201994, 12.992125147029695 ], [ 80.262864624420999, 12.992124588575999 ], [ 80.262851769529306, 12.992062583575798 ], [ 80.262851339236306, 12.992060449546798 ], [ 80.262850679872912, 12.992057190732202 ], [ 80.262850638550404, 12.992056980655502 ], [ 80.262847850179696, 12.992042897639299 ], [ 80.262845280099697, 12.992029920150898 ], [ 80.262844438378295, 12.9920257965201 ], [ 80.2628403779932, 12.992005902254602 ], [ 80.262834733878293, 12.991978250028097 ], [ 80.2628316346905, 12.991962904796198 ], [ 80.262828234567195, 12.991946022501498 ], [ 80.262825120108104, 12.9919305599746 ], [ 80.262820400359601, 12.9919029733888 ], [ 80.2628195909775, 12.991898219525496 ], [ 80.262818878613501, 12.9918939514647 ], [ 80.262814644853606, 12.9918690757415 ], [ 80.262812659576795, 12.991857384089398 ], [ 80.262807646977507, 12.991827887546497 ], [ 80.262806294114711, 12.991819923881998 ], [ 80.262802812244601, 12.991799916683599 ], [ 80.262802805956397, 12.991799879044901 ], [ 80.262802717921502, 12.991799331969599 ], [ 80.262799924161001, 12.9917817721657 ], [ 80.262796896838495, 12.9917632923987 ], [ 80.262793759023197, 12.991744131630798 ], [ 80.262791330876993, 12.991729314202798 ], [ 80.262790994008796, 12.991727248445899 ], [ 80.262788759898598, 12.991713749249902 ], [ 80.262788129281304, 12.991710178816598 ], [ 80.262787737615895, 12.991708024652199 ], [ 80.262787689106801, 12.991707679775796 ], [ 80.262787680123694, 12.991707629882599 ], [ 80.262785109145298, 12.9916908709908 ], [ 80.262784984279506, 12.991690069196901 ], [ 80.262782286638696, 12.9916723912169 ], [ 80.262782280350507, 12.991672350076895 ], [ 80.2627725012903, 12.991609829399597 ], [ 80.262768263038794, 12.9915827347087 ], [ 80.262760047945605, 12.991530216306501 ], [ 80.262760029979205, 12.9915300911355 ], [ 80.262756679263205, 12.991507714418699 ], [ 80.262750345242196, 12.9914654153807 ], [ 80.262734669640494, 12.9913607400235 ], [ 80.262720679278203, 12.991247513598097 ], [ 80.262720570582104, 12.991246647028996 ], [ 80.262719325517097, 12.991236565065503 ], [ 80.262717256697016, 12.9912201527696 ], [ 80.262715682848594, 12.991207667169499 ], [ 80.262714857296899, 12.991201121507597 ], [ 80.262714846517099, 12.991201037476701 ], [ 80.262714538394903, 12.991198646095501 ], [ 80.262714050609702, 12.991194785047602 ], [ 80.262693710955105, 12.991019194403497 ], [ 80.262677048104905, 12.990892841469499 ], [ 80.262667409181901, 12.990819754561496 ], [ 80.262667076805201, 12.990817104080799 ], [ 80.262666739937004, 12.990814418587101 ], [ 80.262666701309399, 12.990814113098997 ], [ 80.262664955882798, 12.990800212079602 ], [ 80.262663035284703, 12.990784904413799 ], [ 80.262662507075305, 12.990780687102696 ], [ 80.262662430718606, 12.990780691479301 ], [ 80.262662032764894, 12.9907807387468 ], [ 80.2626595695844, 12.990780995216802 ], [ 80.262643761930306, 12.990782653080402 ], [ 80.262621719069898, 12.990784964811198 ], [ 80.262606402794304, 12.990647187898299 ], [ 80.262380357024398, 12.990659381168301 ], [ 80.262378772396218, 12.9906463011946 ], [ 80.262375272559893, 12.9906174137338 ], [ 80.262294827527896, 12.990624773462896 ], [ 80.262295688113895, 12.9906555708809 ], [ 80.2622967023119, 12.990691844324102 ], [ 80.262261447030198, 12.9906998754248 ], [ 80.262261368876807, 12.990726294461799 ], [ 80.262172228152906, 12.990730546786802 ], [ 80.262169043625207, 12.990669698617401 ], [ 80.262167582066198, 12.990641750382501 ], [ 80.261988021417295, 12.990653816730598 ], [ 80.261899716126607, 12.990661909105299 ], [ 80.261806940819, 12.990672367481499 ], [ 80.261803778749197, 12.990672727239801 ], [ 80.261719248179205, 12.990677799744702 ], [ 80.261621891463705, 12.990683642534998 ], [ 80.261604561165299, 12.990686287765199 ], [ 80.261604458757304, 12.990686303521002 ], [ 80.261604425519593, 12.990686308772998 ], [ 80.261603497560003, 12.9906864514508 ], [ 80.261617418751896, 12.990819741431698 ], [ 80.261620387683905, 12.990848164947399 ], [ 80.2616216974276, 12.9908606925811 ], [ 80.261623169766395, 12.990874790544902 ], [ 80.261624031250705, 12.9908830422213 ], [ 80.261624691512495, 12.990889362058002 ], [ 80.261627959583393, 12.990920653125698 ], [ 80.261628140144808, 12.990922377513 ], [ 80.261628510250702, 12.990925919947301 ], [ 80.261648923567208, 12.991113779182802 ], [ 80.2616664667664, 12.991300109963801 ], [ 80.261666483834404, 12.991300301659299 ], [ 80.261664327877696, 12.991336763202698 ], [ 80.261664315301303, 12.991336947020301 ], [ 80.261664132044999, 12.991340043034398 ], [ 80.261664073654501, 12.991341025145802 ], [ 80.261664035925307, 12.991341667632199 ], [ 80.261664003585906, 12.991342232214897 ], [ 80.261673802409007, 12.991461135057902 ], [ 80.261673854511301, 12.991461759162201 ], [ 80.261685405947603, 12.9916628834813 ], [ 80.261686358161796, 12.991687199895201 ], [ 80.261686393196101, 12.991688203012901 ], [ 80.261688152995703, 12.991733018559897 ], [ 80.261688165572096, 12.991733338927199 ], [ 80.261688168267099, 12.991733381817898 ], [ 80.261689292059501, 12.991761950532293 ], [ 80.261689300144297, 12.9917622218817 ], [ 80.261689302839301, 12.991762261271102 ], [ 80.261689346856699, 12.991763651280099 ], [ 80.261690429326606, 12.991802078725099 ], [ 80.261690449987896, 12.991802811368299 ], [ 80.261690817398801, 12.991810984235 ], [ 80.261691422863294, 12.991824453664798 ], [ 80.261691492033606, 12.991825996854597 ], [ 80.261691738172019, 12.991831471983296 ], [ 80.261693999231596, 12.9918817783878 ], [ 80.261694115114295, 12.991884349203 ], [ 80.2616955380457, 12.9919159964005 ], [ 80.261695974626903, 12.991925694070897 ], [ 80.261697125368798, 12.991951295428596 ], [ 80.261697172081199, 12.991952325680101 ], [ 80.261698795336898, 12.991988458882798 ], [ 80.261698808811602, 12.991988744237098 ], [ 80.261699700838705, 12.992008583358794 ], [ 80.261700419490907, 12.9920245920803 ], [ 80.2617008767334, 12.9920347326581 ], [ 80.261701289958395, 12.992043941020196 ], [ 80.261701970881404, 12.992059085799001 ], [ 80.261703344405504, 12.9920896510794 ], [ 80.261704923643705, 12.992124771517698 ], [ 80.261705226375994, 12.992131510600798 ], [ 80.261705777043304, 12.992143753691099 ], [ 80.261706694223193, 12.992164143376201 ], [ 80.261706917903709, 12.9921691239421 ], [ 80.261708542956001, 12.992205257113298 ], [ 80.261708608532999, 12.992206715394696 ], [ 80.261708857366401, 12.992212241283497 ], [ 80.261708861857997, 12.992212366454101 ], [ 80.261710034159407, 12.992238445706402 ], [ 80.261710053024004, 12.992238853605 ], [ 80.261710165313403, 12.992241362268897 ], [ 80.261711108544503, 12.992262321778599 ], [ 80.261712049978897, 12.992283262029401 ], [ 80.261712991413305, 12.992304201403201 ], [ 80.26171412239222, 12.992327860390098 ], [ 80.261715144674994, 12.992348786630298 ], [ 80.261716537063705, 12.992377290500198 ], [ 80.261719206856796, 12.992413449900598 ], [ 80.261721830835697, 12.992451071077102 ], [ 80.261721829039104, 12.992451106965097 ], [ 80.261724222151003, 12.9924854308129 ], [ 80.261726714077611, 12.992520995856696 ], [ 80.261728908661794, 12.992552310352298 ], [ 80.2617309963466, 12.9925821070432 ], [ 80.261732280937395, 12.992600444072496 ], [ 80.261732389633593, 12.992601986382102 ], [ 80.261732559415094, 12.992604409261199 ], [ 80.261733342746098, 12.992615601071801 ], [ 80.261735708010207, 12.9926493524392 ], [ 80.261737424690693, 12.992673837692699 ], [ 80.261740665812297, 12.992719216766197 ], [ 80.261744082105295, 12.992767023960702 ], [ 80.261747492110104, 12.992817534124397 ], [ 80.261751096151002, 12.992868967737 ], [ 80.261751178796004, 12.992870125780998 ], [ 80.261751301865203, 12.992872063732099 ], [ 80.261752431945894, 12.992889120151798 ], [ 80.261758005093895, 12.9929773030311 ], [ 80.261760417968702, 12.9930242129769 ], [ 80.261763500088506, 12.993080728631 ], [ 80.261764589744899, 12.9931007549831 ], [ 80.261769774820706, 12.9931969915654 ], [ 80.261771239973001, 12.993223419089798 ], [ 80.261772706023521, 12.993249846611398 ], [ 80.261773681593894, 12.993267462331703 ], [ 80.261775753108907, 12.9932755423667 ], [ 80.261782250623398, 12.9933008932452 ], [ 80.261782272182998, 12.993300977275402 ], [ 80.261788789460411, 12.993326412181496 ], [ 80.261795551079501, 12.993351709660599 ], [ 80.261795579825602, 12.9933517945662 ], [ 80.261804437214295, 12.9933767690514 ], [ 80.261813294603002, 12.993401745284801 ], [ 80.261822156483305, 12.993426735520698 ], [ 80.261828733947794, 12.993445281687899 ], [ 80.261830640172803, 12.993450658745598 ], [ 80.261840265621103, 12.993477801374999 ], [ 80.261844120291997, 12.993488189607502 ], [ 80.261850572890694, 12.993509900907002 ], [ 80.261854421273298, 12.993522511561302 ], [ 80.261861058924893, 12.993544270124801 ], [ 80.261870139095805, 12.993574033434598 ], [ 80.261885723967694, 12.993625121141498 ], [ 80.261885909020606, 12.993625727734097 ], [ 80.261897036452098, 12.993662260711698 ], [ 80.261901762488804, 12.993677775649601 ], [ 80.261901773268605, 12.993677811537401 ], [ 80.261901802913002, 12.993677810662099 ], [ 80.261901990660903, 12.9936777091257 ], [ 80.261914424242704, 12.993670961331398 ], [ 80.261932246818006, 12.993661296115802 ], [ 80.261932310598411, 12.993661258477298 ], [ 80.261932463311993, 12.993661174447194 ], [ 80.261954723564699, 12.993656064364798 ], [ 80.261962466144098, 12.993654295355398 ], [ 80.261990613955206, 12.993647825035 ], [ 80.261991201453398, 12.9936476902366 ], [ 80.262006506949206, 12.9936462004523 ], [ 80.262016869015994, 12.9936451920907 ], [ 80.262093936382598, 12.993637743168998 ], [ 80.262133882666603, 12.993633881283799 ], [ 80.262142971820694, 12.993633016473598 ], [ 80.262151819327897, 12.993632154289399 ], [ 80.262151901972899, 12.993632147286899 ], [ 80.262170020093905, 12.993630404536695 ], [ 80.262250466922495, 12.993622665885701 ], [ 80.262250543279293, 12.993622658883199 ], [ 80.26227936213202, 12.993619853501796 ], [ 80.262343241331806, 12.9936136580291 ], [ 80.2623434668089, 12.993613636146199 ], [ 80.262359853876305, 12.993612048326501 ], [ 80.2623599850304, 12.993612035196801 ], [ 80.262387616310207, 12.9936094171325 ], [ 80.262387744769299, 12.993609404878102 ], [ 80.262408732109293, 12.993607422291801 ], [ 80.262414238782, 12.993606901479902 ], [ 80.262468741366902, 12.9936015891988 ], [ 80.262468825808497, 12.993601581320901 ], [ 80.262522024937994, 12.993596472987898 ], [ 80.26253582934892, 12.993595142510504 ], [ 80.262551116878399, 12.9935936676062 ], [ 80.262568178580594, 12.993592022015699 ], [ 80.262598811131795, 12.993589066955199 ], [ 80.262657355237195, 12.993583410675198 ], [ 80.262657496272709, 12.993583395794902 ], [ 80.262734029141697, 12.993576029150899 ], [ 80.262771811384198, 12.993571888914799 ], [ 80.262774563822205, 12.993571589557401 ], [ 80.262875451815106, 12.993560454685399 ], [ 80.262952352993395, 12.993551966763198 ], [ 80.263109919290798, 12.993534575143597 ], [ 80.263110239989402, 12.993534540130998 ], [ 80.263110609197, 12.993530242337599 ], [ 80.263111084405807, 12.993524727857297 ], [ 80.263112026738497, 12.993511690925001 ], [ 80.263112034823294, 12.993511574508098 ], [ 80.263113589807105, 12.993489118316198 ], [ 80.263113813487607, 12.993485975937196 ], [ 80.263113831453893, 12.993485706340298 ], [ 80.263113840437001, 12.993485579419698 ], [ 80.263109435997194, 12.993465638879501 ], [ 80.263106227215005, 12.993451014998699 ], [ 80.263102054540511, 12.993432228995697 ], [ 80.263101091546503, 12.993427577573499 ], [ 80.2630973186223, 12.993409356146801 ], [ 80.263085332401502, 12.993351491707198 ], [ 80.263084409831706, 12.993347005717901 ], [ 80.263084255321516, 12.9933462494458 ], [ 80.263083993013396, 12.993344960982098 ], [ 80.263082349994804, 12.993336706761701 ], [ 80.2630820185164, 12.9933350559175 ], [ 80.2630751329297, 12.993300606141799 ], [ 80.263069201354, 12.9932705014263 ], [ 80.263067977848493, 12.9932642560519 ], [ 80.263067430774498, 12.9932614778012 ], [ 80.263066244998299, 12.993254123402101 ], [ 80.263058207771493, 12.993204308327599 ], [ 80.263053680262502, 12.993176236958501 ], [ 80.263048988361703, 12.993147137965501 ], [ 80.263039766256995, 12.9930899684657 ], [ 80.2630366167636, 12.9930704366662 ], [ 80.263030545948993, 12.993032798077303 ], [ 80.263023814872497, 12.992991053374197 ], [ 80.263021442421902, 12.992976350687 ], [ 80.263021324742596, 12.992975628550997 ], [ 80.263012102637802, 12.992918459011699 ] ] ] ] } },
{ "type": "Feature", "properties": { "id": null, "Name": null, "description": null, "timestamp": null, "begin": null, "end": null, "altitudeMode": null, "tessellate": -1, "extrude": 0, "visibility": -1, "drawOrder": null, "icon": null, "OBJECTID": 196.0, "OBJECTID_1": 201.0, "SLUM_NAME": "Indira Nagar Phase-II", "WARD_NO": 180.0, "ZONE_NO": 13, "SHAPE.AREA": 61684.274389535, "SHAPE.LEN": 1065.13619528563, "total_area_sqm": 58176.567165271837, "area_outside_isochrone": 34520.766433678466, "pct_outside": 0.59337922664996012, "outside_isochrone": true, "true_metro_dist": 573.90682313373725, "metro_covered": false, "metro_covered_red_only": false, "metro_covered_either_line": false }, "geometry": { "type": "MultiPolygon", "coordinates": [ [ [ [ 80.253080185126194, 12.991236328728499 ], [ 80.253065437484196, 12.991230450938398 ], [ 80.253019405114102, 12.991212102428699 ], [ 80.253008878655606, 12.991207906132601 ], [ 80.253002781789704, 12.991205475361896 ], [ 80.252977487028005, 12.991195394272198 ], [ 80.2529774160611, 12.991195366261898 ], [ 80.252959773148902, 12.991190290266196 ], [ 80.252951482597098, 12.9911879058875 ], [ 80.252936899346807, 12.991183711341602 ], [ 80.252911557872594, 12.991176420779501 ], [ 80.252904453097003, 12.991174376025896 ], [ 80.252900770004402, 12.991173317760802 ], [ 80.2528830884646, 12.9911682312609 ], [ 80.252860094288295, 12.9911616164474 ], [ 80.252846869290707, 12.991157812294999 ], [ 80.252821574528895, 12.991150535737299 ], [ 80.252819277536702, 12.991149897627098 ], [ 80.252801807999404, 12.991145038710599 ], [ 80.252795305993416, 12.991143229418496 ], [ 80.252775942807418, 12.991137918835296 ], [ 80.252775436157606, 12.991137779658999 ], [ 80.252767021638405, 12.991135471432802 ], [ 80.252752511151598, 12.991131492215501 ], [ 80.252739132542004, 12.991127822862298 ], [ 80.252729035478296, 12.991125051590297 ], [ 80.252711338667098, 12.991120199675901 ], [ 80.252691019673705, 12.9911146291213 ], [ 80.2526884001864, 12.991113912231901 ], [ 80.252687239563002, 12.991113593614397 ], [ 80.252686079838, 12.991113267118997 ], [ 80.252686004379498, 12.991113255739801 ], [ 80.252675336885517, 12.991149203496198 ], [ 80.252650215498605, 12.991233840186901 ], [ 80.252650098717595, 12.991233813051903 ], [ 80.252621454138094, 12.991227058188597 ], [ 80.252607207756, 12.991223692573698 ], [ 80.252607137687505, 12.991223675067296 ], [ 80.252604556827606, 12.991223026453296 ], [ 80.252591113539395, 12.991219610069699 ], [ 80.252574563876905, 12.991215372633603 ], [ 80.252555893292097, 12.991210591622099 ], [ 80.252538871115704, 12.991206233391198 ], [ 80.252520068478603, 12.991201419117301 ], [ 80.252507220773296, 12.991198129655201 ], [ 80.252501085280002, 12.9911965593265 ], [ 80.252482977040501, 12.991191922742798 ], [ 80.252466802873798, 12.991187781591702 ], [ 80.252447534909308, 12.991182847398198 ], [ 80.252443109808198, 12.991181718232099 ], [ 80.252430898110205, 12.991178632719798 ], [ 80.252414488584904, 12.9911744898178 ], [ 80.252396624687194, 12.991169980155499 ], [ 80.252380257382697, 12.991165860011799 ], [ 80.252363066323099, 12.991161523663202 ], [ 80.252346035163598, 12.9911572267041 ], [ 80.252338350974696, 12.991155288739698 ], [ 80.252330515868707, 12.991153312261 ], [ 80.252312636699699, 12.9911488008477 ], [ 80.252293988572703, 12.9911440968633 ], [ 80.252274967644794, 12.9911392992193 ], [ 80.252257896959506, 12.991134992631299 ], [ 80.252243375692899, 12.9911313302807 ], [ 80.252238608333698, 12.991130166976696 ], [ 80.252222945308404, 12.991126344442097 ], [ 80.2522061135749, 12.991122235676798 ], [ 80.252203989059296, 12.991121716610401 ], [ 80.252192776287899, 12.991118980351201 ], [ 80.252192340605006, 12.991118874437099 ], [ 80.252189907068896, 12.991118277466901 ], [ 80.252183430215695, 12.991116693132598 ], [ 80.252174774947903, 12.991112690281199 ], [ 80.252170393864304, 12.991109421825699 ], [ 80.252167113216899, 12.991106973547598 ], [ 80.252162872270418, 12.9911022634352 ], [ 80.252160874417299, 12.991100043616299 ], [ 80.252156063938898, 12.991091581869698 ], [ 80.252153934931698, 12.991092016905201 ], [ 80.252152177827, 12.991092375787501 ], [ 80.252145477293297, 12.991093535590398 ], [ 80.252124079423197, 12.991097259214103 ], [ 80.252113532303497, 12.991099092140299 ], [ 80.252110654999598, 12.991099591949697 ], [ 80.252105070173499, 12.991100563558097 ], [ 80.252101181366598, 12.991101180660698 ], [ 80.252089717965305, 12.991102999581699 ], [ 80.252084346938204, 12.991103851270898 ], [ 80.252070034979099, 12.9911059502952 ], [ 80.252060895519406, 12.991107290414501 ], [ 80.252042089288906, 12.991110045930901 ], [ 80.252040470524705, 12.991110250756398 ], [ 80.251975047120894, 12.991118520806696 ], [ 80.2519707262244, 12.9911190670081 ], [ 80.251953271060103, 12.991121273696999 ], [ 80.2519342303694, 12.991123483011798 ], [ 80.251930192442202, 12.991123952184799 ], [ 80.251893158496301, 12.9911282491445 ], [ 80.251656553030202, 12.991155706268598 ], [ 80.251656152381599, 12.9911568949568 ], [ 80.251655994278096, 12.991157365005098 ], [ 80.251651025696304, 12.991172111566197 ], [ 80.2516502028395, 12.991174552841002 ], [ 80.251648901180602, 12.991181608816698 ], [ 80.251644484164416, 12.991205542761799 ], [ 80.251637061385196, 12.9912460220488 ], [ 80.251636995808198, 12.9912463844323 ], [ 80.251609712176304, 12.991343839306198 ], [ 80.251609001608998, 12.991346380366 ], [ 80.251591445833398, 12.991409105059599 ], [ 80.251542489447004, 12.9915840415632 ], [ 80.251538922237003, 12.991596770483698 ], [ 80.2515389123555, 12.991596806371899 ], [ 80.251530494242999, 12.991628953414299 ], [ 80.251529780082393, 12.9916316957951 ], [ 80.251522086910313, 12.991661055811198 ], [ 80.251522077927106, 12.9916610881981 ], [ 80.251521538937894, 12.991663217853896 ], [ 80.251519701883197, 12.991670468136899 ], [ 80.251514189820597, 12.991692218984801 ], [ 80.251487960810906, 12.991795724774001 ], [ 80.251483206926494, 12.991814485516498 ], [ 80.251478338057595, 12.991833701424101 ], [ 80.251433460921007, 12.992004540257097 ], [ 80.251425627611695, 12.992030373566401 ], [ 80.2514252251664, 12.992031748693599 ], [ 80.251424991604495, 12.9920325487357 ], [ 80.251373440883597, 12.9922086305927 ], [ 80.251333679652504, 12.9923444406739 ], [ 80.251328684121205, 12.992361505883101 ], [ 80.251327444446105, 12.992365738047699 ], [ 80.251327136323894, 12.9923667569184 ], [ 80.251327085119996, 12.992366929356098 ], [ 80.251322439033302, 12.9923834492404 ], [ 80.251318092983993, 12.9923989056118 ], [ 80.251318075916004, 12.992398991393001 ], [ 80.251317832472495, 12.992399844828402 ], [ 80.251276162321503, 12.992560651255298 ], [ 80.2512310830639, 12.9927345855849 ], [ 80.251231074080707, 12.992734620597599 ], [ 80.251230995029019, 12.992734959345396 ], [ 80.251226995729297, 12.992752019275798 ], [ 80.251222920072905, 12.992769456466698 ], [ 80.2512217612462, 12.992774317977299 ], [ 80.251220949169195, 12.9927777255864 ], [ 80.251185790007298, 12.992925261095998 ], [ 80.251183421149904, 12.9929351968131 ], [ 80.2511829701956, 12.992937089247095 ], [ 80.251143475764096, 12.993095504838598 ], [ 80.251142939469915, 12.993097656364998 ], [ 80.251142929588397, 12.993097693128201 ], [ 80.251139041679906, 12.9931132632463 ], [ 80.251137717563097, 12.99311856766 ], [ 80.251135097177496, 12.993129062695999 ], [ 80.251135089990896, 12.993129093332101 ], [ 80.251128340049917, 12.993154848621295 ], [ 80.251090410483698, 12.993299597778801 ], [ 80.251083381166495, 12.993326420059397 ], [ 80.251050633082897, 12.993451394885197 ], [ 80.251047284163505, 12.993464174478197 ], [ 80.251044967408305, 12.9934730151552 ], [ 80.251044947645397, 12.993473092182898 ], [ 80.251044387995009, 12.993475108032198 ], [ 80.251041040872295, 12.993487164614301 ], [ 80.2510377539366, 12.993499004993101 ], [ 80.251034613426413, 12.993510319307296 ], [ 80.250987503976305, 12.993686438630201 ], [ 80.250945633500905, 12.993840197077098 ], [ 80.250945603856493, 12.99384030299 ], [ 80.250938502674103, 12.993866380320798 ], [ 80.250938277196994, 12.993867208366996 ], [ 80.250960246395607, 12.993873277788298 ], [ 80.250969279854104, 12.993875516839299 ], [ 80.250978124666403, 12.993877710373898 ], [ 80.251000473852301, 12.993883250230498 ], [ 80.251010709256704, 12.993885786887798 ], [ 80.251018352123097, 12.993887681940603 ], [ 80.251035659065394, 12.993891972725301 ], [ 80.251040701309094, 12.993893221797096 ], [ 80.251052201541398, 12.993896073566901 ], [ 80.251063049596695, 12.993898762528596 ], [ 80.251082258272405, 12.993903524231497 ], [ 80.251099993711094, 12.993907920928702 ], [ 80.251104606560105, 12.9939090640875 ], [ 80.251122484830901, 12.9939134957972 ], [ 80.251126953949395, 12.9939146039434 ], [ 80.2511314598989, 12.993915720842798 ], [ 80.251137324999405, 12.993917174737598 ], [ 80.251144832220206, 12.993919034777702 ], [ 80.251153773152197, 12.993921251945402 ], [ 80.251186276894103, 12.993929310076297 ], [ 80.251223961220305, 12.993938651415696 ], [ 80.251224203765403, 12.993938710937002 ], [ 80.251232336213704, 12.993940726782601 ], [ 80.251252359661393, 12.993945690681901 ], [ 80.251277154061498, 12.993951837128799 ], [ 80.251292918596505, 12.993955745400701 ], [ 80.251302427263795, 12.9939581026181 ], [ 80.251330808636794, 12.9939651375072 ], [ 80.251355859955197, 12.993971346976098 ], [ 80.251380206994298, 12.993977383132998 ], [ 80.251407840070698, 12.993984232455198 ], [ 80.251434382592393, 12.9939908130563 ], [ 80.251438769065999, 12.9939919001947 ], [ 80.251445015950495, 12.993993448622804 ], [ 80.251458443967309, 12.993996778312301 ], [ 80.251488106338002, 12.994004130938798 ], [ 80.2515129492472, 12.9940102896386 ], [ 80.251523552062508, 12.994012918202502 ], [ 80.251527351037893, 12.994013860038896 ], [ 80.251541671081796, 12.9940174094315 ], [ 80.251568236061402, 12.9940239944083 ], [ 80.251583687084306, 12.994027824776103 ], [ 80.251591026320099, 12.994029644551002 ], [ 80.251613624339399, 12.994035245676102 ], [ 80.251625701290095, 12.994038240120299 ], [ 80.251634569458602, 12.994040438030099 ], [ 80.251667717292605, 12.994048655464098 ], [ 80.251705260583194, 12.994057962661799 ], [ 80.251747275687407, 12.9940683780047 ], [ 80.251783034025607, 12.994077242293598 ], [ 80.251809558581002, 12.9940838176403 ], [ 80.251835811845197, 12.9940903255878 ], [ 80.251835859455895, 12.994090337842099 ], [ 80.251841507164102, 12.994091737466597 ], [ 80.251874574149696, 12.994101850825301 ], [ 80.251874631641897, 12.994101868331599 ], [ 80.251881464227907, 12.9941039577021 ], [ 80.251912125525195, 12.9941121873883 ], [ 80.251944602317593, 12.994120906373801 ], [ 80.251976634444006, 12.994129504565899 ], [ 80.252008665672093, 12.994138102757701 ], [ 80.252012882364099, 12.994139233661098 ], [ 80.252040697798506, 12.994146700073898 ], [ 80.252072729026594, 12.994155298265099 ], [ 80.252090680060903, 12.994160116858302 ], [ 80.252104761153007, 12.994163895580696 ], [ 80.252122504676507, 12.994168659029098 ], [ 80.252135903048995, 12.994172255686399 ], [ 80.252159879083905, 12.994178691855998 ], [ 80.252167044046601, 12.9941806131659 ], [ 80.2521721877999, 12.994181995283697 ], [ 80.252181321869699, 12.994184447032698 ], [ 80.252198185942603, 12.9941889732711 ], [ 80.252204498404097, 12.9941906678752 ], [ 80.252226543959495, 12.994196584984298 ], [ 80.252260672753707, 12.994205745999299 ], [ 80.252286636760402, 12.994212715232997 ], [ 80.252302113834403, 12.994216869463401 ], [ 80.252313660779095, 12.994219968942899 ], [ 80.252316536286301, 12.994220740967899 ], [ 80.252344100192502, 12.994228139979299 ], [ 80.252358204640799, 12.9942319257032 ], [ 80.252369835128704, 12.994235047940499 ], [ 80.252395893458498, 12.994242041682098 ], [ 80.252403518358605, 12.994244088161198 ], [ 80.252425732797306, 12.994250050785197 ], [ 80.252452420846097, 12.994257215212098 ], [ 80.252481054645813, 12.9942649013247 ], [ 80.252517061817301, 12.994274566516799 ], [ 80.252529902335993, 12.994278012618899 ], [ 80.252541071089894, 12.994281010561503 ], [ 80.252542025999006, 12.994281266152498 ], [ 80.252571936304705, 12.9942871578754 ], [ 80.252572199511107, 12.994287210394099 ], [ 80.252603800446195, 12.994172897290204 ], [ 80.252625333063506, 12.994095005007601 ], [ 80.252630891838507, 12.994074464052 ], [ 80.252639150050896, 12.9940439506593 ], [ 80.252647695724207, 12.994010940871199 ], [ 80.2526686722844, 12.993929916668199 ], [ 80.252668689352404, 12.993929848393797 ], [ 80.252672193680297, 12.9939163300606 ], [ 80.252675662973999, 12.993902939522401 ], [ 80.252675687228503, 12.9939028467392 ], [ 80.252703644596707, 12.993794819959296 ], [ 80.25270514747821, 12.993789027135103 ], [ 80.252705754739395, 12.993786832724298 ], [ 80.252717684366303, 12.993743467942597 ], [ 80.252718878227299, 12.993739128137797 ], [ 80.252720492499904, 12.9937332591601 ], [ 80.252721134795294, 12.993730926449299 ], [ 80.252768870371199, 12.993557509252998 ], [ 80.2527773244163, 12.9935273397953 ], [ 80.252793619855595, 12.993468723487997 ], [ 80.252802807824295, 12.993435672483598 ], [ 80.252822390199199, 12.993365229775199 ], [ 80.252831645541605, 12.993331938045401 ], [ 80.252839349493499, 12.993304225569897 ], [ 80.252844566010296, 12.993281582041798 ], [ 80.252855063722706, 12.993236017504296 ], [ 80.252862078666794, 12.993199014419501 ], [ 80.25286285301452, 12.993194994095399 ], [ 80.252862869184199, 12.993194907439101 ], [ 80.252868812438095, 12.993163960657098 ], [ 80.252868891489896, 12.993163544006899 ], [ 80.252869677515804, 12.993159376629199 ], [ 80.252870048519995, 12.993157410670202 ], [ 80.252871460671599, 12.993148719661001 ], [ 80.252879654205302, 12.993098135162699 ], [ 80.252882598882806, 12.993075105601498 ], [ 80.252884195189097, 12.9930626209699 ], [ 80.252888528662012, 12.993028732234 ], [ 80.252894883344297, 12.992962347376599 ], [ 80.252894887835893, 12.992962304486102 ], [ 80.252902097714298, 12.992897860187798 ], [ 80.252907150737798, 12.992852682469898 ], [ 80.252915865294398, 12.992751943123199 ], [ 80.252915891345594, 12.992751639388201 ], [ 80.252916905543515, 12.9927357217466 ], [ 80.252917429261302, 12.992727496391302 ], [ 80.252918206304003, 12.992715291843799 ], [ 80.252920652416606, 12.992677065863099 ], [ 80.252923070681305, 12.9926392889144 ], [ 80.252928547709601, 12.992549174963997 ], [ 80.252935394668697, 12.992436519787899 ], [ 80.252937357487596, 12.992404234549698 ], [ 80.252940515065802, 12.992352280026399 ], [ 80.252943898121202, 12.992296622018801 ], [ 80.252945476461093, 12.992270653938094 ], [ 80.252951539191002, 12.992170909593096 ], [ 80.252955361522496, 12.992138646203401 ], [ 80.252959182955706, 12.992106383684801 ], [ 80.252964373421406, 12.992074305854301 ], [ 80.252969562988795, 12.992042228019796 ], [ 80.252971788115801, 12.9920315316143 ], [ 80.252973267641096, 12.992024421393001 ], [ 80.252986438739796, 12.991966285281398 ], [ 80.252987982045397, 12.991959472667 ], [ 80.252987990130293, 12.991959437654199 ], [ 80.252988087148296, 12.9919590096228 ], [ 80.252989747234906, 12.991951721709404 ], [ 80.252992990153103, 12.991937475002297 ], [ 80.252997997362499, 12.991915476460401 ], [ 80.253010769609219, 12.991883989446396 ], [ 80.253017003917293, 12.991868619699696 ], [ 80.253026567381795, 12.991845044699797 ], [ 80.253036048201395, 12.991816489124902 ], [ 80.253040301724198, 12.991803680561496 ], [ 80.253044924454699, 12.991792058931999 ], [ 80.253050926997403, 12.991776965780801 ], [ 80.253096007153303, 12.991684781383697 ], [ 80.253109432475199, 12.991663729916601 ], [ 80.253130305729215, 12.9916309999149 ], [ 80.253154438071007, 12.991595270183202 ], [ 80.253239345034999, 12.991469062845802 ], [ 80.253239358509717, 12.991469040962702 ], [ 80.253241129089105, 12.991466407120001 ], [ 80.2532426014279, 12.991464217940701 ], [ 80.253270261453807, 12.9914229421464 ], [ 80.253295067532008, 12.991385922160399 ], [ 80.253299095577802, 12.991379858805495 ], [ 80.253308478480903, 12.991365730234101 ], [ 80.2533123322535, 12.991360792542897 ], [ 80.253316054872002, 12.991356020287402 ], [ 80.253321640596496, 12.991348861903996 ], [ 80.253331337909898, 12.991336434081596 ], [ 80.253331240891896, 12.991336394692095 ], [ 80.253330738733695, 12.991336194243299 ], [ 80.253198220161295, 12.9912833764288 ], [ 80.253175797313403, 12.991274438513098 ], [ 80.253080185126194, 12.991236328728499 ] ] ] ] } },
{ "type": "Feature", "properties": { "id": null, "Name": null, "description": null, "timestamp": null, "begin": null, "end": null, "altitudeMode": null, "tessellate": -1, "extrude": 0, "visibility": -1, "drawOrder": null, "icon": null, "OBJECTID": 198.0, "OBJECTID_1": 203.0, "SLUM_NAME": "Gangai Amman Koil Street", "WARD_NO": 181.0, "ZONE_NO": 13, "SHAPE.AREA": 5704.961734, "SHAPE.LEN": 384.46613898765702, "total_area_sqm": 5380.538909355645, "area_outside_isochrone": 3705.0354249107195, "pct_outside": 0.68859931827059717, "outside_isochrone": true, "true_metro_dist": 1494.5811241023671, "metro_covered": false, "metro_covered_red_only": false, "metro_covered_either_line": false }, "geometry": { "type": "MultiPolygon", "coordinates": [ [ [ [ 80.261439080710105, 12.992515161862899 ], [ 80.261422632557299, 12.992365254871997 ], [ 80.261422628963999, 12.9923652251112 ], [ 80.261422603811198, 12.9923649984037 ], [ 80.261421074878598, 12.992351062458399 ], [ 80.261421068590394, 12.992351004687302 ], [ 80.261421064997094, 12.992350971425198 ], [ 80.261413217314796, 12.9922794360112 ], [ 80.261413174195695, 12.9922790491204 ], [ 80.261412304626404, 12.992271132737498 ], [ 80.2614122911517, 12.992271011943501 ], [ 80.261401678455016, 12.992174290950896 ], [ 80.261400485492302, 12.992163424739198 ], [ 80.261400637307503, 12.992163418611998 ], [ 80.261514815875103, 12.992162058365999 ], [ 80.261641681349403, 12.992160549315699 ], [ 80.261641817893306, 12.992160547565094 ], [ 80.261642183507604, 12.992160543188501 ], [ 80.261654246983596, 12.992160400511501 ], [ 80.261653471737503, 12.992125702857502 ], [ 80.261652248232096, 12.992066037586502 ], [ 80.261651153185795, 12.992012597574901 ], [ 80.261649929680402, 12.991952932276796 ], [ 80.261644247836202, 12.991953225509 ], [ 80.261644050206797, 12.991953235137501 ], [ 80.261643747474608, 12.9919532508933 ], [ 80.261588245963097, 12.9919561184412 ], [ 80.261582896495597, 12.991956395042301 ], [ 80.261528403792099, 12.991959210946398 ], [ 80.261515600104403, 12.9919598726882 ], [ 80.261468562519397, 12.991962303451398 ], [ 80.261452300317899, 12.991963142883201 ], [ 80.261451921228797, 12.991963163015498 ], [ 80.261417520245004, 12.991964940790098 ], [ 80.261408733823203, 12.991966055072302 ], [ 80.261322902492793, 12.991976937048401 ], [ 80.261291684240007, 12.991980894369295 ], [ 80.261278150221898, 12.991982610871396 ], [ 80.261269616226713, 12.991983692766599 ], [ 80.26122943817731, 12.991988787127701 ], [ 80.261215320254294, 12.991990410845899 ], [ 80.261213300841604, 12.991990643681 ], [ 80.261169656193502, 12.991995667141 ], [ 80.261166563293997, 12.991995958622502 ], [ 80.261112707495997, 12.992001029349698 ], [ 80.261109882294505, 12.992001295446901 ], [ 80.261063368427401, 12.992005676422099 ], [ 80.261058508541694, 12.992006132463699 ], [ 80.260990337191402, 12.992012552933598 ], [ 80.260930542631201, 12.992017117725698 ], [ 80.260881294292304, 12.992020575238399 ], [ 80.260870685188806, 12.992021320135397 ], [ 80.260800101862003, 12.992026276195297 ], [ 80.260809010454693, 12.992164310562199 ], [ 80.260809506324705, 12.9921654633575 ], [ 80.260821352408399, 12.992192961506898 ], [ 80.260821510511917, 12.992193323888998 ], [ 80.260821835702018, 12.992196261459698 ], [ 80.260821965059407, 12.992197435262499 ], [ 80.260822002788601, 12.992197782764197 ], [ 80.260827162711607, 12.992244815401897 ], [ 80.260829531569001, 12.9922664165199 ], [ 80.260846035417501, 12.9924168408836 ], [ 80.260846688492606, 12.992419353922298 ], [ 80.260847663164697, 12.992423118666098 ], [ 80.260850348229098, 12.992429065578101 ], [ 80.2608534815528, 12.992433731899498 ], [ 80.260853986406005, 12.992434484673097 ], [ 80.260858472592503, 12.992439223645796 ], [ 80.260858492355496, 12.9924392402769 ], [ 80.260863927162902, 12.992443317508899 ], [ 80.260869938688899, 12.992446401254799 ], [ 80.260869993486097, 12.992446424013002 ], [ 80.260872529430102, 12.9924472179266 ], [ 80.260876512560102, 12.992448467005598 ], [ 80.260880195652703, 12.992448965937001 ], [ 80.260883291247197, 12.992449385214298 ], [ 80.260889316247798, 12.992449242537496 ], [ 80.260895249620305, 12.992448208786801 ], [ 80.260900957515602, 12.992446311972298 ], [ 80.260904155518006, 12.992444692633699 ], [ 80.260906284525205, 12.992443611615801 ], [ 80.260906309678106, 12.992443594984799 ], [ 80.260918798057105, 12.992435195431499 ], [ 80.260928341758699, 12.992428781099703 ], [ 80.260932385075805, 12.9924268063818 ], [ 80.260944504247306, 12.992420892731799 ], [ 80.260946199368206, 12.992420378044697 ], [ 80.260961753697401, 12.992415666206499 ], [ 80.260961796816503, 12.9924156574533 ], [ 80.260975136798521, 12.992413835040699 ], [ 80.260979632866508, 12.992413222317902 ], [ 80.260982559577698, 12.9924279556746 ], [ 80.261010669659598, 12.992424387877502 ], [ 80.261039931381603, 12.992420673902197 ], [ 80.261069193103694, 12.992416959926899 ], [ 80.261060958247498, 12.992663822311398 ], [ 80.261060861229396, 12.992666725739101 ], [ 80.261060849551299, 12.992667067112899 ], [ 80.2610605674803, 12.992675537559098 ], [ 80.261060481242097, 12.992678112742698 ], [ 80.261060471360594, 12.992678430482902 ], [ 80.261055022180102, 12.992841749763798 ], [ 80.261158508999102, 12.992832181676096 ], [ 80.261158718306604, 12.9928321624192 ], [ 80.2611891424486, 12.992829348275601 ], [ 80.261189209822305, 12.992829342148401 ], [ 80.261189258331314, 12.9928293377718 ], [ 80.261419651947193, 12.9928080325599 ], [ 80.261439080710105, 12.992515161862899 ] ] ] ] } },
{ "type": "Feature", "properties": { "id": null, "Name": null, "description": null, "timestamp": null, "begin": null, "end": null, "altitudeMode": null, "tessellate": -1, "extrude": 0, "visibility": -1, "drawOrder": null, "icon": null, "OBJECTID": 199.0, "OBJECTID_1": 204.0, "SLUM_NAME": "Anbazhagan nagar", "WARD_NO": 180.0, "ZONE_NO": 13, "SHAPE.AREA": 11341.193766425, "SHAPE.LEN": 503.35427864677001, "total_area_sqm": 10696.921127936397, "area_outside_isochrone": 4491.5910108346652, "pct_outside": 0.41989568373130215, "outside_isochrone": false, "true_metro_dist": 999999.0, "metro_covered": false, "metro_covered_red_only": false, "metro_covered_either_line": false }, "geometry": { "type": "MultiPolygon", "coordinates": [ [ [ [ 80.241825928651707, 12.9862248025974 ], [ 80.241826665270196, 12.986148410781501 ], [ 80.241827241988602, 12.986118485519199 ], [ 80.241827808825605, 12.9860891125932 ], [ 80.241828356797896, 12.986060713917798 ], [ 80.2418289595674, 12.986029457251599 ], [ 80.241829515624602, 12.986000582384001 ], [ 80.241830109410998, 12.985969810649097 ], [ 80.241831243983199, 12.9859109903544 ], [ 80.241831955448902, 12.985874089468695 ], [ 80.241832869035505, 12.985826679227799 ], [ 80.241833682010906, 12.985784493892101 ], [ 80.241834480613207, 12.985743060467895 ], [ 80.241835042060202, 12.985713954476799 ], [ 80.241835351080695, 12.985697940971901 ], [ 80.241836275447099, 12.985650001115399 ], [ 80.241837403731097, 12.985591533508 ], [ 80.241838396369502, 12.9855400861337 ], [ 80.241839089868904, 12.985504089421701 ], [ 80.241839796842996, 12.985467423067398 ], [ 80.241839804927906, 12.985467015157697 ], [ 80.241839808521107, 12.9854668330864 ], [ 80.241839809419503, 12.985466768310998 ], [ 80.241840002557197, 12.985456779774699 ], [ 80.241840111253396, 12.985451104052002 ], [ 80.241840667310512, 12.985422280762398 ], [ 80.241841105688394, 12.985399541978698 ], [ 80.241841303317798, 12.985389324975101 ], [ 80.241841571913994, 12.985375356250701 ], [ 80.241841928545199, 12.985356847120801 ], [ 80.241842746012097, 12.985314466503802 ], [ 80.241843129592695, 12.985310261354597 ], [ 80.241846530614396, 12.985272961222998 ], [ 80.241847940071096, 12.985257504408199 ], [ 80.241848042479006, 12.985257476397198 ], [ 80.241848595841205, 12.985251274588499 ], [ 80.241849524699205, 12.985240526245297 ], [ 80.241850191249199, 12.985232819720601 ], [ 80.241852732583098, 12.985204945278198 ], [ 80.241853667729302, 12.985194708133697 ], [ 80.241857492755798, 12.985152735399296 ], [ 80.2418622924544, 12.9851001079704 ], [ 80.241864783482697, 12.9850698517017 ], [ 80.241867279900802, 12.985045400712401 ], [ 80.241869874235405, 12.985011953806898 ], [ 80.241747836307397, 12.985011598417099 ], [ 80.241747733899501, 12.985011598417101 ], [ 80.241736664858493, 12.985011565154 ], [ 80.241736554365701, 12.985011565154 ], [ 80.241691365513702, 12.985011432976998 ], [ 80.241633943404096, 12.9850112666616 ], [ 80.241519280644596, 12.985010931404698 ], [ 80.241470425767901, 12.985010788723597 ], [ 80.241430169565007, 12.9850106714274 ], [ 80.241403505770805, 12.984989113445698 ], [ 80.241367290190098, 12.984959833172596 ], [ 80.241358555870605, 12.984952772643497 ], [ 80.2413050046016, 12.984915845355101 ], [ 80.24127653788851, 12.984896215749602 ], [ 80.241244664763897, 12.984874236716996 ], [ 80.241203337769306, 12.984845740739498 ], [ 80.241173272054994, 12.984896497610601 ], [ 80.241202277757196, 12.984923093208998 ], [ 80.241233665791597, 12.984951875415298 ], [ 80.241264928960106, 12.984980542072799 ], [ 80.241288411819895, 12.985002265495398 ], [ 80.241304571613597, 12.985017212875698 ], [ 80.241311809339805, 12.985023908384401 ], [ 80.241310852634101, 12.985025014819698 ], [ 80.2413091611064, 12.985026966837401 ], [ 80.241308989528207, 12.985026968588198 ], [ 80.241265283794604, 12.985027272332598 ], [ 80.241264808585896, 12.9850272749587 ], [ 80.241264760076803, 12.9850272767093 ], [ 80.241202779915497, 12.985029563983998 ], [ 80.241204411256007, 12.985043580871698 ], [ 80.241204625953401, 12.985085388184499 ], [ 80.241204846938999, 12.985128729092899 ], [ 80.241203999827604, 12.985262999814497 ], [ 80.241198911769899, 12.985273825186997 ], [ 80.241187166297493, 12.9852993344439 ], [ 80.241159404762001, 12.985359819785996 ], [ 80.241155000322095, 12.985370000026398 ], [ 80.241116421274, 12.9853781547225 ], [ 80.241085819265507, 12.9853884154937 ], [ 80.241056772240796, 12.985399421181301 ], [ 80.241023721424895, 12.985408123841196 ], [ 80.241009000732305, 12.985412000735099 ], [ 80.241004531613697, 12.985412752654696 ], [ 80.240983746394704, 12.985416415089498 ], [ 80.240955240155799, 12.985421437807203 ], [ 80.240913865550397, 12.985428727662802 ], [ 80.240919845635304, 12.985466673774001 ], [ 80.240925783499307, 12.985503750664096 ], [ 80.240937714922893, 12.9855782554401 ], [ 80.240944510678005, 12.9856012034143 ], [ 80.240948257551096, 12.985613856486598 ], [ 80.240958875637702, 12.9856497175046 ], [ 80.240958907977117, 12.985649828673003 ], [ 80.240958925943403, 12.985649886445602 ], [ 80.240961566990293, 12.985652734808799 ], [ 80.240961595736394, 12.985652766321097 ], [ 80.240968652003005, 12.985660416810894 ], [ 80.240971003792396, 12.985662964056401 ], [ 80.240971260710594, 12.9856632415398 ], [ 80.240971313711199, 12.985663213528799 ], [ 80.240994231530706, 12.9856510804122 ], [ 80.240999621422404, 12.985648225921601 ], [ 80.240999659151697, 12.9856482985751 ], [ 80.241033044140806, 12.985711502644198 ], [ 80.241059169844306, 12.985760962957302 ], [ 80.241059208471796, 12.9857610408627 ], [ 80.241063138601206, 12.985779959622496 ], [ 80.241063207771504, 12.985780302756398 ], [ 80.241063214059693, 12.985780331642701 ], [ 80.241072127143894, 12.9857779962311 ], [ 80.241073860892399, 12.985777545430199 ], [ 80.241080948600001, 12.985775689705902 ], [ 80.241091481346714, 12.985772934130299 ], [ 80.241104090100094, 12.985769634092199 ], [ 80.241104162863607, 12.985769950090498 ], [ 80.241106758096393, 12.985780292252301 ], [ 80.241106882962299, 12.985780791196998 ], [ 80.241109491669803, 12.9857912130144 ], [ 80.241111704220401, 12.985800053964498 ], [ 80.241112337532712, 12.985802581951001 ], [ 80.241116272153604, 12.985818306586403 ], [ 80.241119991178905, 12.985833165508099 ], [ 80.241121325177104, 12.985844735771302 ], [ 80.241122953822696, 12.985858855903297 ], [ 80.241125867957507, 12.985884114752601 ], [ 80.241128428156117, 12.985906314281797 ], [ 80.241133909675895, 12.985953835675801 ], [ 80.241159137064002, 12.985957576007998 ], [ 80.241163751709706, 12.985990009141398 ], [ 80.241163813693404, 12.985990451188599 ], [ 80.241163818185001, 12.985990480950198 ], [ 80.241159395778794, 12.9860099310243 ], [ 80.241159390389001, 12.986009971289999 ], [ 80.241161515802901, 12.986026101195097 ], [ 80.241163643013493, 12.986042243353896 ], [ 80.2411657702241, 12.986058384636298 ], [ 80.2411678956381, 12.986074526793001 ], [ 80.241170169274, 12.986090599796801 ], [ 80.241170022848706, 12.986090668073302 ], [ 80.241171488000901, 12.986101791025499 ], [ 80.241171492492498, 12.986101819036399 ], [ 80.241172150059299, 12.986106809352599 ], [ 80.241174277269806, 12.986122951506202 ], [ 80.241176403582102, 12.986139092783299 ], [ 80.241178144517093, 12.986152306046 ], [ 80.241179897130294, 12.986165607717401 ], [ 80.241219767057501, 12.986160556128601 ], [ 80.241226726305996, 12.986192886820699 ], [ 80.241273648008203, 12.986195647643596 ], [ 80.241309652484802, 12.9861977659668 ], [ 80.241325361324201, 12.986198689450703 ], [ 80.241326317131694, 12.9861987454725 ], [ 80.241335370353099, 12.9861992785547 ], [ 80.241344840392799, 12.986199835271 ], [ 80.241352649447606, 12.986200294824597 ], [ 80.241360865439205, 12.9862007780124 ], [ 80.241368399609513, 12.9862012209345 ], [ 80.241376468277394, 12.9862016962442 ], [ 80.241395242168494, 12.9862028009235 ], [ 80.241413652241903, 12.986203883719298 ], [ 80.241458160171021, 12.986206501861698 ], [ 80.241506830893101, 12.986209365099198 ], [ 80.241561047813704, 12.986212553963297 ], [ 80.241614777847502, 12.9862157156919 ], [ 80.241624633264493, 12.986216295167001 ], [ 80.241643517648399, 12.9862174050983 ], [ 80.241664345088296, 12.986218627948396 ], [ 80.241664511276596, 12.9862186367018 ], [ 80.241693055244696, 12.986220315604097 ], [ 80.241706458108794, 12.986221100784199 ], [ 80.241706646755006, 12.986221109537599 ], [ 80.241711182348894, 12.986221306489098 ], [ 80.241720811390394, 12.9862217038935 ], [ 80.241721275819401, 12.986221724026297 ], [ 80.241731978347701, 12.986222040024099 ], [ 80.241748493874198, 12.9862225284638 ], [ 80.241774386015607, 12.986223287383698 ], [ 80.241774497406695, 12.986223290009701 ], [ 80.241783326947598, 12.986223556988399 ], [ 80.2418002781571, 12.986224058558298 ], [ 80.241807155658904, 12.986224263387902 ], [ 80.241825928651707, 12.9862248025974 ] ] ] ] } },
{ "type": "Feature", "properties": { "id": null, "Name": null, "description": null, "timestamp": null, "begin": null, "end": null, "altitudeMode": null, "tessellate": -1, "extrude": 0, "visibility": -1, "drawOrder": null, "icon": null, "OBJECTID": 200.0, "OBJECTID_1": 205.0, "SLUM_NAME": "Ranganathapuram", "WARD_NO": 180.0, "ZONE_NO": 13, "SHAPE.AREA": 28985.02378494, "SHAPE.LEN": 1617.5619384137301, "total_area_sqm": 27338.448884221438, "area_outside_isochrone": 15798.591082895467, "pct_outside": 0.5778890803133212, "outside_isochrone": true, "true_metro_dist": 1107.4039963930093, "metro_covered": false, "metro_covered_red_only": false, "metro_covered_either_line": false }, "geometry": { "type": "MultiPolygon", "coordinates": [ [ [ [ 80.252459910998894, 12.987899999160698 ], [ 80.252423711587895, 12.987827260630599 ], [ 80.252424149965819, 12.987827282513901 ], [ 80.252441585367094, 12.9878281657264 ], [ 80.252478338140307, 12.987830028437999 ], [ 80.252484293970696, 12.987797464244601 ], [ 80.252484910215003, 12.987794095081901 ], [ 80.252495004583807, 12.987749502909898 ], [ 80.252501957544098, 12.987718782161098 ], [ 80.252518736276997, 12.987644657922498 ], [ 80.252535519501393, 12.987570517030399 ], [ 80.252552305420821, 12.987496365612103 ], [ 80.252568052887796, 12.9874268000562 ], [ 80.252568105888315, 12.987426568967596 ], [ 80.252569090441895, 12.9874222159224 ], [ 80.252591710020795, 12.987426713397998 ], [ 80.252591980413698, 12.987426767668801 ], [ 80.252594392390193, 12.987427247352899 ], [ 80.252619695236802, 12.987432277907899 ], [ 80.252642323798796, 12.987436777134 ], [ 80.252648115237506, 12.987409146282298 ], [ 80.252648152068403, 12.987408968589097 ], [ 80.252650108599099, 12.987399634006799 ], [ 80.252657910467306, 12.987362398088401 ], [ 80.252635082479301, 12.9873578594708 ], [ 80.252629879437194, 12.987356823948298 ], [ 80.252629621620699, 12.987356773178799 ], [ 80.252609779632706, 12.987352828039 ], [ 80.252584477684394, 12.987347797482302 ], [ 80.252598416842716, 12.987273160185898 ], [ 80.252605350938396, 12.987236034540897 ], [ 80.252612357797602, 12.9871985211163 ], [ 80.252587054950993, 12.987193489681198 ], [ 80.252595259264396, 12.987149564408 ], [ 80.252601005787298, 12.987118791064802 ], [ 80.252626308633893, 12.987123822501401 ], [ 80.252651610582205, 12.987128853938001 ], [ 80.252676912530504, 12.9871338853744 ], [ 80.252704640828398, 12.987139399121299 ], [ 80.252720230191812, 12.987065008607301 ], [ 80.252690866960194, 12.987059170108701 ], [ 80.252665565011895, 12.987054138670697 ], [ 80.252679521238093, 12.986979416378299 ], [ 80.252683146838606, 12.986959998767501 ], [ 80.252693472972794, 12.986904708944202 ], [ 80.252668171024496, 12.986899679253801 ], [ 80.252642869076197, 12.9868946478126 ], [ 80.252617561738006, 12.986889615496002 ], [ 80.252592902983494, 12.986884712729299 ], [ 80.252592816745207, 12.986884701349899 ], [ 80.252592742185001, 12.986884680341801 ], [ 80.252595206263805, 12.986876966865401 ], [ 80.252599799349895, 12.986862583314601 ], [ 80.252601665150706, 12.986857406566498 ], [ 80.2526032497789, 12.986853010619802 ], [ 80.252605954606196, 12.9868485665294 ], [ 80.252608521092995, 12.986844348276101 ], [ 80.252615386916702, 12.986836773977197 ], [ 80.252620763333695, 12.9868327369187 ], [ 80.252623080088796, 12.986831006375596 ], [ 80.252623541822899, 12.986830650112998 ], [ 80.252628228333705, 12.986828317337402 ], [ 80.252632753147793, 12.986826065968202 ], [ 80.252635092360805, 12.986825436600098 ], [ 80.252642720854212, 12.986823383057301 ], [ 80.252660135594297, 12.986820595105797 ], [ 80.252678779229697, 12.986817618081298 ], [ 80.252681126527506, 12.986792219272898 ], [ 80.252683653488404, 12.986764909598598 ], [ 80.252683683132801, 12.986764679384599 ], [ 80.252683993051605, 12.9867646102329 ], [ 80.252691028656898, 12.986763042502298 ], [ 80.252691105013696, 12.986763039876198 ], [ 80.252700950549198, 12.986761655091199 ], [ 80.252713671591906, 12.986759873777995 ], [ 80.252744038241801, 12.986755612631599 ], [ 80.252744044530004, 12.9867555636127 ], [ 80.252747945913299, 12.9867282889479 ], [ 80.252750753148604, 12.986708659485595 ], [ 80.252755029129304, 12.986678774556399 ], [ 80.252759719233396, 12.986645978247299 ], [ 80.252764288064995, 12.986614042391897 ], [ 80.252768686216598, 12.986583293491901 ], [ 80.252776587797797, 12.986520882701699 ], [ 80.252794775987397, 12.986523097309499 ], [ 80.252800385966296, 12.986496570158799 ], [ 80.252807576980103, 12.986462565857499 ], [ 80.252815553121593, 12.9864635374841 ], [ 80.252820536974795, 12.986435180867799 ], [ 80.252826001426698, 12.986404089687898 ], [ 80.252836762345396, 12.9863440772834 ], [ 80.252843088281693, 12.986344845831599 ], [ 80.252852496337596, 12.986282234528797 ], [ 80.252862807200501, 12.986219744882298 ], [ 80.252868022819001, 12.986190332577998 ], [ 80.2528737666469, 12.9861579458638 ], [ 80.252915857209601, 12.986163069230599 ], [ 80.252953333126598, 12.986167632379498 ], [ 80.252957848059197, 12.986145624573201 ], [ 80.252963302629595, 12.9861190825014 ], [ 80.252964706696403, 12.986104257734999 ], [ 80.252965401992398, 12.986096968774499 ], [ 80.252965431636795, 12.986096935511595 ], [ 80.252965450501407, 12.986096510096099 ], [ 80.252968343076702, 12.986039268070702 ], [ 80.252968415840201, 12.986038974831599 ], [ 80.252969891772196, 12.986032134043699 ], [ 80.252986194398005, 12.9859570508034 ], [ 80.2529965223288, 12.9859094768895 ], [ 80.253061056400497, 12.985686818876996 ], [ 80.253007797982207, 12.985674903721701 ], [ 80.253025006109894, 12.985604950754595 ], [ 80.253008098917903, 12.985601168400601 ], [ 80.253030291797003, 12.985518373262202 ], [ 80.253076184928204, 12.985528640155 ], [ 80.253094814190604, 12.985452896754097 ], [ 80.253088060656296, 12.9854513867877 ], [ 80.2531284228603, 12.985285663331197 ], [ 80.253151066693704, 12.985290729818701 ], [ 80.2531771717358, 12.985178663082998 ], [ 80.253173334132896, 12.985177805246098 ], [ 80.253183420416903, 12.9851250929141 ], [ 80.253176259047507, 12.985123491034697 ], [ 80.253188352167896, 12.9850696775082 ], [ 80.253201556504195, 12.985071971785196 ], [ 80.253216403859199, 12.984995492955798 ], [ 80.253191644493398, 12.984989525732896 ], [ 80.253211277173918, 12.9849118240215 ], [ 80.253130371306199, 12.984899532430898 ], [ 80.253130342560098, 12.984899505295202 ], [ 80.253129922148503, 12.9848992934617 ], [ 80.253119880780304, 12.9848939538587 ], [ 80.253129641874096, 12.984855716170202 ], [ 80.253140023703907, 12.984814996872702 ], [ 80.253140072212901, 12.984814806922801 ], [ 80.2531421652875, 12.984806510402301 ], [ 80.253147374617896, 12.984785896900199 ], [ 80.253147473432506, 12.984785906528996 ], [ 80.253147534518007, 12.984785911781099 ], [ 80.253159116496903, 12.984786977951501 ], [ 80.253286531740201, 12.984815772428396 ], [ 80.253286625165003, 12.984815789935297 ], [ 80.253312134624096, 12.984710393117499 ], [ 80.253324337339009, 12.984659968839797 ], [ 80.253343538828105, 12.9845824744823 ], [ 80.253349936629604, 12.984556655279302 ], [ 80.253351934482794, 12.9845485898416 ], [ 80.25336666056522, 12.9844925379304 ], [ 80.253377771827004, 12.984450244700598 ], [ 80.253379799324605, 12.9844425267719 ], [ 80.253380384127794, 12.984440299890698 ], [ 80.253385891698812, 12.984419337970399 ], [ 80.253389458908799, 12.9844057613467 ], [ 80.253390428190997, 12.984401825788899 ], [ 80.253390437174204, 12.984401781146198 ], [ 80.253392771895605, 12.984392313398301 ], [ 80.253395413840906, 12.984381593028997 ], [ 80.253400564780705, 12.984360689751901 ], [ 80.2534098407843, 12.984322518507797 ], [ 80.253422658845096, 12.984269774481799 ], [ 80.253434556132703, 12.984220820697798 ], [ 80.253437316655607, 12.984209463943804 ], [ 80.253444856215793, 12.984178439011702 ], [ 80.253446237824704, 12.984172754506398 ], [ 80.253455062873996, 12.984136439845198 ], [ 80.253458504319894, 12.984122254839598 ], [ 80.253463799888493, 12.9841004184202 ], [ 80.253467824341001, 12.9840838262066 ], [ 80.253472921381899, 12.984062813485998 ], [ 80.253478923026307, 12.984038790442698 ], [ 80.253485122300106, 12.984013970830501 ], [ 80.253501427620805, 12.983948702258699 ], [ 80.2535050613061, 12.983933598126798 ], [ 80.2535129844469, 12.983900673654603 ], [ 80.253513805507097, 12.983897259796304 ], [ 80.253514586143098, 12.983894018381701 ], [ 80.253531073821804, 12.9838162357957 ], [ 80.253576372268299, 12.983607501839797 ], [ 80.253579618779796, 12.983592539493801 ], [ 80.253593007270794, 12.9835308439883 ], [ 80.253597565322494, 12.9835098399745 ], [ 80.253605139916999, 12.9834749485352 ], [ 80.253607903134807, 12.983462210445099 ], [ 80.253612338117307, 12.983441772776802 ], [ 80.253613075634206, 12.983438318646103 ], [ 80.253614283868203, 12.983432663885701 ], [ 80.2536143602251, 12.9834323049923 ], [ 80.253615963717806, 12.983424797991297 ], [ 80.2536170749338, 12.983419596661898 ], [ 80.253619025176306, 12.983410472888998 ], [ 80.253619047634203, 12.9834103941075 ], [ 80.253621311388699, 12.9833997699844 ], [ 80.253622410028299, 12.983394629928998 ], [ 80.253623408056598, 12.983389951182899 ], [ 80.253625413994598, 12.983380563928602 ], [ 80.253645554223297, 12.983286285203604 ], [ 80.253646159687804, 12.983283449943501 ], [ 80.253646748982618, 12.983280979704498 ], [ 80.253647097528997, 12.983279519619998 ], [ 80.253649213061493, 12.983270649693596 ], [ 80.253651934956693, 12.983259242125801 ], [ 80.2536521137215, 12.983258492825797 ], [ 80.253654276864694, 12.983249425944802 ], [ 80.253659975776898, 12.983225534125401 ], [ 80.253663188152302, 12.983212069481397 ], [ 80.2536637055819, 12.983209848716699 ], [ 80.253664182587301, 12.983207801271398 ], [ 80.253668712791296, 12.983188350977898 ], [ 80.253669322747399, 12.983185731928399 ], [ 80.2536711984297, 12.983177675199601 ], [ 80.253676012501302, 12.983157009041401 ], [ 80.2536806612829, 12.983137051915699 ], [ 80.2536806792492, 12.9831369748848 ], [ 80.253681273933907, 12.983134489763398 ], [ 80.2536817383629, 12.983132547359601 ], [ 80.253681891076496, 12.9831319127301 ], [ 80.2536855660844, 12.983115731866798 ], [ 80.253695315500195, 12.9830728160281 ], [ 80.253717308054902, 12.982976007420401 ], [ 80.253723183935193, 12.982950142532099 ], [ 80.253723261190302, 12.9829497906408 ], [ 80.253726614601206, 12.982934610292599 ], [ 80.253727226354002, 12.982931841555198 ], [ 80.253727444644596, 12.9829308532832 ], [ 80.253727797682501, 12.982930131993399 ], [ 80.253728516334718, 12.9829286614025 ], [ 80.253736085539302, 12.9829131790567 ], [ 80.2537366029689, 12.982912120756399 ], [ 80.253736687410594, 12.982912006085298 ], [ 80.253737505775803, 12.982910897014699 ], [ 80.253744329378705, 12.982901639294399 ], [ 80.253749337486397, 12.982894843062999 ], [ 80.253749503674698, 12.982894619848301 ], [ 80.253750852944293, 12.982893184271296 ], [ 80.253756367701797, 12.982887317663399 ], [ 80.253756367701797, 12.982887251136601 ], [ 80.253756365905204, 12.982886704041697 ], [ 80.253756280565199, 12.982857161790699 ], [ 80.253759179428599, 12.9828411419743 ], [ 80.253762078292098, 12.982825121281399 ], [ 80.253763688971404, 12.982816220701601 ], [ 80.253764977155498, 12.9828091005876 ], [ 80.253764983443702, 12.982809065573498 ], [ 80.253765277192812, 12.982807444421402 ], [ 80.253767875120602, 12.982793079892696 ], [ 80.253770279910597, 12.982779792921795 ], [ 80.253772795193399, 12.982765890577499 ], [ 80.253772846397396, 12.982765609589402 ], [ 80.253773473421404, 12.982762144069801 ], [ 80.253773911799314, 12.982759718468598 ], [ 80.2537749924726, 12.982753745939899 ], [ 80.253776709153101, 12.9827442641235 ], [ 80.253777808690998, 12.9827381804247 ], [ 80.253779953867905, 12.982726321150599 ], [ 80.253781514241496, 12.982717700679899 ], [ 80.253784478681993, 12.9827013202093 ], [ 80.25378502845092, 12.982698278359297 ], [ 80.253785553067004, 12.9826953809425 ], [ 80.253786525044205, 12.982690002776598 ], [ 80.253786533129002, 12.982689959009001 ], [ 80.253786541213898, 12.982689916116701 ], [ 80.253790477631398, 12.982668158353199 ], [ 80.253791630169999, 12.9826617875369 ], [ 80.253794287386597, 12.982647103495996 ], [ 80.253806973395001, 12.982576990362301 ], [ 80.2538136460809, 12.982540109989802 ], [ 80.253826625838499, 12.982468376546899 ], [ 80.253832136104407, 12.9824379212526 ], [ 80.253837602352903, 12.982407706676703 ], [ 80.253848709123105, 12.982346321627702 ], [ 80.253858279774093, 12.9822934257461 ], [ 80.253862687807299, 12.982277757785701 ], [ 80.253932466243597, 12.982292123219501 ], [ 80.2539386861786, 12.982252508198698 ], [ 80.253944664466815, 12.9822144250415 ], [ 80.253949257552904, 12.982185169826696 ], [ 80.253965551195506, 12.9820813781691 ], [ 80.2539655997045, 12.982080909854398 ], [ 80.253966454900706, 12.982072647381401 ], [ 80.253967233739999, 12.982065113203401 ], [ 80.253966984906697, 12.9820650361721 ], [ 80.253827213336706, 12.982022207687399 ], [ 80.253827163031005, 12.982022192806401 ], [ 80.253826653686204, 12.982022063253899 ], [ 80.253781454054405, 12.9820106284927 ], [ 80.253775029303512, 12.982009003834001 ], [ 80.253750550212004, 12.9820054691507 ], [ 80.253744457837797, 12.982004589419001 ], [ 80.253719535876812, 12.9820009908348 ], [ 80.253688521541605, 12.981996513394199 ], [ 80.253657507206398, 12.981992035077997 ], [ 80.253578464444601, 12.9819806221994 ], [ 80.253576338132305, 12.981987768597799 ], [ 80.253554999551099, 12.982026000600101 ], [ 80.253525000312194, 12.982033999592797 ], [ 80.253521000114205, 12.982041000680699 ], [ 80.253511054865697, 12.9820760069928 ], [ 80.253507378959597, 12.982088946485501 ], [ 80.253495999999799, 12.982129000084999 ], [ 80.253465000037707, 12.982255000331698 ], [ 80.253465000936004, 12.9822557601391 ], [ 80.253465000037707, 12.982255897569598 ], [ 80.253465000037707, 12.982429999303998 ], [ 80.253448720768105, 12.982489956631198 ], [ 80.253435219089397, 12.982539681942196 ], [ 80.253424000029796, 12.982580999478602 ], [ 80.253422155788513, 12.982623138964499 ], [ 80.253411337377599, 12.9826938980954 ], [ 80.253407151228302, 12.982731975926999 ], [ 80.253406799987104, 12.982735170087897 ], [ 80.253403229183803, 12.982748255730202 ], [ 80.253387984773397, 12.982804127712198 ], [ 80.253387719770402, 12.982805100228399 ], [ 80.253387593108002, 12.9828052385341 ], [ 80.253358447268596, 12.982837226524797 ], [ 80.253352000059806, 12.982845000525899 ], [ 80.253332999793201, 12.982866000219099 ], [ 80.253327999770306, 12.982894000099199 ], [ 80.253327999770306, 12.982919000145698 ], [ 80.253284000287707, 12.9830990004066 ], [ 80.253283088497696, 12.983106720127797 ], [ 80.253275635175797, 12.983169859192101 ], [ 80.253267000569295, 12.9832429999963 ], [ 80.253254999975397, 12.983388000027599 ], [ 80.253236000607103, 12.983492999997498 ], [ 80.253212000317703, 12.983577000291501 ], [ 80.253161209571502, 12.983709301441202 ], [ 80.253144359871797, 12.983753609849998 ], [ 80.253135346176194, 12.983788615920799 ], [ 80.253132131105801, 12.9838010975171 ], [ 80.253119607692398, 12.983851150821398 ], [ 80.253081999723094, 12.984007999207199 ], [ 80.253052018450404, 12.984147601400199 ], [ 80.253050399686302, 12.984156810054596 ], [ 80.253028177162804, 12.9842310622592 ], [ 80.253024847107994, 12.984242191421998 ], [ 80.253016919475698, 12.984268679422799 ], [ 80.252968680843196, 12.984462090762195 ], [ 80.252945845668705, 12.984555017506999 ], [ 80.252944771283609, 12.984559389860097 ], [ 80.252918281762504, 12.984667153676298 ], [ 80.252898623030802, 12.984717863315202 ], [ 80.252877999508499, 12.984771999920198 ], [ 80.252860999790101, 12.984870000047897 ], [ 80.252841000597002, 12.984984000558804 ], [ 80.252827000353193, 12.985069999634899 ], [ 80.252778999774421, 12.985250000088296 ], [ 80.252748999637106, 12.985387000064 ], [ 80.252736847228007, 12.985438648798898 ], [ 80.252733000641896, 12.985455000202798 ], [ 80.252729785571503, 12.985463485775698 ], [ 80.2527196983892, 12.9854901154518 ], [ 80.252708000527605, 12.985520999289898 ], [ 80.252726999895799, 12.985549999387198 ], [ 80.252690999910811, 12.985565999771504 ], [ 80.252685000062996, 12.985580999638399 ], [ 80.252663000321704, 12.985613000401898 ], [ 80.252627000336702, 12.985639000690998 ], [ 80.252603999872207, 12.9856570003508 ], [ 80.252578692534001, 12.9856766832921 ], [ 80.252577360332396, 12.985678349943299 ], [ 80.252575779297501, 12.985684107067598 ], [ 80.252570000435298, 12.985713000354101 ], [ 80.252572000085095, 12.9858489995593 ], [ 80.252568075345593, 12.985870366642001 ], [ 80.252567085402205, 12.985875756993901 ], [ 80.252556435874496, 12.985933346567299 ], [ 80.252549999445506, 12.985968000443998 ], [ 80.252516999833503, 12.986044000162698 ], [ 80.252476388796197, 12.986129282843498 ], [ 80.252456999559101, 12.9861700001749 ], [ 80.2524618576481, 12.9862155187403 ], [ 80.252464568763699, 12.9862653054549 ], [ 80.252474000175809, 12.986272000054697 ], [ 80.252476967311196, 12.986286243585399 ], [ 80.252486321468297, 12.986350386731594 ], [ 80.252496000815498, 12.986390000223698 ], [ 80.252479078352096, 12.986408060227598 ], [ 80.252469930807607, 12.9864614042824 ], [ 80.252460957536201, 12.9865137373091 ], [ 80.252455999734195, 12.986540999742598 ], [ 80.252417999201, 12.986601000720199 ], [ 80.252352999802, 12.986710999265096 ], [ 80.252277000532303, 12.986960000518197 ], [ 80.252264000113499, 12.9870020000828 ], [ 80.252257431632202, 12.9870360358223 ], [ 80.252253711708605, 12.987056846088496 ], [ 80.252248816788594, 12.987084207375601 ], [ 80.252243386472699, 12.987119230484 ], [ 80.252242560022694, 12.987124560410498 ], [ 80.252234433862597, 12.987146807972399 ], [ 80.252229541637504, 12.987189319577299 ], [ 80.252213000059896, 12.987204999482801 ], [ 80.252209999686897, 12.987285999619703 ], [ 80.252201508810799, 12.9873343444411 ], [ 80.252185679597204, 12.987380249691601 ], [ 80.252186604861905, 12.987386955640698 ], [ 80.252191000318604, 12.987418999938402 ], [ 80.252183021482296, 12.987450561046602 ], [ 80.252180279824003, 12.987461160487101 ], [ 80.252158460644097, 12.987510848039202 ], [ 80.252158825360098, 12.987512402635097 ], [ 80.252161000181403, 12.987539000579503 ], [ 80.252189999595402, 12.987549000411502 ], [ 80.2522020001893, 12.987564999791699 ], [ 80.252213000059896, 12.987579999537898 ], [ 80.252228000128497, 12.987595000158597 ], [ 80.2522279992302, 12.987619999732098 ], [ 80.2522260004787, 12.987645999811201 ], [ 80.2522170002579, 12.987662999692997 ], [ 80.252208000037001, 12.987674000027896 ], [ 80.252193999793306, 12.9876940005559 ], [ 80.252173999701895, 12.987720000627197 ], [ 80.252167000029203, 12.987746000695701 ], [ 80.252167388999695, 12.987770357758494 ], [ 80.252171778168105, 12.987794440839098 ], [ 80.2521761817097, 12.987814144618998 ], [ 80.252176084691612, 12.987846564380099 ], [ 80.252176000250003, 12.987846565255399 ], [ 80.252175999351707, 12.9878509996992 ], [ 80.252173999701895, 12.987864000164699 ], [ 80.25216300072951, 12.9878779993858 ], [ 80.252151000135598, 12.987890999849901 ], [ 80.252159000531606, 12.987891999481498 ], [ 80.252199440889001, 12.987898471702598 ], [ 80.252209105863201, 12.987899958019998 ], [ 80.252228918206796, 12.987901590518197 ], [ 80.252258396422803, 12.987904018695199 ], [ 80.252287836011305, 12.987905862148896 ], [ 80.252309000319414, 12.987905999576396 ], [ 80.2523172630234, 12.987905734350196 ], [ 80.252346690035495, 12.9879047881139 ], [ 80.252376117945815, 12.987903841002398 ], [ 80.2524381538027, 12.987901845240499 ], [ 80.252437985817807, 12.987901415451402 ], [ 80.252452915817798, 12.987900625024603 ], [ 80.252459990050596, 12.987900256508899 ], [ 80.252460034966404, 12.987900248630901 ], [ 80.252459910998894, 12.987899999160698 ] ] ] ] } },
{ "type": "Feature", "properties": { "id": null, "Name": null, "description": null, "timestamp": null, "begin": null, "end": null, "altitudeMode": null, "tessellate": -1, "extrude": 0, "visibility": -1, "drawOrder": null, "icon": null, "OBJECTID": 203.0, "OBJECTID_1": 208.0, "SLUM_NAME": "Jayanthi Periyar -Tenement", "WARD_NO": 180.0, "ZONE_NO": 13, "SHAPE.AREA": 6016.6671968600003, "SHAPE.LEN": 362.03649488830899, "total_area_sqm": 5674.6736073634229, "area_outside_isochrone": 1838.5804814892699, "pct_outside": 0.32399757390513856, "outside_isochrone": false, "true_metro_dist": 309.74586648900009, "metro_covered": true, "metro_covered_red_only": false, "metro_covered_either_line": true }, "geometry": { "type": "MultiPolygon", "coordinates": [ [ [ [ 80.253267954580096, 12.989211101868598 ], [ 80.253268145023, 12.989147549433296 ], [ 80.253245792243703, 12.989147485534199 ], [ 80.253244725045207, 12.989122893142801 ], [ 80.253162159989103, 12.989121300042498 ], [ 80.253112515493299, 12.989120344182197 ], [ 80.2530223551815, 12.989120912271304 ], [ 80.253020574720594, 12.989127130614698 ], [ 80.2529934321242, 12.9891270527103 ], [ 80.252966470089305, 12.989117483604199 ], [ 80.252941001054396, 12.989116958406196 ], [ 80.252846916003094, 12.989128620426101 ], [ 80.2528471783112, 12.9891428147745 ], [ 80.252834253350912, 12.989142778010601 ], [ 80.252795315874906, 12.989146190921497 ], [ 80.252795579081194, 12.989134349459798 ], [ 80.252699590499901, 12.989146820283597 ], [ 80.252659311839196, 12.989151024492497 ], [ 80.252626119987696, 12.989155377507396 ], [ 80.252530820414194, 12.989166324381102 ], [ 80.252486222653602, 12.989181101696898 ], [ 80.252389881034304, 12.989184802590701 ], [ 80.252344534078802, 12.9891544225227 ], [ 80.252344418196103, 12.989154421647299 ], [ 80.252293674162303, 12.989154205440899 ], [ 80.252293683145496, 12.989148849297997 ], [ 80.252215668954605, 12.989146041240099 ], [ 80.252215102117702, 12.989154105653297 ], [ 80.2521926747783, 12.989154040878899 ], [ 80.2521877915364, 12.989210346459199 ], [ 80.252182410627896, 12.989253129063099 ], [ 80.252175719975597, 12.989306318449001 ], [ 80.252175273512904, 12.989311948566501 ], [ 80.252168372654907, 12.989398779457501 ], [ 80.252170338168796, 12.9894618766576 ], [ 80.252165943610393, 12.989469288065395 ], [ 80.252163228901594, 12.989473866034198 ], [ 80.252163200155493, 12.989473914177296 ], [ 80.252159061616993, 12.989480894922998 ], [ 80.252156666708402, 12.989484933689198 ], [ 80.252156583165103, 12.9894850737418 ], [ 80.252128436252306, 12.989532549809399 ], [ 80.252132481366104, 12.989577942586703 ], [ 80.252123362567602, 12.989579837672398 ], [ 80.252124270764398, 12.9896287247508 ], [ 80.252248156526903, 12.989618323226896 ], [ 80.252405049087898, 12.9896041289057 ], [ 80.252530312866099, 12.989590296094201 ], [ 80.252630104914303, 12.989577204685002 ], [ 80.252675820179121, 12.989570193305399 ], [ 80.2527655735541, 12.9895575246787 ], [ 80.252802541024707, 12.9895521169002 ], [ 80.252931388182503, 12.989535129402199 ], [ 80.253005774077906, 12.989525580444399 ], [ 80.253119944560694, 12.989509364109002 ], [ 80.253241729163705, 12.989489554548797 ], [ 80.253287062644503, 12.989483356346996 ], [ 80.253289613859906, 12.989469081487901 ], [ 80.253336698157199, 12.989461803129997 ], [ 80.253330846531497, 12.9894356588118 ], [ 80.253319515182497, 12.989385725677298 ], [ 80.253333514527895, 12.9893824213106 ], [ 80.253331198671106, 12.989368582359399 ], [ 80.253325337163901, 12.989345422903599 ], [ 80.253312104979699, 12.989314449382 ], [ 80.253309943633099, 12.9893093882285 ], [ 80.253309857394896, 12.989309186902801 ], [ 80.253294639035602, 12.989273565377996 ], [ 80.253291625187899, 12.989266510223398 ], [ 80.253291457202906, 12.989266118075898 ], [ 80.253267954580096, 12.989211101868598 ] ] ] ] } },
{ "type": "Feature", "properties": { "id": null, "Name": null, "description": null, "timestamp": null, "begin": null, "end": null, "altitudeMode": null, "tessellate": -1, "extrude": 0, "visibility": -1, "drawOrder": null, "icon": null, "OBJECTID": 204.0, "OBJECTID_1": 209.0, "SLUM_NAME": "Valluvar Nagar", "WARD_NO": 180.0, "ZONE_NO": 13, "SHAPE.AREA": 6282.5561158749997, "SHAPE.LEN": 341.89741947520798, "total_area_sqm": 5925.4355919325017, "area_outside_isochrone": 1212.175087958627, "pct_outside": 0.20457147312663512, "outside_isochrone": false, "true_metro_dist": 246.36766033939216, "metro_covered": true, "metro_covered_red_only": false, "metro_covered_either_line": true }, "geometry": { "type": "MultiPolygon", "coordinates": [ [ [ [ 80.254085317284094, 12.9898687807363 ], [ 80.254085549049407, 12.989826188184502 ], [ 80.254085748475504, 12.9897894007976 ], [ 80.25408584100191, 12.989789372787099 ], [ 80.254086849809994, 12.9897890664224 ], [ 80.254132942367207, 12.989775078688298 ], [ 80.254133300795004, 12.989774958768399 ], [ 80.254133375355195, 12.989774947389099 ], [ 80.254179112179614, 12.989709010705202 ], [ 80.254181772091101, 12.989705175894002 ], [ 80.254184007997793, 12.989701952937001 ], [ 80.254187974059803, 12.9896962352956 ], [ 80.254197127892596, 12.989683038852498 ], [ 80.254197419844999, 12.989682603814602 ], [ 80.254198578671705, 12.989680875917299 ], [ 80.254200371709103, 12.9896782026659 ], [ 80.254202887890202, 12.9896744089947 ], [ 80.254213295771095, 12.989658728369696 ], [ 80.254213618266206, 12.989658243438098 ], [ 80.254213654198793, 12.989658189167701 ], [ 80.254216763268104, 12.989653505287702 ], [ 80.254216962694102, 12.989653330221996 ], [ 80.254225009802397, 12.989646382743599 ], [ 80.254230016113397, 12.989642057747799 ], [ 80.254230635951004, 12.989641522047 ], [ 80.254233432406494, 12.989639100014402 ], [ 80.2542387333649, 12.989634510669299 ], [ 80.254246876593001, 12.989627459026401 ], [ 80.254250976503997, 12.989623871931798 ], [ 80.254255106059318, 12.989620256826697 ], [ 80.254257759682702, 12.989612888314502 ], [ 80.254261700591798, 12.989601948463198 ], [ 80.25426253602501, 12.989599655978701 ], [ 80.254265758282003, 12.9895906829893 ], [ 80.254266510171902, 12.9895885979574 ], [ 80.254268799977496, 12.989582240448398 ], [ 80.254272349221196, 12.989572386878097 ], [ 80.254274614772299, 12.9895661072729 ], [ 80.254276440148999, 12.9895610347453 ], [ 80.2542784748331, 12.989555387126897 ], [ 80.254279408182697, 12.989552796154998 ], [ 80.254282760695403, 12.989543231441896 ], [ 80.254288840493203, 12.989525883307998 ], [ 80.254298397669501, 12.989498011973298 ], [ 80.254298503670697, 12.989497705608304 ], [ 80.254325601351198, 12.989460968941801 ], [ 80.254325940914399, 12.9894605260255 ], [ 80.2543313658404, 12.9894531741398 ], [ 80.254337513910201, 12.9894448418857 ], [ 80.254338866772997, 12.989443696955698 ], [ 80.254341553634106, 12.989441418475 ], [ 80.254342089030018, 12.989440970306699 ], [ 80.254364266637694, 12.989422589277702 ], [ 80.254369250490896, 12.989418458601 ], [ 80.254386218768303, 12.989404391190998 ], [ 80.254385863933805, 12.989404139096299 ], [ 80.254241990656212, 12.989301462122402 ], [ 80.254141707229493, 12.989228209308898 ], [ 80.254127030554301, 12.989217489148299 ], [ 80.254114439767307, 12.9892082929361 ], [ 80.254114384970094, 12.989208252670903 ], [ 80.254050375514495, 12.989234214944499 ], [ 80.254005978078197, 12.989252223097198 ], [ 80.2539987556233, 12.989255152824699 ], [ 80.253997309335702, 12.989255739295398 ], [ 80.253968734824795, 12.989268316027898 ], [ 80.253956075765899, 12.989273887499202 ], [ 80.253939998617199, 12.9892809645368 ], [ 80.253867734542496, 12.989312773126597 ], [ 80.253779366369699, 12.989346446163296 ], [ 80.253736813174697, 12.989362661634001 ], [ 80.253678689480907, 12.989387831718801 ], [ 80.253621933921195, 12.989412410953996 ], [ 80.253610085142611, 12.9894175395057 ], [ 80.253604499418202, 12.989419957163902 ], [ 80.253604458994005, 12.989419985174397 ], [ 80.253604207465699, 12.989420154112898 ], [ 80.253591389404903, 12.9894287971095 ], [ 80.253591339997598, 12.989428830371997 ], [ 80.253553168784507, 12.989395517981997 ], [ 80.253514934689406, 12.989362160945801 ], [ 80.253514881688801, 12.989362113678002 ], [ 80.253514844857904, 12.989362147815799 ], [ 80.253511260579899, 12.989365478442798 ], [ 80.253503060758007, 12.989373099932299 ], [ 80.253496602769403, 12.9893790985618 ], [ 80.253489550994402, 12.989385653025003 ], [ 80.253487125543103, 12.989387906121699 ], [ 80.253487052779604, 12.989387977898698 ], [ 80.253486676385506, 12.989388323653598 ], [ 80.253486165244098, 12.989388798957203 ], [ 80.253485075587705, 12.989389811712799 ], [ 80.253476727543699, 12.989397508480002 ], [ 80.253450295514796, 12.989421876760002 ], [ 80.253441421058099, 12.989430057583002 ], [ 80.253437887085795, 12.989433316432001 ], [ 80.253437829593594, 12.989433368951799 ], [ 80.2534359736742, 12.989435024198398 ], [ 80.253435725739195, 12.989435252659298 ], [ 80.253427737919694, 12.989442400593898 ], [ 80.253422162076703, 12.989447389967699 ], [ 80.253419110499706, 12.989450113990598 ], [ 80.253419052109194, 12.989450165635002 ], [ 80.253418770038195, 12.989450424732299 ], [ 80.2534156133583, 12.989453249418098 ], [ 80.253410204602005, 12.989458091736397 ], [ 80.253410175855905, 12.989458114494997 ], [ 80.253404726675413, 12.989462466629201 ], [ 80.253404251466606, 12.989462845646502 ], [ 80.253401754150104, 12.989464839645199 ], [ 80.253396710109797, 12.9894688679076 ], [ 80.253370727238504, 12.989489618447701 ], [ 80.253364592643507, 12.989493999467198 ], [ 80.253362732232503, 12.9894953273407 ], [ 80.253358573930996, 12.989498298205799 ], [ 80.253355183689195, 12.989500720239798 ], [ 80.253352018026106, 12.989502982088798 ], [ 80.253349356317898, 12.989504883302299 ], [ 80.253340320164497, 12.989511337099399 ], [ 80.253337410521297, 12.9895134160046 ], [ 80.253335538432196, 12.989514742127302 ], [ 80.253332424871417, 12.989516976840898 ], [ 80.253329506245095, 12.989519061873297 ], [ 80.253321130353399, 12.989523674854301 ], [ 80.253320902181301, 12.9895238052782 ], [ 80.253313563843705, 12.989527850170999 ], [ 80.253296859670996, 12.989537057750701 ], [ 80.253295738573598, 12.989537674857198 ], [ 80.253290514870201, 12.989540556438397 ], [ 80.253271490349107, 12.9895498016567 ], [ 80.253269038846696, 12.989550993853898 ], [ 80.253265995354496, 12.989552428517099 ], [ 80.253265291973605, 12.989552760266504 ], [ 80.253247154988003, 12.9895613113491 ], [ 80.253245838956204, 12.989561931956899 ], [ 80.253245275712501, 12.9895621971813 ], [ 80.253284453038603, 12.989625924576201 ], [ 80.253279717120506, 12.989739599033303 ], [ 80.253278566378597, 12.989744472857899 ], [ 80.2532785151746, 12.989744690814504 ], [ 80.253267288928498, 12.989792262243199 ], [ 80.253267268267194, 12.989792348900599 ], [ 80.253257663480213, 12.989833047249798 ], [ 80.253427603172398, 12.989858804631599 ], [ 80.253456412143606, 12.989857580048698 ], [ 80.253484285968497, 12.989856394855597 ], [ 80.253523573787504, 12.9898547238558 ], [ 80.253538959233396, 12.989854069986302 ], [ 80.253559050953001, 12.989856829017898 ], [ 80.253597032621499, 12.9898620477191 ], [ 80.253666744582503, 12.9898716237992 ], [ 80.253723503735401, 12.989871237779798 ], [ 80.253769902618203, 12.989870922662099 ], [ 80.253811126306601, 12.989870643432704 ], [ 80.253855464454006, 12.989870342320099 ], [ 80.253892554993797, 12.989870090225898 ], [ 80.2539451091329, 12.9898697330923 ], [ 80.254013187956716, 12.989869270919502 ], [ 80.254085317284094, 12.9898687807363 ] ] ] ] } },
{ "type": "Feature", "properties": { "id": null, "Name": null, "description": null, "timestamp": null, "begin": null, "end": null, "altitudeMode": null, "tessellate": -1, "extrude": 0, "visibility": -1, "drawOrder": null, "icon": null, "OBJECTID": 206.0, "OBJECTID_1": 211.0, "SLUM_NAME": "V.V Koil Street", "WARD_NO": 180.0, "ZONE_NO": 13, "SHAPE.AREA": 7225.5128110349997, "SHAPE.LEN": 1154.45151775151, "total_area_sqm": 6815.1158444042394, "area_outside_isochrone": 3412.8355453208642, "pct_outside": 0.50077439961979187, "outside_isochrone": true, "true_metro_dist": 999999.0, "metro_covered": false, "metro_covered_red_only": false, "metro_covered_either_line": false }, "geometry": { "type": "MultiPolygon", "coordinates": [ [ [ [ 80.243173755514107, 12.984376394345698 ], [ 80.243173700716795, 12.984376339198796 ], [ 80.243166710027296, 12.984438901962601 ], [ 80.243165920408202, 12.984445962506298 ], [ 80.243163611737899, 12.984466536646 ], [ 80.243156212314901, 12.984532431829498 ], [ 80.243154432752306, 12.984548328113098 ], [ 80.243154296208402, 12.9845495107055 ], [ 80.243153942272201, 12.984552625186501 ], [ 80.243150081313104, 12.984586966757298 ], [ 80.243148975487003, 12.984600859370897 ], [ 80.243148744619901, 12.984603762892901 ], [ 80.243147389960498, 12.984620790118598 ], [ 80.243145164833507, 12.984650832857602 ], [ 80.243144102126493, 12.9846641915069 ], [ 80.243144069787206, 12.984665613068099 ], [ 80.243144050024199, 12.984666509421896 ], [ 80.243143870361195, 12.9846745293379 ], [ 80.243142973842495, 12.984714667429197 ], [ 80.243141823100601, 12.984766146486802 ], [ 80.243140848428595, 12.984809771062697 ], [ 80.243139590787194, 12.984866045239899 ], [ 80.243138301704803, 12.984923729584599 ], [ 80.243137011724002, 12.984981443677603 ], [ 80.243135641793202, 12.985017381817197 ], [ 80.243132989068201, 12.985071473714399 ], [ 80.243131356829309, 12.985104747293802 ], [ 80.243128143555495, 12.985170253655296 ], [ 80.243126085515215, 12.985212202752498 ], [ 80.243123324094, 12.9852685127276 ], [ 80.243121093577201, 12.985313996444399 ], [ 80.243120178193905, 12.985332678895499 ], [ 80.243119862885194, 12.9853390934106 ], [ 80.243118720228196, 12.985362382790701 ], [ 80.243118035711902, 12.985376349765096 ], [ 80.243116451083793, 12.985408651672998 ], [ 80.243114692182402, 12.985444517097299 ], [ 80.243114027429101, 12.985458086661499 ], [ 80.243112765296203, 12.985483805981701 ], [ 80.243111997236596, 12.985499479867496 ], [ 80.243111252533197, 12.985514653931597 ], [ 80.243109772109605, 12.985544823487198 ], [ 80.243107564949, 12.985589816961699 ], [ 80.243107062790699, 12.985620551979197 ], [ 80.243107010688504, 12.9856238318865 ], [ 80.243106470800996, 12.985656688728998 ], [ 80.243106113271494, 12.985692353664296 ], [ 80.243105938998298, 12.985709726575498 ], [ 80.243105793471301, 12.985724152209499 ], [ 80.243105540146303, 12.985749362928598 ], [ 80.243105469179397, 12.9857565135953 ], [ 80.243105339821994, 12.985769360985598 ], [ 80.243105059547702, 12.985797351784997 ], [ 80.243104968817804, 12.985806452711302 ], [ 80.243104885274505, 12.985814771081998 ], [ 80.243104765798506, 12.985826652092202 ], [ 80.243104436116894, 12.9858594896504 ], [ 80.243104030078399, 12.985900007448402 ], [ 80.243103942941815, 12.985908657570203 ], [ 80.243103584514003, 12.985943658085398 ], [ 80.243103584514003, 12.985943696600399 ], [ 80.243103213509798, 12.985981366025101 ], [ 80.243103043728198, 12.985998282863502 ], [ 80.243102873048301, 12.986015272353999 ], [ 80.2431026817071, 12.986034355658498 ], [ 80.243102432873798, 12.986059129551199 ], [ 80.243102026835302, 12.986099656945298 ], [ 80.243103439885203, 12.986171329816797 ], [ 80.243103692311806, 12.986171327190799 ], [ 80.243104071400907, 12.986171322814101 ], [ 80.243151511430995, 12.986170753842904 ], [ 80.243204011671097, 12.986170124473301 ], [ 80.243237404745202, 12.986169724442798 ], [ 80.243277839712817, 12.986169239504198 ], [ 80.243278219700102, 12.9861692351275 ], [ 80.243278272700707, 12.986169234252202 ], [ 80.243278360735601, 12.9861692333769 ], [ 80.243278578127899, 12.986144057713899 ], [ 80.243278688620705, 12.9861312182211 ], [ 80.243278888944999, 12.986107832625599 ], [ 80.243278954521998, 12.986100181274299 ], [ 80.243279163829499, 12.986075916833901 ], [ 80.243279315644799, 12.986058379384298 ], [ 80.243279315644799, 12.9860583469967 ], [ 80.243279317441406, 12.986058102776598 ], [ 80.243279649818106, 12.986019413591398 ], [ 80.243279827684503, 12.985998801940699 ], [ 80.243279916617695, 12.985988488674201 ], [ 80.243279988482897, 12.985980062642502 ], [ 80.243280129518396, 12.985963585223997 ], [ 80.243280244502799, 12.985950274788401 ], [ 80.2432802876219, 12.985945336989499 ], [ 80.243280451115297, 12.985924720080599 ], [ 80.243280662219405, 12.985898125464701 ], [ 80.243280690965506, 12.985880070675801 ], [ 80.243280784390294, 12.985806963910797 ], [ 80.243280799661605, 12.985801549923201 ], [ 80.243280833797598, 12.985777611956101 ], [ 80.243280861645403, 12.985758044567998 ], [ 80.243280893086407, 12.985735449371099 ], [ 80.243280931713997, 12.9857078139534 ], [ 80.243280953273498, 12.985694447482198 ], [ 80.243281007172499, 12.985656380608601 ], [ 80.243281010765699, 12.985654372573903 ], [ 80.2432820986255, 12.985611724152898 ], [ 80.243282575631, 12.985593025091299 ], [ 80.243283764102102, 12.9855464218625 ], [ 80.243283972511193, 12.985538014197999 ], [ 80.243283990477494, 12.985537528382901 ], [ 80.243284191700099, 12.9855296345441 ], [ 80.243284265362021, 12.985526762545202 ], [ 80.243284728892704, 12.985508326079998 ], [ 80.243284911250697, 12.985501079993798 ], [ 80.243285403527508, 12.985481953756599 ], [ 80.243285862566594, 12.985464092388202 ], [ 80.243286073670703, 12.9854558291524 ], [ 80.243286122179697, 12.9854539279078 ], [ 80.243286347656806, 12.985445096574198 ], [ 80.243287114818102, 12.985415095947697 ], [ 80.243287228005798, 12.985410658834295 ], [ 80.243287245972112, 12.985410149384702 ], [ 80.243289354318094, 12.985358406106899 ], [ 80.243291364747705, 12.985314429739301 ], [ 80.2432934443476, 12.985268928515799 ], [ 80.243294689412593, 12.985241698330301 ], [ 80.243295450285601, 12.985225031788699 ], [ 80.243295754814497, 12.985218373049801 ], [ 80.243295843747703, 12.985216432413003 ], [ 80.243295966816902, 12.985213737229897 ], [ 80.243296363872219, 12.9852050476934 ], [ 80.243297341239298, 12.985183665672599 ], [ 80.243297805668306, 12.985173519562997 ], [ 80.243300566191195, 12.985113081444101 ], [ 80.243300927313896, 12.985105174461602 ], [ 80.243301045891499, 12.985102588695398 ], [ 80.243301248910797, 12.985098144573698 ], [ 80.243302593688796, 12.985068705000897 ], [ 80.243303613276595, 12.985046400355499 ], [ 80.243303899839205, 12.985040148646899 ], [ 80.243304531354795, 12.985026321708702 ], [ 80.2433046166948, 12.985017792353698 ], [ 80.243304957156198, 12.984983113834799 ], [ 80.243305089208604, 12.9849698558674 ], [ 80.243305478179096, 12.984930684197897 ], [ 80.243305550044397, 12.984924249539301 ], [ 80.243305550044397, 12.984924069218298 ], [ 80.243305948896307, 12.984882856237499 ], [ 80.243306087236903, 12.984868679152598 ], [ 80.243306134847614, 12.984864015315098 ], [ 80.2433062974427, 12.984847409146997 ], [ 80.243306584005197, 12.984818291671402 ], [ 80.243306611853001, 12.984815473935702 ], [ 80.243306782532898, 12.984797735943097 ], [ 80.243307020586499, 12.984773002190503 ], [ 80.243307080773604, 12.984766735594199 ], [ 80.243307125689313, 12.984762190801799 ], [ 80.243307522744701, 12.984721919665699 ], [ 80.243307564067194, 12.984716918817499 ], [ 80.243307576643602, 12.984716482895497 ], [ 80.243307616169503, 12.984712446677902 ], [ 80.243307701509494, 12.9847038026418 ], [ 80.243307764391503, 12.9846973417171 ], [ 80.243307829070204, 12.984684176521 ], [ 80.2433079638175, 12.984656575124902 ], [ 80.243308024004605, 12.984644385061697 ], [ 80.243309859262808, 12.984593398798497 ], [ 80.243309900585302, 12.984593024150495 ], [ 80.243314337364495, 12.984542602474898 ], [ 80.243314400246504, 12.984542137666198 ], [ 80.2433151674078, 12.984536467174701 ], [ 80.243317367381906, 12.984520198868198 ], [ 80.243321623599698, 12.984488734551199 ], [ 80.243322129351199, 12.984483317033501 ], [ 80.243322301827803, 12.984481470053 ], [ 80.243322544372901, 12.984478880778898 ], [ 80.243323660978803, 12.9844669235491 ], [ 80.243325639069099, 12.984445741919002 ], [ 80.243327033254403, 12.9844308093852 ], [ 80.243289749576803, 12.984424339699899 ], [ 80.243284454906501, 12.984423421461498 ], [ 80.243266185868606, 12.984420250956703 ], [ 80.243244380163404, 12.984413076617198 ], [ 80.243236395038807, 12.9844104497025 ], [ 80.243232412807203, 12.984409139308797 ], [ 80.243221829754802, 12.9844056580559 ], [ 80.243183721423804, 12.9843865623714 ], [ 80.243173892057996, 12.984376539653198 ], [ 80.243173755514107, 12.984376394345698 ] ] ], [ [ [ 80.243335666064297, 12.984217724595 ], [ 80.243336085577496, 12.984174421167697 ], [ 80.243336377529999, 12.984137499015601 ], [ 80.243336628159895, 12.984105801807701 ], [ 80.243336659600899, 12.984101902134398 ], [ 80.243336870704994, 12.984074467865 ], [ 80.243336870704994, 12.9840744407292 ], [ 80.243336873399997, 12.9840740153103 ], [ 80.243336881484794, 12.984073384184599 ], [ 80.243336925502305, 12.984068883146898 ], [ 80.243337455508296, 12.984003359863403 ], [ 80.243337498627398, 12.983997991354602 ], [ 80.243337737579296, 12.9839710358891 ], [ 80.243337938801901, 12.983948479920297 ], [ 80.243338188533599, 12.983920427638196 ], [ 80.243338841608804, 12.9838921197512 ], [ 80.243338980847696, 12.9838862671724 ], [ 80.243339302444497, 12.983875850527202 ], [ 80.243341087396999, 12.983817908586799 ], [ 80.243342737602205, 12.983764332872401 ], [ 80.243342950502907, 12.983757419367896 ], [ 80.243343001706805, 12.9837557623327 ], [ 80.243343097826596, 12.983752648717001 ], [ 80.243343375405999, 12.983743617743398 ], [ 80.243344782167696, 12.983697704818198 ], [ 80.243344844151508, 12.983695969876496 ], [ 80.243345105561204, 12.983687486869297 ], [ 80.243345595143097, 12.983671561644099 ], [ 80.243347207618996, 12.983619182500599 ], [ 80.243347301043798, 12.983616174800499 ], [ 80.243347317213505, 12.983615646089596 ], [ 80.243348565871699, 12.9835751217917 ], [ 80.243349669002896, 12.983558741377598 ], [ 80.243351202427107, 12.983521077713 ], [ 80.243352018995694, 12.983501052339298 ], [ 80.243352852632299, 12.983480574408098 ], [ 80.243353008939096, 12.9834767570078 ], [ 80.2433530475667, 12.983475964816298 ], [ 80.243354114765197, 12.9834495712688 ], [ 80.243354714839796, 12.983428927892302 ], [ 80.243354801976395, 12.983425947325701 ], [ 80.243355040029996, 12.983417729540401 ], [ 80.243356323722494, 12.983373549748197 ], [ 80.243356324620805, 12.983373517360198 ], [ 80.243356748625601, 12.983358969916001 ], [ 80.243356909424094, 12.9833534543345 ], [ 80.243357063036001, 12.983348176848095 ], [ 80.243357431345302, 12.983335309199699 ], [ 80.243357602025199, 12.983329474114802 ], [ 80.243357605618399, 12.9833293988346 ], [ 80.243357764620299, 12.983324014554995 ], [ 80.243358030521605, 12.983304912660001 ], [ 80.243358088912004, 12.983300729360598 ], [ 80.243358133827797, 12.983297462553001 ], [ 80.243358247913903, 12.983289271899199 ], [ 80.2433585775956, 12.9832655612812 ], [ 80.243358687189996, 12.983257729520099 ], [ 80.243358732105804, 12.983254556374398 ], [ 80.243358752767094, 12.983253006128601 ], [ 80.243358832717107, 12.983247244571201 ], [ 80.243359006092007, 12.983234787456896 ], [ 80.243359086940302, 12.9832290171456 ], [ 80.243359424706895, 12.9832048268297 ], [ 80.243359581013706, 12.983201174866503 ], [ 80.243359687913298, 12.983198677490797 ], [ 80.243361854649706, 12.9831500193644 ], [ 80.243363317106997, 12.983117052771497 ], [ 80.243364013301402, 12.983101358602502 ], [ 80.243364670868104, 12.983086545035601 ], [ 80.243366022832603, 12.983056207989501 ], [ 80.243366023731014, 12.983056176476799 ], [ 80.243366028222496, 12.983055996154498 ], [ 80.243368398876598, 12.983002523567301 ], [ 80.243368407859705, 12.983002327488602 ], [ 80.243368437504103, 12.983001647340497 ], [ 80.243370679699098, 12.982951105418897 ], [ 80.243370919549207, 12.982943586148499 ], [ 80.243372083765806, 12.982906985942998 ], [ 80.243372417040803, 12.982896514984901 ], [ 80.243372573347699, 12.982891611264101 ], [ 80.2433728985378, 12.982870963464499 ], [ 80.243372900334407, 12.982870690354597 ], [ 80.243374183128694, 12.9827921756539 ], [ 80.243374301706297, 12.982784724656101 ], [ 80.243374641269497, 12.982763861511 ], [ 80.243374831712302, 12.982752126538099 ], [ 80.243375044613003, 12.982738958612899 ], [ 80.243375539584704, 12.982708419317902 ], [ 80.243375906995695, 12.9826857494387 ], [ 80.243375986945793, 12.9826807669319 ], [ 80.2433761405577, 12.9826713166254 ], [ 80.243376322017397, 12.982660133995701 ], [ 80.243377067619093, 12.9826140633068 ], [ 80.243377076602201, 12.982613509208498 ], [ 80.243377386521004, 12.982594366117301 ], [ 80.243377391012601, 12.982594171789001 ], [ 80.243377678473493, 12.982576318966599 ], [ 80.243377825797197, 12.982567228426198 ], [ 80.243377894967395, 12.982562954077599 ], [ 80.243378108766507, 12.982549759881802 ], [ 80.243378328853694, 12.982540910062498 ], [ 80.243378577687096, 12.982530962550197 ], [ 80.243378695366403, 12.982526230391302 ], [ 80.2433798128706, 12.982481419310897 ], [ 80.243379882040898, 12.982478635687501 ], [ 80.243380249451803, 12.9824638789815 ], [ 80.243380615964398, 12.982449162541 ], [ 80.243381234005298, 12.982424398792599 ], [ 80.243381628365697, 12.982408578528798 ], [ 80.243381687654505, 12.982406194065801 ], [ 80.243381767604603, 12.9824029850198 ], [ 80.243382694665996, 12.982365736973003 ], [ 80.2433830333309, 12.982352070075699 ], [ 80.243383086331505, 12.982350000739498 ], [ 80.24338417778452, 12.982306123629902 ], [ 80.243384309836898, 12.982300891639699 ], [ 80.243384369125707, 12.982298521181301 ], [ 80.243384864995704, 12.982278652397399 ], [ 80.243385186592604, 12.9822657269202 ], [ 80.243385379730398, 12.982258143728099 ], [ 80.243385737259899, 12.982243489425501 ], [ 80.243385829786305, 12.98223982957 ], [ 80.243385976211698, 12.982234007589598 ], [ 80.243386994002904, 12.982193584607598 ], [ 80.243387134140093, 12.982190344921401 ], [ 80.243388833752704, 12.982151347009296 ], [ 80.243389080789399, 12.9821454838852 ], [ 80.243389081687695, 12.982145446244996 ], [ 80.243389174214101, 12.982143453062898 ], [ 80.243389450895194, 12.982137347465502 ], [ 80.243390503720804, 12.982113395139702 ], [ 80.243390876521602, 12.982104940965202 ], [ 80.243391730819397, 12.9820855133446 ], [ 80.243391960788202, 12.982080304109001 ], [ 80.243392072179304, 12.982077763829597 ], [ 80.243392421623895, 12.982069905770498 ], [ 80.243392891442795, 12.982059153788299 ], [ 80.243393632552895, 12.9820422874523 ], [ 80.243393734960804, 12.982039971263399 ], [ 80.24339445630801, 12.9820235653628 ], [ 80.2433952432322, 12.9820056809866 ], [ 80.2433960023086, 12.9819884601282 ], [ 80.243396226887398, 12.981983350681 ], [ 80.243396758690096, 12.9819712777843 ], [ 80.243397589631698, 12.981952374491 ], [ 80.243397709107697, 12.981949675771101 ], [ 80.243398726000606, 12.981926561142197 ], [ 80.243398795170805, 12.981924993381 ], [ 80.243398955071001, 12.981921363282799 ], [ 80.243399534484297, 12.981908023744001 ], [ 80.243399585688294, 12.981907005705798 ], [ 80.243400128270693, 12.981894671074098 ], [ 80.243400819973502, 12.981878986456698 ], [ 80.243400944839294, 12.981876149429898 ], [ 80.243401154146795, 12.981871143272301 ], [ 80.2434016230673, 12.9818599649834 ], [ 80.24340361912391, 12.981812393786594 ], [ 80.243403644276796, 12.981800699035199 ], [ 80.243403660446404, 12.981793269891499 ], [ 80.243403673921193, 12.981787020727198 ], [ 80.243403769142603, 12.981748604863398 ], [ 80.243403810465097, 12.9817390879944 ], [ 80.243403974856804, 12.981701719048997 ], [ 80.243404086247807, 12.981692695879099 ], [ 80.243404187757505, 12.9816845235549 ], [ 80.2434044132346, 12.981666249620799 ], [ 80.243404585711204, 12.9816385848639 ], [ 80.243404696203996, 12.981620877281999 ], [ 80.243404562354996, 12.981594725135801 ], [ 80.243404485998198, 12.981579814314598 ], [ 80.243403847295994, 12.9815607586795 ], [ 80.243403406223194, 12.9815475740594 ], [ 80.243403210390397, 12.981541752062899 ], [ 80.243403210390397, 12.981541697790798 ], [ 80.243404209317006, 12.9815014987874 ], [ 80.243404288368794, 12.981459835305596 ], [ 80.243404230876607, 12.981459834430201 ], [ 80.243403854482494, 12.981459828302699 ], [ 80.243374886509599, 12.981459396751797 ], [ 80.243345323851912, 12.981459358236098 ], [ 80.243312572174901, 12.981459315343601 ], [ 80.243311416043099, 12.9815010199673 ], [ 80.243311122294102, 12.981511650299099 ], [ 80.243310299437198, 12.9815413782856 ], [ 80.243310288657511, 12.981541756439702 ], [ 80.243309221458901, 12.981580308015701 ], [ 80.243308104853, 12.9816206505647 ], [ 80.243306857991399, 12.981665680639299 ], [ 80.2433062651033, 12.981687104980001 ], [ 80.243305868047997, 12.981701446813302 ], [ 80.243305188023299, 12.9817260093018 ], [ 80.243304589745307, 12.9817476183373 ], [ 80.243305123344598, 12.981766232778801 ], [ 80.243306394460703, 12.981810580925096 ], [ 80.243307233487201, 12.981846923062101 ], [ 80.243307857816305, 12.981873979423799 ], [ 80.243307802120796, 12.981892357509897 ], [ 80.243307702407805, 12.981925567613999 ], [ 80.243307670966701, 12.981935565045799 ], [ 80.243307567660494, 12.9819695454566 ], [ 80.243307540711001, 12.9819787550671 ], [ 80.243307361946293, 12.9820378415251 ], [ 80.243307353861397, 12.982040585762501 ], [ 80.243307225402305, 12.982083001076701 ], [ 80.243307143655599, 12.9821099348631 ], [ 80.243307085265201, 12.982129335345798 ], [ 80.243292782289203, 12.982128514263197 ], [ 80.243292460692302, 12.982148918775998 ], [ 80.243291798634004, 12.982190863131098 ], [ 80.243307690729694, 12.982191688590198 ], [ 80.243306773549804, 12.982232214864398 ], [ 80.243298533303701, 12.9822319382525 ], [ 80.243298728238102, 12.9822649259713 ], [ 80.243289987630405, 12.982264120645601 ], [ 80.243290769164616, 12.982297270300601 ], [ 80.243290943437799, 12.982304637278999 ], [ 80.243293633892094, 12.982326332048798 ], [ 80.243296289312099, 12.982347737950098 ], [ 80.243297636785002, 12.982357689846499 ], [ 80.243296815724818, 12.9823993496765 ], [ 80.243296980116497, 12.9824077548212 ], [ 80.243297647564802, 12.982441858592198 ], [ 80.243297773328905, 12.982448250422699 ], [ 80.243297203796999, 12.982477218490597 ], [ 80.243290933556395, 12.982476899861998 ], [ 80.243290652383706, 12.982484794673097 ], [ 80.243289186333101, 12.982525915264203 ], [ 80.243287459771096, 12.982574313532997 ], [ 80.243312096966207, 12.982574385311901 ], [ 80.243311686436101, 12.982611458256898 ], [ 80.243311615469096, 12.982617915734398 ], [ 80.243311163616596, 12.982658834972398 ], [ 80.243282775056997, 12.982658175831899 ], [ 80.243282953821705, 12.982680662765 ], [ 80.243283108331894, 12.982700031690401 ], [ 80.243282776853604, 12.982710459764498 ], [ 80.243281554246494, 12.982748915745796 ], [ 80.2432801070605, 12.9827944051759 ], [ 80.243274871679105, 12.982794529475898 ], [ 80.243274637218803, 12.982872006008503 ], [ 80.243282587309096, 12.982871249704498 ], [ 80.243281819249503, 12.982907449004101 ], [ 80.243281033223596, 12.9829444063529 ], [ 80.2432798070232, 12.983002180429597 ], [ 80.243261526307194, 12.983002906095898 ], [ 80.243260734891507, 12.983054664745199 ], [ 80.243260572296407, 12.9830653781689 ], [ 80.243260080019596, 12.983097597218798 ], [ 80.243259318248207, 12.983147475594699 ], [ 80.243258551985306, 12.983197746993 ], [ 80.243270470832499, 12.9831985610692 ], [ 80.243271415860207, 12.983232204297298 ], [ 80.243272244106905, 12.983261650215097 ], [ 80.243272455211013, 12.983269181730899 ], [ 80.243273340051516, 12.983300669836799 ], [ 80.243253472012398, 12.9833006120636 ], [ 80.243251773298198, 12.983336459409898 ], [ 80.243286653982395, 12.983335842288001 ], [ 80.243285304712799, 12.983373856120698 ], [ 80.243284785486594, 12.983386816554299 ], [ 80.243283299673095, 12.983423843859798 ], [ 80.243261046606904, 12.9834237790839 ], [ 80.243258638223594, 12.983479416320398 ], [ 80.243258281592404, 12.983487629727 ], [ 80.243256945797597, 12.9835185199414 ], [ 80.243255284812605, 12.983556873381799 ], [ 80.243253365112906, 12.983601228211299 ], [ 80.243252663528594, 12.983617451059699 ], [ 80.243246267523801, 12.983697425581799 ], [ 80.243243878903499, 12.983749735556197 ], [ 80.243243522272309, 12.983757541041399 ], [ 80.243242756009394, 12.9838164091147 ], [ 80.243241862185599, 12.983885114338696 ], [ 80.243242171206106, 12.983919648578301 ], [ 80.243241754387796, 12.983965252464698 ], [ 80.243241455248807, 12.983997919576098 ], [ 80.2432410447188, 12.984042681363499 ], [ 80.243240202099003, 12.9840731102008 ], [ 80.243238832168203, 12.984117811575699 ], [ 80.243237590696495, 12.984167470034601 ], [ 80.243237378694104, 12.9841751231962 ], [ 80.243245032340297, 12.9841750689246 ], [ 80.243244902982894, 12.984217876905399 ], [ 80.243245326089394, 12.984263285534698 ], [ 80.243229811286099, 12.984263282033297 ], [ 80.243229616351712, 12.984275061577398 ], [ 80.243230091560505, 12.984338087425098 ], [ 80.243230095153706, 12.984338492710702 ], [ 80.243230193968401, 12.984351624661896 ], [ 80.243254234682098, 12.9843590563551 ], [ 80.243258638223594, 12.9843594371309 ], [ 80.243262349163999, 12.984359690981401 ], [ 80.243331576933102, 12.984365748380199 ], [ 80.243331908411406, 12.984359284820597 ], [ 80.243332494113005, 12.984350448195997 ], [ 80.243332527350603, 12.984349955375798 ], [ 80.243333966451701, 12.9843281268545 ], [ 80.243333972739904, 12.9843279456578 ], [ 80.243335118990203, 12.984263303917002 ], [ 80.243335118990203, 12.984263276781196 ], [ 80.243335167499296, 12.984259293952396 ], [ 80.243335229483009, 12.9842541407845 ], [ 80.243335666064297, 12.984217724595 ] ] ] ] } },
{ "type": "Feature", "properties": { "id": null, "Name": null, "description": null, "timestamp": null, "begin": null, "end": null, "altitudeMode": null, "tessellate": -1, "extrude": 0, "visibility": -1, "drawOrder": null, "icon": null, "OBJECTID": 209.0, "OBJECTID_1": 214.0, "SLUM_NAME": "Mangala Eri", "WARD_NO": 182.0, "ZONE_NO": 13, "SHAPE.AREA": 7657.6047179200004, "SHAPE.LEN": 562.64987035721902, "total_area_sqm": 7222.5102144251159, "area_outside_isochrone": 6093.1929325226411, "pct_outside": 0.84363922675430036, "outside_isochrone": true, "true_metro_dist": 1190.878522198004, "metro_covered": false, "metro_covered_red_only": false, "metro_covered_either_line": false }, "geometry": { "type": "MultiPolygon", "coordinates": [ [ [ [ 80.259669003443406, 12.986364989146997 ], [ 80.259668429419918, 12.986329730466 ], [ 80.259667271491494, 12.986309838370198 ], [ 80.259666834910306, 12.986303328468201 ], [ 80.259666796282701, 12.986302775253497 ], [ 80.259666545652806, 12.986298355662701 ], [ 80.259662042398205, 12.986221256594702 ], [ 80.259659743609404, 12.986181897799698 ], [ 80.259659439080593, 12.986179466979801 ], [ 80.259659075262903, 12.986176562600898 ], [ 80.259656475538407, 12.986155491409498 ], [ 80.259648567669004, 12.986091719357299 ], [ 80.259644616878404, 12.986059855208596 ], [ 80.259644525250195, 12.9860598595853 ], [ 80.259625100978795, 12.9860608032026 ], [ 80.259557577313899, 12.986063148240101 ], [ 80.259540181438396, 12.986063752225197 ], [ 80.259526339298105, 12.986064232787202 ], [ 80.259512653464796, 12.986064708097198 ], [ 80.2594969437271, 12.986065254309697 ], [ 80.259478226429806, 12.986065904687802 ], [ 80.259453977307103, 12.986066745890197 ], [ 80.259433123816095, 12.986067469796899 ], [ 80.259411125871395, 12.986068233093901 ], [ 80.259397724804003, 12.986068698775197 ], [ 80.259376611699906, 12.986069430559901 ], [ 80.259355524646907, 12.986070164095398 ], [ 80.259326952831003, 12.9860711549809 ], [ 80.259307123419404, 12.986071843873997 ], [ 80.259279972738199, 12.986072787491196 ], [ 80.259253521844713, 12.9860737057235 ], [ 80.259226056753207, 12.986074658969398 ], [ 80.259200715278993, 12.986075538686702 ], [ 80.259172900742897, 12.9860765041874 ], [ 80.259145520991396, 12.986077453932001 ], [ 80.259123744930505, 12.9860782102262 ], [ 80.259102796218102, 12.9860789385096 ], [ 80.259082418834197, 12.986079645784796 ], [ 80.259062684644007, 12.986080331176499 ], [ 80.259023509114499, 12.986081690580496 ], [ 80.258999268076593, 12.986082532658102 ], [ 80.258945425753396, 12.986084401510197 ], [ 80.258912922909801, 12.9860855622118 ], [ 80.258883715086597, 12.9860866047424 ], [ 80.2588837177816, 12.9860865443439 ], [ 80.258893311788796, 12.985846633511498 ], [ 80.258895218013805, 12.985731717788898 ], [ 80.258938693778617, 12.985731708160099 ], [ 80.258935811084896, 12.985654873269601 ], [ 80.2589350690765, 12.985635097540301 ], [ 80.258934069251595, 12.985608431990698 ], [ 80.258933152970002, 12.985583989807802 ], [ 80.258932462165504, 12.985565582233097 ], [ 80.2589317039874, 12.9855453767036 ], [ 80.258931159608295, 12.985530863525 ], [ 80.258930666433301, 12.9855176983731 ], [ 80.258928982092101, 12.985472803799196 ], [ 80.258926227857401, 12.985399364284001 ], [ 80.2589246881451, 12.985358319447899 ], [ 80.258922462119799, 12.985298977303799 ], [ 80.258921480261193, 12.985272795783098 ], [ 80.258920705913397, 12.9852521578101 ], [ 80.258920024990402, 12.985234010187801 ], [ 80.258852166253803, 12.985226183740796 ], [ 80.258844630286902, 12.985225314524596 ], [ 80.258777240470906, 12.9852175423487 ], [ 80.258711759574894, 12.985209989883698 ], [ 80.258680127198815, 12.985213234782698 ], [ 80.258599101855197, 12.9852215470458 ], [ 80.258602883762507, 12.985253438437597 ], [ 80.258606190461094, 12.985281535211801 ], [ 80.258607243286605, 12.985294457030797 ], [ 80.258610811394902, 12.985301458902201 ], [ 80.258619278914793, 12.985318078170202 ], [ 80.258625983939993, 12.985328645313899 ], [ 80.258634070574203, 12.985340463322695 ], [ 80.258643295373901, 12.985352609584597 ], [ 80.258650184553801, 12.9853625631114 ], [ 80.258655228594094, 12.985369677024799 ], [ 80.258655344476793, 12.9853776216386 ], [ 80.258655634632603, 12.985397602218596 ], [ 80.258660931099499, 12.985408066068498 ], [ 80.258663873980396, 12.985413879220999 ], [ 80.258663528129006, 12.985458945372699 ], [ 80.258663228990002, 12.985497821968499 ], [ 80.258662668441303, 12.985571004979196 ], [ 80.258662060281807, 12.985633029982099 ], [ 80.258661682989398, 12.985665568199 ], [ 80.258661289527296, 12.985687504269798 ], [ 80.258660949065799, 12.985706458924096 ], [ 80.258660158548395, 12.985750445726399 ], [ 80.258659750713306, 12.985773166095798 ], [ 80.258659339284804, 12.9857961026726 ], [ 80.258658760769805, 12.985828216327397 ], [ 80.258658218187406, 12.985858483007899 ], [ 80.258657698961201, 12.985887359642698 ], [ 80.258657361194594, 12.9859061978614 ], [ 80.258657072835405, 12.9859222236076 ], [ 80.258656814120599, 12.985936642226598 ], [ 80.258656464675994, 12.985956103684398 ], [ 80.258656351488199, 12.985962374627398 ], [ 80.258656157452094, 12.985973124689995 ], [ 80.258655856516498, 12.985989902349802 ], [ 80.258667515750602, 12.985996207430299 ], [ 80.258668766205403, 12.986018349176998 ], [ 80.258669925930505, 12.986038909181 ], [ 80.258671652492396, 12.9860695023379 ], [ 80.258672022598304, 12.9860760332542 ], [ 80.258673434749994, 12.986101057490098 ], [ 80.258674058180802, 12.986112102536501 ], [ 80.258656802442502, 12.986111952853301 ], [ 80.258639493703598, 12.986111812798798 ], [ 80.258611971119905, 12.9861116210992 ], [ 80.258603740755319, 12.986111563326798 ], [ 80.258570151848502, 12.986111329610896 ], [ 80.258544796899599, 12.986111110775697 ], [ 80.2585223578821, 12.986110916450098 ], [ 80.258497878790607, 12.9861107054931 ], [ 80.258497570668496, 12.986128165909099 ], [ 80.258496860999401, 12.986168402678897 ], [ 80.258501319338194, 12.9861683807954 ], [ 80.258500951927203, 12.9861896253031 ], [ 80.258574620966996, 12.986190919055899 ], [ 80.258588370580796, 12.9861909890831 ], [ 80.258653306199406, 12.986191317335701 ], [ 80.258652146474418, 12.986262718825401 ], [ 80.258663264922617, 12.986262625164001 ], [ 80.258707712664602, 12.986262247892498 ], [ 80.258739075546103, 12.986261980913799 ], [ 80.258750596439597, 12.986260329147298 ], [ 80.258750455404098, 12.9863079064953 ], [ 80.258750387132196, 12.986331037348199 ], [ 80.258757199057001, 12.986330928805998 ], [ 80.258757083174302, 12.986337976165903 ], [ 80.258757758707404, 12.986432949627901 ], [ 80.258774063129806, 12.986433262124001 ], [ 80.258796470706201, 12.986433692791001 ], [ 80.258820457520898, 12.986434152344097 ], [ 80.25884037856072, 12.986434534867399 ], [ 80.2588924179651, 12.986435532754301 ], [ 80.258922767547006, 12.986436114854902 ], [ 80.258957122716694, 12.986436773985401 ], [ 80.258991091610895, 12.986442629130199 ], [ 80.259055823311897, 12.986453787080098 ], [ 80.259056177248098, 12.986453847478504 ], [ 80.259101226861304, 12.986455283910296 ], [ 80.259101642781303, 12.986455296164998 ], [ 80.259109907281896, 12.986455539509301 ], [ 80.259110161505106, 12.986455546511998 ], [ 80.259131270117706, 12.986456167127599 ], [ 80.259131385101995, 12.9864561697536 ], [ 80.2591568262892, 12.986456916418 ], [ 80.259157185615294, 12.986456927797402 ], [ 80.259173774803699, 12.9864574153614 ], [ 80.259178953591302, 12.986457566795099 ], [ 80.259187311516698, 12.9864578110147 ], [ 80.259199067768819, 12.986458156773701 ], [ 80.259211587588894, 12.9864585244162 ], [ 80.2592250102159, 12.986458918318901 ], [ 80.259229609590193, 12.9864590539965 ], [ 80.259241079279704, 12.986459390126798 ], [ 80.259241114313994, 12.9864593910021 ], [ 80.259257523839295, 12.986459873313999 ], [ 80.259257753808001, 12.986459877690699 ], [ 80.259267763735195, 12.9864600588859 ], [ 80.259273384493895, 12.986460161300599 ], [ 80.2592872050746, 12.986460333742498 ], [ 80.259289284674495, 12.986460360002701 ], [ 80.259289351149803, 12.986460360878002 ], [ 80.259291551123894, 12.9864603880135 ], [ 80.259303548124507, 12.986460537696498 ], [ 80.259313402643201, 12.986460659368698 ], [ 80.259316836902499, 12.986460703135601 ], [ 80.2593176426913, 12.986460713639699 ], [ 80.259330507464497, 12.986460872951398 ], [ 80.259330970995194, 12.9864608790788 ], [ 80.259334089945895, 12.986460917593698 ], [ 80.259345510228101, 12.986461060273999 ], [ 80.259350612658906, 12.986461124173799 ], [ 80.259357526991593, 12.986461210832401 ], [ 80.259362140739, 12.986462555353498 ], [ 80.259362381487406, 12.986462624505299 ], [ 80.259374060484504, 12.986466029574901 ], [ 80.259380708915899, 12.9864679675759 ], [ 80.259389005755807, 12.986470387013499 ], [ 80.259395378404506, 12.9864722444834 ], [ 80.259395457456193, 12.986472268117502 ], [ 80.259402848794394, 12.986474423202598 ], [ 80.259421977520006, 12.986479999113298 ], [ 80.259428013300393, 12.986481757669702 ], [ 80.259436314631998, 12.986484177982499 ], [ 80.259454400413603, 12.986482998900602 ], [ 80.259454456109097, 12.986482992773297 ], [ 80.259498531948495, 12.986480113782701 ], [ 80.259652704410897, 12.9864769791931 ], [ 80.259666852876606, 12.986476805875901 ], [ 80.259667042421114, 12.986476796247199 ], [ 80.259667373001093, 12.986455475609601 ], [ 80.2596665941618, 12.986410182925701 ], [ 80.259669007934903, 12.9863653506623 ], [ 80.259669003443406, 12.986364989146997 ] ] ] ] } },
{ "type": "Feature", "properties": { "id": null, "Name": null, "description": null, "timestamp": null, "begin": null, "end": null, "altitudeMode": null, "tessellate": -1, "extrude": 0, "visibility": -1, "drawOrder": null, "icon": null, "OBJECTID": 210.0, "OBJECTID_1": 215.0, "SLUM_NAME": "Bharathi Nagar (LB Road)", "WARD_NO": 182.0, "ZONE_NO": 13, "SHAPE.AREA": 5808.8653057150004, "SHAPE.LEN": 334.01925808298603, "total_area_sqm": 5479.0200735532726, "area_outside_isochrone": 5231.2874841238572, "pct_outside": 0.95478523785207547, "outside_isochrone": true, "true_metro_dist": 1310.8687903532164, "metro_covered": false, "metro_covered_red_only": false, "metro_covered_either_line": false }, "geometry": { "type": "MultiPolygon", "coordinates": [ [ [ [ 80.2543695855625, 12.981824207585801 ], [ 80.254363264117799, 12.981804505956898 ], [ 80.254359088748416, 12.9817930746872 ], [ 80.254353824620793, 12.981778668958199 ], [ 80.254346851897594, 12.981759582700798 ], [ 80.254344485735103, 12.9817531041924 ], [ 80.254331261635798, 12.981720514692601 ], [ 80.254323881077497, 12.981702329172197 ], [ 80.254317159882504, 12.981681556097802 ], [ 80.254317141916204, 12.9816814991997 ], [ 80.254317129339796, 12.981681458933297 ], [ 80.254312390726696, 12.981666814225598 ], [ 80.254306404353599, 12.981648310071503 ], [ 80.254306098028096, 12.981647949424699 ], [ 80.254276253299395, 12.981613780768399 ], [ 80.254257173082806, 12.981584472086197 ], [ 80.254242401186303, 12.981542386696402 ], [ 80.254224894817995, 12.9814931102439 ], [ 80.254203347827598, 12.981438043295499 ], [ 80.2541893664485, 12.981389545014704 ], [ 80.254189332312507, 12.981389423340097 ], [ 80.254189107733708, 12.981389059191498 ], [ 80.254160283491203, 12.981340433099097 ], [ 80.254133472373198, 12.981291046311497 ], [ 80.2541217969695, 12.981269537902399 ], [ 80.254099545699901, 12.981225061857401 ], [ 80.254099501682404, 12.9812249743216 ], [ 80.254092583756403, 12.981210865305901 ], [ 80.2540841988816, 12.981193766067198 ], [ 80.254081691683595, 12.981188652226896 ], [ 80.254078525122196, 12.981181763160698 ], [ 80.254069311102398, 12.9811617130885 ], [ 80.254067317740805, 12.9811572820267 ], [ 80.254065979250996, 12.981154306684999 ], [ 80.25404899480391, 12.981116543740601 ], [ 80.254047117325001, 12.981112368282599 ], [ 80.254036131827306, 12.981086154807798 ], [ 80.254031340213601, 12.981074719128298 ], [ 80.254027924818899, 12.981066569543099 ], [ 80.254022461265393, 12.981053531957 ], [ 80.254021029350795, 12.981050115433501 ], [ 80.254015005248505, 12.981030931955498 ], [ 80.254014556090894, 12.9810286726555 ], [ 80.254014442903113, 12.981028691038 ], [ 80.254014390800805, 12.981028699791599 ], [ 80.253960081353696, 12.981037894555897 ], [ 80.25396083324361, 12.981054607772299 ], [ 80.253902573005803, 12.981055988212399 ], [ 80.253869082913795, 12.981056781287 ], [ 80.253835485922096, 12.9810565852067 ], [ 80.253785568338401, 12.981056293712403 ], [ 80.253777077462303, 12.9810570255119 ], [ 80.253735223156596, 12.981058770101003 ], [ 80.253734757829307, 12.981058787608202 ], [ 80.253734725490006, 12.9810587911096 ], [ 80.253731869745707, 12.981086715912403 ], [ 80.253728985255293, 12.981114841169099 ], [ 80.253728967289007, 12.981115000484296 ], [ 80.253724793716202, 12.9811559085901 ], [ 80.253719971559704, 12.9812030763726 ], [ 80.2537138387613, 12.981263049752199 ], [ 80.253709327421902, 12.981307162517101 ], [ 80.253702024118695, 12.981378584668098 ], [ 80.253698608723994, 12.9814119830426 ], [ 80.2536939806036, 12.981457250376801 ], [ 80.253691280267901, 12.981483653764798 ], [ 80.253687776838319, 12.9815179082239 ], [ 80.253684258137298, 12.981552327245501 ], [ 80.253679699187202, 12.981596905648599 ], [ 80.253675553462202, 12.981637453903698 ], [ 80.2536741080729, 12.9816515156259 ], [ 80.253668418143903, 12.9817072206615 ], [ 80.253667585405594, 12.981715364973502 ], [ 80.253663684022399, 12.981753514734303 ], [ 80.253661090586107, 12.9817788711653 ], [ 80.253841209987101, 12.981819190047501 ], [ 80.253849734100797, 12.9818159608607 ], [ 80.253941032578098, 12.9818740345712 ], [ 80.253986756826095, 12.981897706806301 ], [ 80.254029788823104, 12.981918212879298 ], [ 80.254062272802102, 12.981933690910402 ], [ 80.2541051413058, 12.9819541181984 ], [ 80.254138846993598, 12.981970179213699 ], [ 80.254186259175995, 12.981989938602901 ], [ 80.254222423552605, 12.9820050113401 ], [ 80.254244430480497, 12.982012549896796 ], [ 80.2542916171857, 12.982028202117597 ], [ 80.254312155368098, 12.982035016755098 ], [ 80.254355171195499, 12.982049284163198 ], [ 80.254386498144399, 12.982050282067698 ], [ 80.254424175284001, 12.982051381513299 ], [ 80.254424259725596, 12.982051385014699 ], [ 80.254424337879101, 12.9820513867654 ], [ 80.254423797991606, 12.982048112938497 ], [ 80.254423294036698, 12.982045057074902 ], [ 80.254421031180499, 12.982031271111699 ], [ 80.254418514101104, 12.982015933143501 ], [ 80.254412441489805, 12.981986000380703 ], [ 80.254407649876001, 12.981962385052 ], [ 80.254394807560701, 12.9819092816295 ], [ 80.254385996884409, 12.981877978922599 ], [ 80.254379987155204, 12.981856625502294 ], [ 80.2543695855625, 12.981824207585801 ] ] ] ] } },
{ "type": "Feature", "properties": { "id": null, "Name": null, "description": null, "timestamp": null, "begin": null, "end": null, "altitudeMode": null, "tessellate": -1, "extrude": 0, "visibility": -1, "drawOrder": null, "icon": null, "OBJECTID": 212.0, "OBJECTID_1": 217.0, "SLUM_NAME": "Ranganathapuram (Indra Nagar)", "WARD_NO": 180.0, "ZONE_NO": 13, "SHAPE.AREA": 17611.390710529999, "SHAPE.LEN": 2095.97217366216, "total_area_sqm": 16610.080239198025, "area_outside_isochrone": 4526.3606068294594, "pct_outside": 0.27250684774825645, "outside_isochrone": false, "true_metro_dist": 566.03486059510158, "metro_covered": false, "metro_covered_red_only": false, "metro_covered_either_line": false }, "geometry": { "type": "MultiPolygon", "coordinates": [ [ [ [ 80.250773439037303, 12.994188855103999 ], [ 80.250780179995218, 12.994162595742196 ], [ 80.250781842776803, 12.994156119307899 ], [ 80.250782273968099, 12.994154441334501 ], [ 80.250795236657694, 12.994103949824302 ], [ 80.250809931299102, 12.994052143584394 ], [ 80.250815007678796, 12.994034608448599 ], [ 80.250816446779893, 12.9940296384238 ], [ 80.250822319965195, 12.994009347802201 ], [ 80.250837776378006, 12.993955955475698 ], [ 80.250849711394807, 12.993914731739098 ], [ 80.250852643495904, 12.993904597365196 ], [ 80.250852717157798, 12.993904343524497 ], [ 80.250853605591601, 12.993901272051101 ], [ 80.250854983607297, 12.993896510348099 ], [ 80.250855011455002, 12.993896418440301 ], [ 80.250856084043505, 12.993892713240198 ], [ 80.250858696344295, 12.993883688762399 ], [ 80.250870852346694, 12.993841696488698 ], [ 80.250886755222197, 12.9937859451565 ], [ 80.250900705160205, 12.9937347366895 ], [ 80.2509151680363, 12.993681641035298 ], [ 80.250930948740915, 12.993623704883399 ], [ 80.250947593624801, 12.993562598329898 ], [ 80.2509610036754, 12.9935133732792 ], [ 80.250971448387205, 12.993475025752698 ], [ 80.250979092151908, 12.993446965793298 ], [ 80.250986354132706, 12.993420306334196 ], [ 80.250996466467896, 12.993383185109398 ], [ 80.251020835964908, 12.993304479411298 ], [ 80.251036537617694, 12.9932537688994 ], [ 80.251053964934201, 12.993197486994001 ], [ 80.251068645202594, 12.993150074649702 ], [ 80.251085617073301, 12.993095258874799 ], [ 80.251102922218905, 12.993031762578299 ], [ 80.251112325783296, 12.992995943765997 ], [ 80.251119269760494, 12.9929694943344 ], [ 80.251129480910294, 12.992930597025198 ], [ 80.251144510623305, 12.9928733451956 ], [ 80.251158983380904, 12.9928182159963 ], [ 80.251168589964493, 12.992781624248201 ], [ 80.251171051348393, 12.992763845684598 ], [ 80.251185058778603, 12.992662645884797 ], [ 80.251191090067394, 12.992626674713998 ], [ 80.251197811262401, 12.9926007548102 ], [ 80.251205890710111, 12.992569594376601 ], [ 80.2512188480097, 12.992519618106298 ], [ 80.251231776563301, 12.992469757367996 ], [ 80.251245462396611, 12.992416973056702 ], [ 80.251252913023606, 12.992388238982498 ], [ 80.251259830051296, 12.992361564529398 ], [ 80.251276238678301, 12.992299834438398 ], [ 80.251293092869602, 12.992236711699698 ], [ 80.251305540824504, 12.992190093086402 ], [ 80.251313456778803, 12.9921604451528 ], [ 80.251320298348006, 12.992134826310199 ], [ 80.251334727088107, 12.9920809862924 ], [ 80.251341477927497, 12.992056149102 ], [ 80.251349354355895, 12.992027171647196 ], [ 80.251364844006304, 12.991970185706698 ], [ 80.251376809565897, 12.991926165868298 ], [ 80.251378991573702, 12.991918141809903 ], [ 80.2513824186465, 12.991905532824701 ], [ 80.251396223955794, 12.991854746749599 ], [ 80.251413596475103, 12.991797144543801 ], [ 80.251432928219998, 12.991737947490503 ], [ 80.251432939898095, 12.991737913353001 ], [ 80.2514354830287, 12.9917301256251 ], [ 80.251435522554601, 12.991730005706101 ], [ 80.251435536927602, 12.991729961064697 ], [ 80.251513056146706, 12.9914925888633 ], [ 80.251528146046894, 12.991444662379697 ], [ 80.251545408073397, 12.991389838350498 ], [ 80.251559456826101, 12.991345217938399 ], [ 80.251580201620996, 12.991279335941202 ], [ 80.251582222830308, 12.991272916327699 ], [ 80.251582707022294, 12.991271379261702 ], [ 80.251586498811093, 12.991259336577199 ], [ 80.251586805136597, 12.991258364969498 ], [ 80.251587503127595, 12.991256148653301 ], [ 80.251595838595094, 12.991229670150796 ], [ 80.251604024043999, 12.991181805764301 ], [ 80.251604558541601, 12.991172545726201 ], [ 80.251604784018696, 12.991168640036499 ], [ 80.251605074174506, 12.991163613058502 ], [ 80.251605219701602, 12.991161074622701 ], [ 80.251606977704597, 12.991130588007 ], [ 80.251612180746804, 12.991081534037598 ], [ 80.251618480631805, 12.991025920386697 ], [ 80.2516185686667, 12.9910251457257 ], [ 80.251619482253403, 12.991017076996698 ], [ 80.251625363523502, 12.990965162447999 ], [ 80.251635912439895, 12.9909168839825 ], [ 80.251647006633704, 12.990872379028103 ], [ 80.251673400035102, 12.990766499850496 ], [ 80.2516751212071, 12.990758796998499 ], [ 80.251677207993495, 12.9907494520382 ], [ 80.251685708751097, 12.9907113955678 ], [ 80.251701597253501, 12.990649659814698 ], [ 80.251701956579595, 12.990648265422799 ], [ 80.251702348245104, 12.990646744984099 ], [ 80.251703046236102, 12.990642510164202 ], [ 80.251703561868993, 12.9906393747517 ], [ 80.251710379183706, 12.9905980042853 ], [ 80.2517216000399, 12.9905419388586 ], [ 80.251733148781199, 12.990484235686001 ], [ 80.251733377851593, 12.990483091636099 ], [ 80.251734151301093, 12.990479223574598 ], [ 80.251744959830603, 12.990425221262699 ], [ 80.251754108273502, 12.9903795143984 ], [ 80.251763382480405, 12.990331545684302 ], [ 80.251763785823996, 12.990329448404202 ], [ 80.251765241993098, 12.990321835697198 ], [ 80.251774352706704, 12.990274251239997 ], [ 80.251792919985306, 12.990177269497899 ], [ 80.251799288142294, 12.990137492923697 ], [ 80.251804754390804, 12.990103344691999 ], [ 80.251805942862006, 12.990095921923901 ], [ 80.251807866155005, 12.9900839045669 ], [ 80.2518171170058, 12.990038033953699 ], [ 80.251822456591796, 12.990016858050701 ], [ 80.251828284861404, 12.989993741546302 ], [ 80.2518311954029, 12.989982788581798 ], [ 80.251831799969096, 12.989980510981399 ], [ 80.251831812545518, 12.989980463713698 ], [ 80.251832668640006, 12.9899772425109 ], [ 80.2518406905955, 12.989947050735099 ], [ 80.251855088792894, 12.989893800213499 ], [ 80.251869358531096, 12.9898353213503 ], [ 80.251872268174296, 12.989822163429102 ], [ 80.251878868096696, 12.9897923200148 ], [ 80.251881218987805, 12.989781691788 ], [ 80.251892684185805, 12.989726944420502 ], [ 80.251902085953603, 12.989686274064399 ], [ 80.251904799764006, 12.989674536792601 ], [ 80.251915944263402, 12.9896262965906 ], [ 80.251916008043807, 12.989626011233698 ], [ 80.251927526242397, 12.989576238322503 ], [ 80.251928243098007, 12.989572788653801 ], [ 80.251928373353707, 12.989572164544702 ], [ 80.251928558406604, 12.989571272585202 ], [ 80.25192867608601, 12.989570712375098 ], [ 80.251936530056497, 12.989532995351601 ], [ 80.251948513582406, 12.989474081365 ], [ 80.251959129872404, 12.9894219003939 ], [ 80.251966534685295, 12.989379076678601 ], [ 80.2519759202834, 12.989324801900201 ], [ 80.251983078059595, 12.989283407580899 ], [ 80.251991032641399, 12.989237411647796 ], [ 80.251995896120405, 12.989210896166201 ], [ 80.251995939239507, 12.9892106607026 ], [ 80.251996005714801, 12.989210299191397 ], [ 80.252003167982608, 12.989171259489996 ], [ 80.252012532021098, 12.989129305809398 ], [ 80.252021770295499, 12.989087910582199 ], [ 80.252024361036803, 12.989078695983199 ], [ 80.252037204250399, 12.989033024759596 ], [ 80.252037715391793, 12.989031205823499 ], [ 80.252038918235996, 12.989026928960103 ], [ 80.252044791421298, 12.989006033951901 ], [ 80.252058490729397, 12.988956456990602 ], [ 80.252074320841302, 12.988899170982299 ], [ 80.252086117517607, 12.9888564819778 ], [ 80.252095209366601, 12.9888235809166 ], [ 80.252100944211406, 12.988810823843398 ], [ 80.252123739859996, 12.988763302995901 ], [ 80.252130567954495, 12.988751410746898 ], [ 80.252131240792593, 12.988750237803098 ], [ 80.252131300081402, 12.988750134513996 ], [ 80.2521318282908, 12.988749214540899 ], [ 80.252133578208998, 12.988746164887099 ], [ 80.252145990231298, 12.988724542454898 ], [ 80.252152580272195, 12.988713060734298 ], [ 80.252161471796896, 12.988700160976398 ], [ 80.252179811801795, 12.988673551777101 ], [ 80.252188768903494, 12.988660560982701 ], [ 80.252197222050299, 12.988645881672998 ], [ 80.252198105992505, 12.988644345466097 ], [ 80.252203210220003, 12.9886354809833 ], [ 80.252209440036395, 12.988619907083299 ], [ 80.252209806549104, 12.988618291221 ], [ 80.252209882007605, 12.988617958595002 ], [ 80.252209991602001, 12.988617475411999 ], [ 80.252221154966108, 12.988568167099896 ], [ 80.252221409189303, 12.988567045799796 ], [ 80.252221469376394, 12.9885667832003 ], [ 80.252222389251301, 12.988562719909899 ], [ 80.252224702413102, 12.9885479749446 ], [ 80.252229856946201, 12.9885151281131 ], [ 80.252230572005203, 12.988510567633297 ], [ 80.252238917354205, 12.988457382453696 ], [ 80.252239992637598, 12.988450530353001 ], [ 80.252241149667697, 12.988443946979201 ], [ 80.252250460705596, 12.988390931599801 ], [ 80.252251665346293, 12.988384728993998 ], [ 80.252257119916806, 12.988356664958099 ], [ 80.252260105018493, 12.988341299369701 ], [ 80.252260648499217, 12.988337106526398 ], [ 80.252270278439099, 12.988262876556997 ], [ 80.252269926299505, 12.988262841543698 ], [ 80.252229795860799, 12.988258444746497 ], [ 80.252200371543694, 12.988255240152695 ], [ 80.252164476661505, 12.9882513309158 ], [ 80.2521281990971, 12.988247381413498 ], [ 80.252127949365402, 12.988247377036901 ], [ 80.252099776401508, 12.988246016769498 ], [ 80.252099629077804, 12.9883245332481 ], [ 80.252102880080798, 12.988348020173499 ], [ 80.252102791147607, 12.988376998057499 ], [ 80.252102600704816, 12.988439127399699 ], [ 80.252102519856393, 12.988465200045598 ], [ 80.252094435917101, 12.988498434655801 ], [ 80.252083260874997, 12.988544378205802 ], [ 80.252073359644001, 12.9885850793855 ], [ 80.252071096787702, 12.988601718566395 ], [ 80.252065627844303, 12.988641913795098 ], [ 80.2520584898311, 12.988694375036104 ], [ 80.252053151143301, 12.9887336117621 ], [ 80.252046914140294, 12.988745299184501 ], [ 80.252021274425402, 12.988793332979402 ], [ 80.252002439448901, 12.988828620196699 ], [ 80.2520011458749, 12.9888369918613 ], [ 80.251994026726294, 12.9888830622717 ], [ 80.251988728462706, 12.9889173437214 ], [ 80.251982022539096, 12.988938054042398 ], [ 80.251966296631693, 12.988986622626797 ], [ 80.251945514107703, 12.989052492102196 ], [ 80.251948790263498, 12.989074549544801 ], [ 80.2519528416654, 12.989101823951998 ], [ 80.251946802291798, 12.9891593392499 ], [ 80.251945146696698, 12.9891751021873 ], [ 80.251925664933097, 12.989226081382899 ], [ 80.251909532987298, 12.9892682906434 ], [ 80.251894461053396, 12.9893104412496 ], [ 80.251884175343406, 12.989339208066998 ], [ 80.251874542708705, 12.9893661428175 ], [ 80.251864306406006, 12.989394770451101 ], [ 80.251857980469694, 12.989403647161502 ], [ 80.251826573570796, 12.989447720841898 ], [ 80.251790688570097, 12.989498080248998 ], [ 80.251779009573099, 12.989514469900103 ], [ 80.251771945221705, 12.989538783022999 ], [ 80.251758451627907, 12.989585231444998 ], [ 80.251744091159694, 12.989634663851801 ], [ 80.251772706993094, 12.989641774141498 ], [ 80.251759699387804, 12.989692488892301 ], [ 80.251729564503293, 12.989684666087102 ], [ 80.251713090299305, 12.989741369821198 ], [ 80.251751012678994, 12.989750477605698 ], [ 80.251768721168204, 12.989754731698099 ], [ 80.251755201523196, 12.989807691640699 ], [ 80.251738037413006, 12.989803527708002 ], [ 80.251723250245107, 12.989799940616001 ], [ 80.2517101384352, 12.989796760551199 ], [ 80.251697864753496, 12.9897937835624 ], [ 80.251689064857004, 12.989824071642801 ], [ 80.2516827838365, 12.989852407739699 ], [ 80.251671761508007, 12.989902135953798 ], [ 80.251660485854501, 12.989953012587002 ], [ 80.251649078148702, 12.990004480930599 ], [ 80.251639470666802, 12.990047827107999 ], [ 80.251626419942298, 12.990096170516596 ], [ 80.251615233222097, 12.990137615469298 ], [ 80.251590663400705, 12.990228633631197 ], [ 80.251622545508496, 12.990236552705102 ], [ 80.251607601135404, 12.9902914085006 ], [ 80.251595128027702, 12.990343243535499 ], [ 80.251562391622102, 12.9903357743823 ], [ 80.251551375581798, 12.990378971696598 ], [ 80.251536890247806, 12.9904357811866 ], [ 80.251522747172004, 12.990491242663097 ], [ 80.251508085768293, 12.990548740132699 ], [ 80.251495267707497, 12.990597553493098 ], [ 80.251486483082303, 12.990630550605101 ], [ 80.251478758469204, 12.990659565861698 ], [ 80.251464734869302, 12.990712243756999 ], [ 80.251500698921703, 12.990720774667198 ], [ 80.251468045161104, 12.990833905047101 ], [ 80.251509125119, 12.990843301648299 ], [ 80.251505188701501, 12.990865147978898 ], [ 80.251500779770097, 12.9908896246551 ], [ 80.251464953159896, 12.990882397107701 ], [ 80.251454778840994, 12.990931537773498 ], [ 80.251443228303103, 12.990986400418102 ], [ 80.251436126222401, 12.991033373763297 ], [ 80.251423807624903, 12.9910806359562 ], [ 80.251412266070204, 12.991132708038799 ], [ 80.251438822066604, 12.991136506064299 ], [ 80.251423708810194, 12.991179926446701 ], [ 80.251399839674804, 12.991173028028996 ], [ 80.251386653304806, 12.991217757012002 ], [ 80.251398384404112, 12.991220965944198 ], [ 80.251381424211502, 12.991297346571599 ], [ 80.251373692411903, 12.9913444669121 ], [ 80.251363406701799, 12.991399023102799 ], [ 80.251349350762595, 12.991446125042197 ], [ 80.251305278516497, 12.9917765876424 ], [ 80.2512956234238, 12.991835523840999 ], [ 80.2512706942763, 12.9918307603479 ], [ 80.251262275265503, 12.991875986394296 ], [ 80.251259209315407, 12.991892449415397 ], [ 80.251258449340696, 12.9918965292824 ], [ 80.251264366543495, 12.9918980111993 ], [ 80.251253511301599, 12.991940103588101 ], [ 80.251262053381595, 12.991942412682098 ], [ 80.251246725427904, 12.991997752152599 ], [ 80.251225644663094, 12.991991708069799 ], [ 80.251186748509696, 12.992042870504298 ], [ 80.251151350395901, 12.992089432249596 ], [ 80.251134884276695, 12.9921110902769 ], [ 80.251121298156406, 12.992128960795796 ], [ 80.251117412044493, 12.992142824102098 ], [ 80.251105159922304, 12.992186529662396 ], [ 80.251087573603996, 12.9922492663983 ], [ 80.251070111253199, 12.9923115593317 ], [ 80.251054536262799, 12.9923671175496 ], [ 80.251039259513107, 12.992421611368096 ], [ 80.251023004497995, 12.992469916675898 ], [ 80.251001170046706, 12.992531391131799 ], [ 80.250979620361306, 12.992592123303098 ], [ 80.250967275712696, 12.9926276646981 ], [ 80.250936748264394, 12.992716930437602 ], [ 80.250918293275205, 12.992770895487899 ], [ 80.250899228329899, 12.992826642671398 ], [ 80.250880149011607, 12.992882434483597 ], [ 80.250866604213797, 12.992922041682 ], [ 80.250856485590404, 12.992951630878498 ], [ 80.250849882074803, 12.992977339794399 ], [ 80.250837885074105, 12.993024049292796 ], [ 80.250823493165015, 12.9930800835231 ], [ 80.2508109041746, 12.993129098583898 ], [ 80.250796815895995, 12.993183950239297 ], [ 80.250783405845397, 12.993236162806598 ], [ 80.250762493963904, 12.993317577626499 ], [ 80.250752080693104, 12.9933581230932 ], [ 80.250744812424202, 12.993386423774297 ], [ 80.250737987024607, 12.9934129939549 ], [ 80.250770437765993, 12.993423016308498 ], [ 80.250778341143814, 12.993425455810598 ], [ 80.2507687121023, 12.993464417815701 ], [ 80.250743024776796, 12.993511108840897 ], [ 80.250712769518003, 12.993503665167101 ], [ 80.250703104543902, 12.993534957655898 ], [ 80.250694046830816, 12.9935642815592 ], [ 80.250676451529401, 12.9936212461264 ], [ 80.250708920237003, 12.993629450444498 ], [ 80.250720336925895, 12.993632334603999 ], [ 80.250706503768896, 12.993685902062902 ], [ 80.250721833519194, 12.993689756069401 ], [ 80.250713824140107, 12.993719690923301 ], [ 80.250707310455994, 12.993744034270499 ], [ 80.250675767911403, 12.993736864576897 ], [ 80.250643037794106, 12.993729424411102 ], [ 80.250627609228999, 12.993786298783096 ], [ 80.250619049182703, 12.993835739106801 ], [ 80.250618991690502, 12.9938360804789 ], [ 80.250617341485395, 12.993845618767301 ], [ 80.250614280026895, 12.993863399879496 ], [ 80.250611682099105, 12.993871663710896 ], [ 80.250602026108098, 12.993902385449196 ], [ 80.250585262646595, 12.993955718265994 ], [ 80.250571293843905, 12.994000155268601 ], [ 80.250555240051497, 12.994051230633501 ], [ 80.250592639611696, 12.994059446316397 ], [ 80.250585085678495, 12.9940896025798 ], [ 80.250577830884197, 12.9941185692901 ], [ 80.250571036027395, 12.9941427515407 ], [ 80.250563784826397, 12.994168560994199 ], [ 80.250516840666307, 12.994159746601298 ], [ 80.2504998652024, 12.994219281822998 ], [ 80.2504827612794, 12.9942828215814 ], [ 80.250468416082597, 12.994333375202396 ], [ 80.250500684465905, 12.994338698846898 ], [ 80.250477117164493, 12.994435407617397 ], [ 80.250497612227704, 12.994515825064999 ], [ 80.250499948745698, 12.994524992195498 ], [ 80.250499973000203, 12.994525089354998 ], [ 80.250504098063999, 12.994541274726997 ], [ 80.250676537767603, 12.994588258778696 ], [ 80.250676615921094, 12.994588279786196 ], [ 80.250696985220102, 12.994593829255397 ], [ 80.250682448682198, 12.994577316520598 ], [ 80.250682427122598, 12.994577291136599 ], [ 80.250682370528807, 12.994577227238899 ], [ 80.250672597756804, 12.994566124798499 ], [ 80.250672489060605, 12.994566000504395 ], [ 80.250666188277194, 12.994558843088798 ], [ 80.250666199955404, 12.994558807201098 ], [ 80.250676899788701, 12.9945236529699 ], [ 80.250682548395204, 12.994505539286898 ], [ 80.250688769228503, 12.994485589200098 ], [ 80.250722421915697, 12.9943776213196 ], [ 80.250723114516802, 12.994375398904099 ], [ 80.250723834965697, 12.994373062698102 ], [ 80.250724432345294, 12.9943711055018 ], [ 80.250738459538496, 12.994325115762901 ], [ 80.250754487279806, 12.994262679783496 ], [ 80.250767132863999, 12.994213418983803 ], [ 80.250773439037303, 12.994188855103999 ] ] ], [ [ [ 80.252336520208104, 12.988333170155499 ], [ 80.252338315940307, 12.988322111202596 ], [ 80.252381358717201, 12.988323610647397 ], [ 80.252384274648605, 12.9883040066959 ], [ 80.252387958639602, 12.988279233902402 ], [ 80.252391864514493, 12.988252973915696 ], [ 80.252395616777406, 12.9882277468193 ], [ 80.252398633320098, 12.988207467103001 ], [ 80.252402874266593, 12.9881789531258 ], [ 80.252403053929598, 12.9881777416647 ], [ 80.252404087890497, 12.9881550022578 ], [ 80.252361896716593, 12.988152530316599 ], [ 80.252319069535403, 12.988150019860701 ], [ 80.252312209101603, 12.988173262584599 ], [ 80.252312638496306, 12.988174706884498 ], [ 80.252311772520301, 12.988174741897799 ], [ 80.252306973720096, 12.988201494705201 ], [ 80.252303113659309, 12.988223019145602 ], [ 80.252298887984296, 12.988246585735901 ], [ 80.252298486437297, 12.988248828338897 ], [ 80.252294388322994, 12.9882716806551 ], [ 80.252292456945099, 12.988282447249198 ], [ 80.252290417769402, 12.9882938230744 ], [ 80.252286052855496, 12.988318164327399 ], [ 80.252280518334999, 12.988349021553997 ], [ 80.252274566097896, 12.988382215039097 ], [ 80.252265290992597, 12.988433932302502 ], [ 80.252260448174894, 12.988465075748399 ], [ 80.252254424072603, 12.988503820573902 ], [ 80.252249070113507, 12.988538249131699 ], [ 80.252247070463696, 12.988551106882101 ], [ 80.252244861506398, 12.988565317019498 ], [ 80.252244610876502, 12.988566922378098 ], [ 80.252242267171894, 12.988582000843602 ], [ 80.252240614271713, 12.988592622994499 ], [ 80.252233113339102, 12.9886408712752 ], [ 80.252197021725905, 12.988698782329598 ], [ 80.25215874541, 12.988760198196401 ], [ 80.252140167351598, 12.988790007596798 ], [ 80.252131025197002, 12.9888209295392 ], [ 80.252117594485199, 12.988866357459798 ], [ 80.252103717310703, 12.988913291816099 ], [ 80.252066974418895, 12.989037558969899 ], [ 80.252054417767894, 12.989080032612097 ], [ 80.252046337421902, 12.989119759461801 ], [ 80.252035819946599, 12.9891714721951 ], [ 80.252027639887601, 12.989211693591399 ], [ 80.252019067264797, 12.989253846833199 ], [ 80.2520144580091, 12.989277072822597 ], [ 80.252009071710603, 12.989304216783497 ], [ 80.252009067219007, 12.989304243043399 ], [ 80.252000001421209, 12.989348814803698 ], [ 80.251999993336398, 12.989348858570196 ], [ 80.251991374001193, 12.989391236748299 ], [ 80.251991365916396, 12.989391278764097 ], [ 80.251981243699703, 12.989441042958997 ], [ 80.251981234716595, 12.989441090226702 ], [ 80.2519721141215, 12.989485935065094 ], [ 80.251972104240096, 12.989485984083499 ], [ 80.251963988859799, 12.9895258868093 ], [ 80.251963978079999, 12.989525935827697 ], [ 80.251956087278501, 12.989564740010099 ], [ 80.2519560764988, 12.9895647925298 ], [ 80.251946235454795, 12.989613176297496 ], [ 80.251946224674995, 12.989613227941801 ], [ 80.251938944727996, 12.989649021857602 ], [ 80.251938933948196, 12.9896490770032 ], [ 80.251928979716496, 12.989698020964401 ], [ 80.251928968936795, 12.989698073484 ], [ 80.2519204663826, 12.9897398808888 ], [ 80.2519204556028, 12.989739933408501 ], [ 80.251911613485504, 12.989783402178 ], [ 80.251911604502297, 12.989783451196301 ], [ 80.251899256260401, 12.989844163031798 ], [ 80.251899247277294, 12.989844203296796 ], [ 80.251889294842201, 12.989893138466201 ], [ 80.2518892876557, 12.989893176980598 ], [ 80.251878166512498, 12.989947859537196 ], [ 80.251878158427701, 12.989947898926896 ], [ 80.251872376870494, 12.989976319041098 ], [ 80.251872368785598, 12.989976361932099 ], [ 80.251865551470999, 12.990009879946001 ], [ 80.251962119465702, 12.990021839534998 ], [ 80.251976815903703, 12.989995409919198 ], [ 80.251992378317695, 12.9899674195927 ], [ 80.252021592429102, 12.9899148789658 ], [ 80.252046477559105, 12.989870119987 ], [ 80.252076320491099, 12.989816900085398 ], [ 80.252078851045297, 12.989774883490201 ], [ 80.252081700501407, 12.989731812993401 ], [ 80.252089158314803, 12.989710711467101 ], [ 80.252097832447205, 12.989686168149797 ], [ 80.252102743536895, 12.9896475775664 ], [ 80.252106135575403, 12.9896209194501 ], [ 80.252108951793801, 12.9895987894038 ], [ 80.252114245565821, 12.989557186802001 ], [ 80.252119471065797, 12.989516116392998 ], [ 80.252125352335995, 12.989469905172099 ], [ 80.252132196600101, 12.989416111844402 ], [ 80.252137568525498, 12.9893738956064 ], [ 80.252144547536901, 12.989319045735598 ], [ 80.252151198663299, 12.989266771946898 ], [ 80.252156529266202, 12.989224889184102 ], [ 80.252161547255398, 12.989185451209902 ], [ 80.252166240054393, 12.989148570067796 ], [ 80.252166090934111, 12.9891353805984 ], [ 80.252165519605597, 12.989084759394098 ], [ 80.252160349801102, 12.989047483463201 ], [ 80.252158679833002, 12.989035439795597 ], [ 80.252168040278306, 12.989006370078702 ], [ 80.252190720044297, 12.9889795499575 ], [ 80.252195144246997, 12.988930495563196 ], [ 80.252195759592993, 12.988923660106902 ], [ 80.252209440036395, 12.9889057499675 ], [ 80.252233734075006, 12.988893937380299 ], [ 80.25225515979281, 12.988883520069699 ], [ 80.252271270179193, 12.988859403832096 ], [ 80.25227457687771, 12.988798702259897 ], [ 80.252279072047401, 12.988739963165401 ], [ 80.252298581658707, 12.988668474854602 ], [ 80.252310418759194, 12.988597136204898 ], [ 80.252316181451803, 12.988586081640399 ], [ 80.252318161338593, 12.988582283575798 ], [ 80.2523212353735, 12.988576387340903 ], [ 80.2523265596882, 12.9885661713434 ], [ 80.252332679910296, 12.988554430517199 ], [ 80.252332860471597, 12.9885540830105 ], [ 80.252339099271296, 12.988517462623498 ], [ 80.252346165419297, 12.988475982387198 ], [ 80.252347679978897, 12.988467089887701 ], [ 80.2523472380078, 12.988461786249999 ], [ 80.252345659667796, 12.988442840559198 ], [ 80.252341045920502, 12.988387478413198 ], [ 80.252338059022193, 12.988351637047797 ], [ 80.252336520208104, 12.988333170155499 ] ] ] ] } },
{ "type": "Feature", "properties": { "id": null, "Name": null, "description": null, "timestamp": null, "begin": null, "end": null, "altitudeMode": null, "tessellate": -1, "extrude": 0, "visibility": -1, "drawOrder": null, "icon": null, "OBJECTID": 213.0, "OBJECTID_1": 218.0, "SLUM_NAME": "Bharathi Nagar", "WARD_NO": 180.0, "ZONE_NO": 13, "SHAPE.AREA": 47330.327178904998, "SHAPE.LEN": 1111.9704249582201, "total_area_sqm": 44643.532502894894, "area_outside_isochrone": 13197.76339077903, "pct_outside": 0.29562542771280981, "outside_isochrone": false, "true_metro_dist": 999999.0, "metro_covered": false, "metro_covered_red_only": false, "metro_covered_either_line": false }, "geometry": { "type": "MultiPolygon", "coordinates": [ [ [ [ 80.234683365437107, 12.981100271708801 ], [ 80.2347955865757, 12.9810984675957 ], [ 80.234872789587797, 12.981099753496801 ], [ 80.234890251938594, 12.981100045866402 ], [ 80.234897632496995, 12.9811001675412 ], [ 80.234915159526494, 12.981100459910799 ], [ 80.234915417343004, 12.981100464287598 ], [ 80.235048315902802, 12.9811026780683 ], [ 80.235320449738296, 12.981118212173099 ], [ 80.235597019454701, 12.9811285580299 ], [ 80.235906309407, 12.981136181522901 ], [ 80.235922008365009, 12.981136568431101 ], [ 80.235922343436499, 12.981136577184699 ], [ 80.235937980410696, 12.981136962342198 ], [ 80.235954742075606, 12.981137376386497 ], [ 80.235954880416102, 12.981137379012598 ], [ 80.236075952655213, 12.981140363983403 ], [ 80.236071322738198, 12.980920224481698 ], [ 80.236066399970497, 12.980796280652399 ], [ 80.236057057491493, 12.980672324506299 ], [ 80.236024691191801, 12.980563900687097 ], [ 80.235987991419194, 12.980427731395698 ], [ 80.235976289964299, 12.980376753896396 ], [ 80.235966244104503, 12.9803329911107 ], [ 80.235966219849999, 12.980332884316699 ], [ 80.235962620300597, 12.9803172039776 ], [ 80.235961596221202, 12.980312743138498 ], [ 80.235961538729001, 12.980312495411399 ], [ 80.235957915823505, 12.980296712653701 ], [ 80.235932531230205, 12.9801861291542 ], [ 80.2357793280501, 12.980210351277 ], [ 80.235761802817194, 12.980210466824699 ], [ 80.235747345331006, 12.980210555236104 ], [ 80.235730584564394, 12.980210661154898 ], [ 80.235730290815397, 12.9802106629056 ], [ 80.235716279791902, 12.980210752192402 ], [ 80.235708453669105, 12.980210801212701 ], [ 80.235707132247299, 12.980210809966298 ], [ 80.235699492075796, 12.980210858111198 ], [ 80.235697521172099, 12.980211425345201 ], [ 80.235691676732898, 12.980213106914197 ], [ 80.235457444615804, 12.980280469455201 ], [ 80.235067998888994, 12.980397062263398 ], [ 80.235064720038196, 12.9803980435426 ], [ 80.235064662545994, 12.980397891229899 ], [ 80.235058945667504, 12.980382737861998 ], [ 80.235056903796902, 12.9803773255069 ], [ 80.235056796897396, 12.980377042765399 ], [ 80.235051313580897, 12.9803625091517 ], [ 80.235013001332305, 12.980260963784801 ], [ 80.234976434510401, 12.980100880323699 ], [ 80.234963338870202, 12.980061091631999 ], [ 80.234921182730503, 12.979943504254802 ], [ 80.234821278392801, 12.979948894735202 ], [ 80.234821223595603, 12.979948897361298 ], [ 80.234805761792899, 12.979949731581398 ], [ 80.234790489534802, 12.9799505552973 ], [ 80.234770276542505, 12.979951645998502 ], [ 80.2347700501671, 12.9799516775116 ], [ 80.234606489411803, 12.9799746443879 ], [ 80.234603871721006, 12.979973757646096 ], [ 80.234588979450294, 12.979968713809697 ], [ 80.234588372189094, 12.979968507224198 ], [ 80.234573215813597, 12.979963374100699 ], [ 80.234572951708898, 12.979963284813797 ], [ 80.234558367560297, 12.979958345145198 ], [ 80.234558309169799, 12.979958051023498 ], [ 80.234526352501902, 12.9797951723341 ], [ 80.234526303992894, 12.9797949281079 ], [ 80.234523706963415, 12.9797816882463 ], [ 80.234521875298498, 12.9797763424057 ], [ 80.2345218348743, 12.979776223356398 ], [ 80.234517576859901, 12.979763787076902 ], [ 80.234517264246193, 12.9797628766995 ], [ 80.234501236504897, 12.979716078046895 ], [ 80.234479987755194, 12.979698659197799 ], [ 80.234395613492097, 12.979669296017301 ], [ 80.2343561388235, 12.979670077716598 ], [ 80.234214165482797, 12.979672766832298 ], [ 80.234157354227605, 12.979603963278498 ], [ 80.234157039817205, 12.9796035824954 ], [ 80.234153088128295, 12.979598796008299 ], [ 80.234128553341293, 12.979598985962101 ], [ 80.234128437458608, 12.979598985962101 ], [ 80.234108281060202, 12.979599141776802 ], [ 80.234101282285806, 12.979577430136997 ], [ 80.234101236471801, 12.979577288328098 ], [ 80.23410097146882, 12.979576464611101 ], [ 80.234071129434994, 12.979573537395501 ], [ 80.234071034213599, 12.9795735286419 ], [ 80.234043922159998, 12.979570870162901 ], [ 80.234029388316998, 12.979456187886599 ], [ 80.233958939737505, 12.979425973823696 ], [ 80.233958059388598, 12.9794255956665 ], [ 80.233957978540204, 12.979425561527201 ], [ 80.233940686869204, 12.979418145443098 ], [ 80.233925058878214, 12.979411442780398 ], [ 80.233925003182719, 12.979411419145602 ], [ 80.233913824547301, 12.979406624776502 ], [ 80.233911284111699, 12.979406137198701 ], [ 80.233751797216101, 12.9793755405955 ], [ 80.233745185615703, 12.9793742721928 ], [ 80.233594421361502, 12.979345348406801 ], [ 80.233589833665306, 12.979344468665699 ], [ 80.2334090629858, 12.979312385686102 ], [ 80.233365680645804, 12.9793032179943 ], [ 80.233321757520017, 12.979296488192198 ], [ 80.233277522678705, 12.9792921997816 ], [ 80.233275653284593, 12.979292226917901 ], [ 80.233202630133505, 12.979293260723399 ], [ 80.233202462148597, 12.979293263349499 ], [ 80.233187730676207, 12.979293472561602 ], [ 80.233245788792999, 12.979773133325699 ], [ 80.233270035220897, 12.979973805790998 ], [ 80.233317519268496, 12.9805303673932 ], [ 80.233296620861694, 12.980800154992199 ], [ 80.2332929000398, 12.980848237592401 ], [ 80.233287758083094, 12.980888903267703 ], [ 80.233295259914001, 12.980901427026801 ], [ 80.233161997536598, 12.981646182955899 ], [ 80.233170544108205, 12.981643994565397 ], [ 80.233180855869321, 12.9816378810775 ], [ 80.233181162194896, 12.981637699003398 ], [ 80.233333443703501, 12.981547411243099 ], [ 80.233606926808605, 12.981411288884399 ], [ 80.233662131876002, 12.981377065923398 ], [ 80.233676401614304, 12.981368218688496 ], [ 80.233676726804504, 12.981368017356298 ], [ 80.233678657284003, 12.981366820743 ], [ 80.233693244127593, 12.981357778303098 ], [ 80.233693510927296, 12.981357612860604 ], [ 80.233772495298595, 12.981308647998599 ], [ 80.233984864218314, 12.981217410355701 ], [ 80.234183415252303, 12.981151430258898 ], [ 80.234198581509204, 12.981146390823101 ], [ 80.234198896817901, 12.981146285780101 ], [ 80.234206778636207, 12.981143665833695 ], [ 80.234217516198797, 12.981140097874498 ], [ 80.234221885604299, 12.981139482497898 ], [ 80.234222144319105, 12.981139446608198 ], [ 80.234385906297106, 12.981116368668998 ], [ 80.234403284206294, 12.981113919417098 ], [ 80.234403561785697, 12.981113880901297 ], [ 80.2344155938206, 12.981112185332698 ], [ 80.234431528137094, 12.981109940039198 ], [ 80.234431917107599, 12.981109885766996 ], [ 80.234476553495796, 12.981103596319002 ], [ 80.234643366152497, 12.981100915097004 ], [ 80.234659675066496, 12.981100652489602 ], [ 80.234659969713903, 12.9811006481128 ], [ 80.234667060116394, 12.9811005334409 ], [ 80.234682912686196, 12.981100278711699 ], [ 80.234683365437107, 12.981100271708801 ] ] ] ] } },
{ "type": "Feature", "properties": { "id": null, "Name": null, "description": null, "timestamp": null, "begin": null, "end": null, "altitudeMode": null, "tessellate": -1, "extrude": 0, "visibility": -1, "drawOrder": null, "icon": null, "OBJECTID": 214.0, "OBJECTID_1": 219.0, "SLUM_NAME": "Thanthai Periyar Nagar", "WARD_NO": 180.0, "ZONE_NO": 13, "SHAPE.AREA": 170830.03938962499, "SHAPE.LEN": 2087.0985713233099, "total_area_sqm": 161132.4410520994, "area_outside_isochrone": 39857.245676867984, "pct_outside": 0.24735705247573844, "outside_isochrone": false, "true_metro_dist": 999999.0, "metro_covered": false, "metro_covered_red_only": false, "metro_covered_either_line": false }, "geometry": { "type": "MultiPolygon", "coordinates": [ [ [ [ 80.239502186437605, 12.981277887062403 ], [ 80.239651726288017, 12.981250117219298 ], [ 80.239831746874302, 12.981251509037898 ], [ 80.239831895994698, 12.981251509913298 ], [ 80.23983193013072, 12.9812514985336 ], [ 80.239853115100018, 12.981251673605103 ], [ 80.239853143846105, 12.981251673605099 ], [ 80.239853234575904, 12.9812516744805 ], [ 80.240012271415495, 12.9812529043579 ], [ 80.240105545288102, 12.981254772371001 ], [ 80.240105638712905, 12.981254774997101 ], [ 80.240105847122095, 12.9812547793739 ], [ 80.240136043091994, 12.9812553833706 ], [ 80.240136099685898, 12.981255384245998 ], [ 80.240366617269203, 12.981260006133997 ], [ 80.240409047395104, 12.981260237228394 ], [ 80.240409183938993, 12.981260238103697 ], [ 80.240409335754293, 12.981260233726999 ], [ 80.240435944751297, 12.9812603825377 ], [ 80.240436018413106, 12.981260385163798 ], [ 80.240436089379997, 12.981260383413099 ], [ 80.240673550042203, 12.981261676316199 ], [ 80.240673602144497, 12.981261676316199 ], [ 80.240673973148802, 12.9812616780669 ], [ 80.240695950432197, 12.9812617979909 ], [ 80.240696192977296, 12.981261798866301 ], [ 80.240696259452605, 12.9812617944895 ], [ 80.240710374680702, 12.981261876773099 ], [ 80.2409690688213, 12.981264195595299 ], [ 80.240969197280407, 12.981264198221398 ], [ 80.240997931691297, 12.981264465205403 ], [ 80.240997999065002, 12.981264453825801 ], [ 80.241234812940206, 12.981266577443199 ], [ 80.241235103994299, 12.9812665800692 ], [ 80.241235206402294, 12.981266580944602 ], [ 80.241269036057602, 12.981266889070501 ], [ 80.241269228297099, 12.981266885568996 ], [ 80.241283886107496, 12.981267016872602 ], [ 80.241580060656702, 12.9812678852274 ], [ 80.241580152284911, 12.981267881725897 ], [ 80.241605990527404, 12.981267960508101 ], [ 80.241606244750599, 12.981267957006601 ], [ 80.241606371413098, 12.981267960508101 ], [ 80.241662994022093, 12.981268123324599 ], [ 80.241836959963393, 12.981267669014002 ], [ 80.241837054286407, 12.981267668138701 ], [ 80.241837118066798, 12.981267657634399 ], [ 80.241862656272104, 12.981267601611499 ], [ 80.241862697594598, 12.981267601611499 ], [ 80.241862965292498, 12.981267600736098 ], [ 80.241976713567098, 12.981267303989902 ], [ 80.242054557976303, 12.981267887853399 ], [ 80.242054922692304, 12.981267891354801 ], [ 80.242071817307902, 12.9812680174063 ], [ 80.242337144608499, 12.981270007094 ], [ 80.242337220965297, 12.9812700088447 ], [ 80.242360942776997, 12.981269843402099 ], [ 80.242361018235499, 12.981269842526801 ], [ 80.242580142486105, 12.9812683229061 ], [ 80.242580277233401, 12.981268322030797 ], [ 80.242601050774297, 12.981268164466398 ], [ 80.242601164860403, 12.9812681767214 ], [ 80.242681029580694, 12.981267622620102 ], [ 80.242938669099203, 12.981269891546798 ], [ 80.242938753540798, 12.981269893297501 ], [ 80.242939058968005, 12.981269895923598 ], [ 80.242968933341103, 12.981270158530901 ], [ 80.242969313328402, 12.981270162032303 ], [ 80.243121989197505, 12.981271505706101 ], [ 80.243156186263704, 12.981197900382098 ], [ 80.243156268010395, 12.981196112026097 ], [ 80.243166345311295, 12.980980875457098 ], [ 80.243171334554404, 12.980873979273802 ], [ 80.243176262711998, 12.980768369822698 ], [ 80.243177342487002, 12.980587389221402 ], [ 80.243178838181905, 12.980505322462999 ], [ 80.243179758955094, 12.980454776532298 ], [ 80.243181908623598, 12.980336810310101 ], [ 80.2431821754232, 12.980322163772398 ], [ 80.243182270644695, 12.980316453793296 ], [ 80.243182363171101, 12.9803109556515 ], [ 80.243182532054405, 12.980300979162998 ], [ 80.243182769209596, 12.9802869996483 ], [ 80.243182770107893, 12.980286908610799 ], [ 80.243185619564002, 12.9800191259089 ], [ 80.243186230418402, 12.979961654014099 ], [ 80.243186339114601, 12.9799503382074 ], [ 80.243186675084502, 12.979915369236599 ], [ 80.243186747848, 12.9799116962163 ], [ 80.243187737791501, 12.979861871463498 ], [ 80.243193222006312, 12.979585874768498 ], [ 80.243193415144006, 12.979557018410199 ], [ 80.243194838075496, 12.979345122562798 ], [ 80.243194973721103, 12.979324979553798 ], [ 80.243194975517696, 12.979324708190898 ], [ 80.243195039298101, 12.9793153514208 ], [ 80.243195036603097, 12.979314040124896 ], [ 80.243195037501494, 12.9793136785994 ], [ 80.243195085112205, 12.979308340627098 ], [ 80.243195158774, 12.979297317162398 ], [ 80.243198428641605, 12.979070960935099 ], [ 80.243198437624798, 12.979070051430499 ], [ 80.243198637949121, 12.979056315198198 ], [ 80.243198743052005, 12.979049097810902 ], [ 80.243198814018896, 12.979044201892398 ], [ 80.243198805035803, 12.979035239901602 ], [ 80.243198673881693, 12.978899179193501 ], [ 80.243198672983397, 12.978898351097396 ], [ 80.243198665796896, 12.978893412283098 ], [ 80.243198611897995, 12.9788343793503 ], [ 80.243200766956406, 12.9787753534064 ], [ 80.242752191422596, 12.978778850494798 ], [ 80.242628500594506, 12.978778660540302 ], [ 80.242628426034301, 12.978778671920098 ], [ 80.242618997317095, 12.978780954875397 ], [ 80.242614712353202, 12.978781992184498 ], [ 80.242610029435596, 12.978783127534498 ], [ 80.242609632380294, 12.9787832159465 ], [ 80.242385282629598, 12.978835847339202 ], [ 80.242251352803905, 12.978847962405798 ], [ 80.242251094089113, 12.978847986040698 ], [ 80.242247389436898, 12.9788483213059 ], [ 80.242247134315306, 12.978848344065495 ], [ 80.242125402712901, 12.978859355294896 ], [ 80.242086357439106, 12.978867806078298 ], [ 80.242079082881901, 12.978869380861699 ], [ 80.241939703875616, 12.978899546847199 ], [ 80.241764522513819, 12.9789210020641 ], [ 80.241764192832093, 12.978921042330898 ], [ 80.241747060162993, 12.978923140582701 ], [ 80.241746014523997, 12.9789232692615 ], [ 80.241711623421693, 12.978927480646297 ], [ 80.241361581396404, 12.9789800892489 ], [ 80.241338231487305, 12.978983456780398 ], [ 80.241287754253193, 12.978997545789102 ], [ 80.241286669986593, 12.9789978477902 ], [ 80.241233284007606, 12.979012749137201 ], [ 80.241206438753593, 12.979024115757799 ], [ 80.241158071662099, 12.979044595806901 ], [ 80.241109429686105, 12.9790574531731 ], [ 80.240942377179294, 12.979068232421501 ], [ 80.240787703457016, 12.979076446849199 ], [ 80.2407576458276, 12.979079863399797 ], [ 80.240757255958798, 12.979079907167998 ], [ 80.240724195261393, 12.979083665111 ], [ 80.240723809884102, 12.979083708879296 ], [ 80.240624162464599, 12.979095035229802 ], [ 80.240443778958905, 12.979130906817396 ], [ 80.240441611324101, 12.979131169426996 ], [ 80.240441567306604, 12.9791311746791 ], [ 80.240415826082213, 12.979134290103397 ], [ 80.240415472145997, 12.979134332996297 ], [ 80.240289957737801, 12.979149524081 ], [ 80.240144964261106, 12.979171633173801 ], [ 80.240144015640212, 12.979171793365596 ], [ 80.240117217996897, 12.979176311999298 ], [ 80.240117191945799, 12.979176316376098 ], [ 80.240038865141202, 12.979189523006101 ], [ 80.239890294573001, 12.979225487368799 ], [ 80.239867401007999, 12.979233488202398 ], [ 80.239867102767306, 12.979233592370797 ], [ 80.239834696941699, 12.979244918714402 ], [ 80.239834655619205, 12.979244933595599 ], [ 80.239745211264719, 12.979276194616599 ], [ 80.239560435895598, 12.979303386939696 ], [ 80.239390339896602, 12.979322653710696 ], [ 80.2393217553212, 12.979330421694099 ], [ 80.239056590615704, 12.979347844945901 ], [ 80.238771009000402, 12.979395540916 ], [ 80.2387479887729, 12.979407023067198 ], [ 80.238747594412402, 12.979407223525499 ], [ 80.238724819425101, 12.979418586626599 ], [ 80.238724528370895, 12.9794187310616 ], [ 80.238724458302315, 12.979418766076202 ], [ 80.238699675580307, 12.979431130593101 ], [ 80.238610847469999, 12.979449198980998 ], [ 80.238541937704596, 12.979459001306299 ], [ 80.2385115099693, 12.979431300413697 ], [ 80.238448066452307, 12.979431115711902 ], [ 80.238299721361301, 12.979429163650199 ], [ 80.238226389189705, 12.9794625850461 ], [ 80.238158812524105, 12.979482981024097 ], [ 80.238082130534806, 12.979546750395398 ], [ 80.238081975126306, 12.979546879073798 ], [ 80.238081927515594, 12.979546918465198 ], [ 80.238059304343395, 12.979565731778999 ], [ 80.238058911779703, 12.979565940990899 ], [ 80.2379655354992, 12.979615555715798 ], [ 80.237955731286107, 12.979693684509497 ], [ 80.237955204873415, 12.9796978827508 ], [ 80.237971326039499, 12.979845257958198 ], [ 80.237870879119299, 12.979820048390902 ], [ 80.237820041660797, 12.979823014119498 ], [ 80.237817848873206, 12.979823141922399 ], [ 80.237661977696604, 12.979861685011302 ], [ 80.237613091378918, 12.979954704513997 ], [ 80.237609923919194, 12.980140128911 ], [ 80.237609057943303, 12.980190850853297 ], [ 80.237519428535805, 12.980194457342002 ], [ 80.237433399576005, 12.9801979185206 ], [ 80.237404970592195, 12.980102505870301 ], [ 80.2373898896752, 12.9800658474726 ], [ 80.237230542916805, 12.980068412282602 ], [ 80.237136858514205, 12.979999889829498 ], [ 80.237114547955798, 12.979953533279399 ], [ 80.237095057209103, 12.979942352278098 ], [ 80.237006638730605, 12.979958342519099 ], [ 80.236933436814695, 12.979991699942401 ], [ 80.2368981617701, 12.980001101330499 ], [ 80.2368877952117, 12.979989761890897 ], [ 80.236843246858498, 12.980000463191598 ], [ 80.236712827648901, 12.980020171966398 ], [ 80.236649402996605, 12.980034457872698 ], [ 80.236588804444196, 12.980051362860898 ], [ 80.236528886814696, 12.980056186979796 ], [ 80.2364332243218, 12.980074485542401 ], [ 80.236216282977296, 12.980136932965996 ], [ 80.236173254573515, 12.980119473879796 ], [ 80.236073776037301, 12.980139764760601 ], [ 80.235981987978207, 12.980174160338201 ], [ 80.235950791285006, 12.980198144363801 ], [ 80.235976174979996, 12.980308726982596 ], [ 80.235976231573801, 12.9803089747098 ], [ 80.235980847117801, 12.9803290764971 ], [ 80.235980879457102, 12.980329219180902 ], [ 80.235980885745306, 12.980329246317101 ], [ 80.235991178641811, 12.980374084046302 ], [ 80.236006251473995, 12.980439746593699 ], [ 80.2360517170072, 12.980599124296498 ], [ 80.236075317546295, 12.980684339692399 ], [ 80.236084659126902, 12.980808296707899 ], [ 80.23609421271, 12.9811523791469 ], [ 80.236631398961705, 12.981195859047698 ], [ 80.236637939595198, 12.981196386888501 ], [ 80.2366380150537, 12.9811963886392 ], [ 80.236664242266812, 12.9811970968036 ], [ 80.2366643177252, 12.9811970994297 ], [ 80.236797788511893, 12.981200327749201 ], [ 80.236978746041004, 12.981204708914898 ], [ 80.236978897856304, 12.981204714166996 ], [ 80.237375650479606, 12.981216723199896 ], [ 80.237482950647106, 12.9812198683601 ], [ 80.237560686360197, 12.981222146916203 ], [ 80.237880687823903, 12.981229440396499 ], [ 80.237906503608599, 12.981230028636899 ], [ 80.237924910088793, 12.981230445307098 ], [ 80.237924986445506, 12.981230448808597 ], [ 80.237947260173001, 12.981231414328098 ], [ 80.237947334733207, 12.981231416954099 ], [ 80.237949708980494, 12.981231516744899 ], [ 80.237951971836694, 12.9812316104082 ], [ 80.237952049091803, 12.9812316139096 ], [ 80.238214463155899, 12.981242776470401 ], [ 80.2382612995182, 12.981244067622802 ], [ 80.238573223331002, 12.981252666260696 ], [ 80.2386474044105, 12.9812547102206 ], [ 80.238647557124096, 12.981254713722096 ], [ 80.238942960918806, 12.9812601768287 ], [ 80.239455827080803, 12.981276568773998 ], [ 80.239477967857596, 12.981277285691794 ], [ 80.239478336166798, 12.9812772970715 ], [ 80.239478396354002, 12.9812772979468 ], [ 80.239478777239597, 12.981277301448198 ], [ 80.239478929054897, 12.981277306700401 ], [ 80.239496642934, 12.981277770639901 ], [ 80.239502040012297, 12.9812779115724 ], [ 80.239502186437605, 12.981277887062403 ] ] ] ] } },
{ "type": "Feature", "properties": { "id": null, "Name": null, "description": null, "timestamp": null, "begin": null, "end": null, "altitudeMode": null, "tessellate": -1, "extrude": 0, "visibility": -1, "drawOrder": null, "icon": null, "OBJECTID": 215.0, "OBJECTID_1": 220.0, "SLUM_NAME": "Mahathma Gandhi Nagar", "WARD_NO": 180.0, "ZONE_NO": 13, "SHAPE.AREA": 138687.14344563999, "SHAPE.LEN": 2590.6550099053802, "total_area_sqm": 130811.30888120997, "area_outside_isochrone": 39041.859707078198, "pct_outside": 0.29845936135790974, "outside_isochrone": false, "true_metro_dist": 999999.0, "metro_covered": false, "metro_covered_red_only": false, "metro_covered_either_line": false }, "geometry": { "type": "MultiPolygon", "coordinates": [ [ [ [ 80.240066941985404, 12.983460530648799 ], [ 80.24005588731751, 12.983423676667998 ], [ 80.240043366599096, 12.983381932100798 ], [ 80.240034539753097, 12.983352501953499 ], [ 80.240030426367397, 12.983338789592299 ], [ 80.240029987989601, 12.983334978317298 ], [ 80.2400299484637, 12.9833346325539 ], [ 80.240028128476993, 12.983318800093199 ], [ 80.240026202489005, 12.983302042386196 ], [ 80.240026193505798, 12.983301962729298 ], [ 80.240026190810894, 12.983301935593399 ], [ 80.240020653595494, 12.9832537606808 ], [ 80.240000799929305, 12.983187096600203 ], [ 80.239978784018405, 12.983113167963701 ], [ 80.239946832740301, 12.9830109532015 ], [ 80.239921321484601, 12.9829293398001 ], [ 80.239912576385294, 12.982898842545399 ], [ 80.239900956677104, 12.982858328634901 ], [ 80.239879008139795, 12.982781797478401 ], [ 80.239856786514594, 12.982704308662699 ], [ 80.239839626896, 12.982644473936499 ], [ 80.239832327185994, 12.982619019554301 ], [ 80.239815826032597, 12.982561483484599 ], [ 80.239798076220893, 12.982499587267302 ], [ 80.239780204238301, 12.982437271740299 ], [ 80.239770021834502, 12.982405077114699 ], [ 80.239747409442202, 12.982333734915999 ], [ 80.239809675267793, 12.982314820270602 ], [ 80.239868595767305, 12.982291079797596 ], [ 80.239877677734796, 12.9822709160188 ], [ 80.239877718158994, 12.982270827608097 ], [ 80.239877838533303, 12.982270559749701 ], [ 80.239897244838303, 12.982227478323098 ], [ 80.239897494570002, 12.982226925099198 ], [ 80.239897543078996, 12.982226818306 ], [ 80.239903003937599, 12.982214695525903 ], [ 80.239944061437697, 12.982198336030597 ], [ 80.239939656099494, 12.982180597851199 ], [ 80.240022259783203, 12.9821463697439 ], [ 80.240083637174905, 12.982281738895496 ], [ 80.240189129932006, 12.982443422848798 ], [ 80.240272942748007, 12.982397169170801 ], [ 80.2404547033711, 12.982701305328296 ], [ 80.2405115918814, 12.9827912897975 ], [ 80.240511741899994, 12.982791527893298 ], [ 80.240517576457805, 12.982800755855797 ], [ 80.240517713001694, 12.9828009720677 ], [ 80.240576835622093, 12.982894490296202 ], [ 80.240532095029394, 12.9829326521309 ], [ 80.240587848967493, 12.983043827896601 ], [ 80.240569572743098, 12.9830594704235 ], [ 80.240569535912101, 12.983059505437597 ], [ 80.240567938707599, 12.983060868359498 ], [ 80.240563238722004, 12.9830648905983 ], [ 80.240470636789297, 12.983144145759701 ], [ 80.240470514618394, 12.983144249926498 ], [ 80.240470317887301, 12.9831444188692 ], [ 80.240468692834995, 12.983145809801799 ], [ 80.240470528991395, 12.9831503099809 ], [ 80.240561436701498, 12.983373100693502 ], [ 80.240497221531797, 12.983394794494798 ], [ 80.240559586172097, 12.983523530442598 ], [ 80.240360005668705, 12.9835762816297 ], [ 80.240359747852295, 12.983661072335899 ], [ 80.240383189389604, 12.983748665880002 ], [ 80.240532511847704, 12.983713544257498 ], [ 80.240539318382602, 12.983768267564999 ], [ 80.240681659134296, 12.983735861277401 ], [ 80.240714801578406, 12.983843997473898 ], [ 80.2406673121409, 12.9838684748419 ], [ 80.2406824280922, 12.983942369115196 ], [ 80.240590302266597, 12.983970818802799 ], [ 80.240619283714295, 12.984070737133299 ], [ 80.240756147437693, 12.984205756848397 ], [ 80.240756168997294, 12.984205777856799 ], [ 80.240756396270996, 12.984206001945699 ], [ 80.240790613998499, 12.9842397588325 ], [ 80.240790651727707, 12.984239796472401 ], [ 80.240790870018415, 12.984240010932499 ], [ 80.240848696369795, 12.9842970590453 ], [ 80.241119265340217, 12.984288275814698 ], [ 80.241409265768397, 12.9843096360289 ], [ 80.241465038571107, 12.984312533426801 ], [ 80.241870578514494, 12.984319207946198 ], [ 80.241985790144696, 12.984315350292899 ], [ 80.241985958129604, 12.984315347666801 ], [ 80.241986170131995, 12.984315340664001 ], [ 80.2419940771032, 12.984315076309301 ], [ 80.241994457090499, 12.984315063179098 ], [ 80.241994563091794, 12.984315059677698 ], [ 80.242103174799496, 12.984311426113097 ], [ 80.242146238237595, 12.984309985292198 ], [ 80.242193901049902, 12.984308389535 ], [ 80.242194176832697, 12.984308380781499 ], [ 80.242194205578798, 12.984308379906199 ], [ 80.2422057606083, 12.984307993002798 ], [ 80.242205910626907, 12.984307987750801 ], [ 80.242206139697402, 12.984307980748 ], [ 80.242293987745597, 12.984305041333302 ], [ 80.242320193399095, 12.984304164235798 ], [ 80.242341990121105, 12.984303890252198 ], [ 80.2424030872385, 12.984303119071603 ], [ 80.242403377394396, 12.984303115570199 ], [ 80.242403522921506, 12.984303114694901 ], [ 80.242426727303595, 12.984302821453698 ], [ 80.242426796473794, 12.9843028205783 ], [ 80.242427162986502, 12.984302816201602 ], [ 80.242500139425204, 12.984301895336699 ], [ 80.242538488504707, 12.984301411269897 ], [ 80.242580844968714, 12.9843008773083 ], [ 80.242580910545698, 12.984300883435802 ], [ 80.242595662679307, 12.9843006908595 ], [ 80.242595822579403, 12.9843006891088 ], [ 80.242595951936806, 12.984300687358102 ], [ 80.242712775144497, 12.984299214149299 ], [ 80.242746185286606, 12.984298792232098 ], [ 80.242792455710202, 12.984298209251097 ], [ 80.242855498578606, 12.984297415311499 ], [ 80.242855534511193, 12.984297414436098 ], [ 80.242855949532895, 12.984297409184098 ], [ 80.242877509997996, 12.9842971413279 ], [ 80.242877896273598, 12.984297131699098 ], [ 80.242910894987205, 12.984296715909302 ], [ 80.242988101592601, 12.9842957407729 ], [ 80.243120004819005, 12.984294078489199 ], [ 80.243121496920693, 12.984294059231599 ], [ 80.243121586752295, 12.984294089868699 ], [ 80.243122090707104, 12.984294264062701 ], [ 80.243138078024202, 12.984299782249398 ], [ 80.243165982391901, 12.983239840855999 ], [ 80.243165994968294, 12.983239373418797 ], [ 80.243166056053795, 12.9832370283545 ], [ 80.243170273643997, 12.983076852272299 ], [ 80.243170914142794, 12.983052263656797 ], [ 80.243170932109095, 12.9830518216044 ], [ 80.243171131535107, 12.9830442349349 ], [ 80.243171376775194, 12.983034937828698 ], [ 80.243194435630201, 12.982159036122402 ], [ 80.243199944997812, 12.981459379244701 ], [ 80.243179930533302, 12.981484214868397 ], [ 80.2431673379497, 12.981499841737199 ], [ 80.243167277762595, 12.981499839111102 ], [ 80.243166943589301, 12.981499823354701 ], [ 80.2430253565241, 12.981493140881398 ], [ 80.242965231383806, 12.981490303850098 ], [ 80.242894076728405, 12.981486955610498 ], [ 80.242893934794594, 12.981486938978696 ], [ 80.242873340916702, 12.981485966457299 ], [ 80.242873169338509, 12.981485965581996 ], [ 80.242872866606305, 12.981485962955901 ], [ 80.242718046458606, 12.981484544877899 ], [ 80.242565063365703, 12.981483146933197 ], [ 80.242564839685215, 12.9814831443071 ], [ 80.2425646663104, 12.981483142556396 ], [ 80.242536957775499, 12.981482915839001 ], [ 80.242536655941507, 12.981482913212899 ], [ 80.242536599347702, 12.981482913212899 ], [ 80.242428545493695, 12.9814822146782 ], [ 80.242285478004902, 12.9814812894261 ], [ 80.242285336071106, 12.981481293802901 ], [ 80.242285012677598, 12.981481287675399 ], [ 80.242254036071699, 12.9814811143547 ], [ 80.242254007325599, 12.981481115230098 ], [ 80.242253038043401, 12.981481107351899 ], [ 80.242043331730201, 12.981479936999799 ], [ 80.241986534848095, 12.981483314126299 ], [ 80.241885262376201, 12.981477828265298 ], [ 80.241884794353894, 12.981477802880001 ], [ 80.2418846048094, 12.981477789749601 ], [ 80.241808078228601, 12.9814736475612 ], [ 80.241806917605302, 12.981473583660099 ], [ 80.241806758603502, 12.981473575781896 ], [ 80.241607285897999, 12.981462772127802 ], [ 80.240760282382993, 12.981441603372096 ], [ 80.240492870990806, 12.981442005161 ], [ 80.240492490105197, 12.981442005160996 ], [ 80.24049242632482, 12.981442010413099 ], [ 80.240475999731501, 12.981442034047699 ], [ 80.240475653880097, 12.9814420349231 ], [ 80.240475611659306, 12.981442034923099 ], [ 80.240158345565604, 12.981442516369398 ], [ 80.240156332441003, 12.9814425233723 ], [ 80.240155951555295, 12.981442524247598 ], [ 80.240136859660595, 12.981442589899398 ], [ 80.240136752761103, 12.981442590774797 ], [ 80.240024401366796, 12.981442972430299 ], [ 80.240024163313294, 12.981442973305699 ], [ 80.240005945479297, 12.981443035456099 ], [ 80.239736167924804, 12.981443953705501 ], [ 80.239719399073394, 12.981454855400296 ], [ 80.239719274207502, 12.981454935933201 ], [ 80.239718913983097, 12.9814551705288 ], [ 80.239683956043805, 12.981477899169199 ], [ 80.2396835922261, 12.981478137266199 ], [ 80.239683551801903, 12.981478161776296 ], [ 80.239558502721096, 12.9815594631519 ], [ 80.239606743150205, 12.981908340622601 ], [ 80.239578559406496, 12.9819453445138 ], [ 80.239578486642898, 12.9819454408029 ], [ 80.239570402703706, 12.981956054483902 ], [ 80.239570379347512, 12.981956085121301 ], [ 80.239409849507894, 12.982166858289297 ], [ 80.239454679033798, 12.982247053867402 ], [ 80.239454721254603, 12.9822471273971 ], [ 80.239468654124707, 12.9822720557297 ], [ 80.239468708023594, 12.982272150267898 ], [ 80.239553425443106, 12.982423699385199 ], [ 80.2396909368519, 12.982883524763801 ], [ 80.239718130652193, 12.983033567903899 ], [ 80.239718138737004, 12.983033612546798 ], [ 80.239718200720702, 12.983033958310596 ], [ 80.239721929627507, 12.983054542196099 ], [ 80.2397219422039, 12.983054610473401 ], [ 80.239722025747199, 12.983055070908202 ], [ 80.239731469735801, 12.983107170933597 ], [ 80.239799759663697, 12.983343770335098 ], [ 80.239703966016819, 12.9834033466646 ], [ 80.239703588724296, 12.983403456958698 ], [ 80.2395480014155, 12.983448570743899 ], [ 80.239547592682001, 12.983448577746698 ], [ 80.239529843768594, 12.983448865736799 ], [ 80.239529490730703, 12.983448870988898 ], [ 80.239529349695204, 12.983448873614996 ], [ 80.239495219104299, 12.983449425085398 ], [ 80.239489211171701, 12.983448991787199 ], [ 80.239489017135597, 12.983448977781602 ], [ 80.239488823997803, 12.983448962900701 ], [ 80.239369850223198, 12.983440370466299 ], [ 80.239278019943299, 12.983429908284199 ], [ 80.239233376368702, 12.983424801492701 ], [ 80.239187501203702, 12.9834170073766 ], [ 80.239095069052496, 12.983401264206902 ], [ 80.239003589115612, 12.983387796071 ], [ 80.238886114629295, 12.983370336337797 ], [ 80.238846938201405, 12.9833678836067 ], [ 80.238758374195896, 12.983332414416299 ], [ 80.238754859088203, 12.983311788537096 ], [ 80.238748275335496, 12.983274580892598 ], [ 80.238721140823998, 12.983195230359598 ], [ 80.238683268749895, 12.9830591089035 ], [ 80.238655850370805, 12.982969063256602 ], [ 80.238629872889405, 12.982883753230599 ], [ 80.238603196518696, 12.982796123492196 ], [ 80.238580312835197, 12.9827082512502 ], [ 80.238553799957899, 12.9826058236108 ], [ 80.238494251535997, 12.982620646835098 ], [ 80.238488535555902, 12.982619121095201 ], [ 80.238488364876005, 12.982619075576903 ], [ 80.238488053160594, 12.9826189924184 ], [ 80.238454323218306, 12.982609987664098 ], [ 80.238454184877696, 12.982609950899299 ], [ 80.238453774347619, 12.9826098406049 ], [ 80.238436690187598, 12.9826052800166 ], [ 80.238340651300518, 12.982622266237803 ], [ 80.238240896083198, 12.982667252363299 ], [ 80.238256612109112, 12.982735311894899 ], [ 80.238265242224003, 12.982790714691099 ], [ 80.238274349344394, 12.982849175954799 ], [ 80.238281543951501, 12.982895356019101 ], [ 80.238291739829904, 12.982960810441998 ], [ 80.238304333311916, 12.983041648271797 ], [ 80.238306803678995, 12.983094206984003 ], [ 80.238303201434704, 12.983094565877998 ], [ 80.238303024466603, 12.983094583384998 ], [ 80.238302975059199, 12.983094588637098 ], [ 80.238273080923193, 12.983097570958298 ], [ 80.238272752139807, 12.983097616476604 ], [ 80.238272681172901, 12.983097611224398 ], [ 80.238262170884099, 12.983098657269 ], [ 80.238161829965094, 12.983111828676503 ], [ 80.238168577211198, 12.983161264997298 ], [ 80.238178526951302, 12.983234165957999 ], [ 80.238191354893601, 12.9833281330781 ], [ 80.238191147382807, 12.983329415466297 ], [ 80.238191108755203, 12.983329657063001 ], [ 80.238188049093395, 12.983348655664702 ], [ 80.238188043703403, 12.983348688052702 ], [ 80.238181608172795, 12.9833886565401 ], [ 80.238181546188997, 12.983389041694199 ], [ 80.238172280965202, 12.9834465749462 ], [ 80.238196295627603, 12.983574856560798 ], [ 80.238202812905001, 12.9835836284372 ], [ 80.238202886566896, 12.983583727351698 ], [ 80.238202957533801, 12.983583822764702 ], [ 80.238221649678195, 12.983608980304801 ], [ 80.238221825747999, 12.983609216649102 ], [ 80.238221894918297, 12.9836093085608 ], [ 80.238287788140994, 12.9836979893066 ], [ 80.238279383503198, 12.983781233230101 ], [ 80.238272668596494, 12.983847747466697 ], [ 80.238266183658396, 12.983911987530702 ], [ 80.238265553939399, 12.983918227888202 ], [ 80.238256385733607, 12.984009798922498 ], [ 80.238249960084403, 12.984073974168897 ], [ 80.238250960807605, 12.984075921817498 ], [ 80.238251214132504, 12.984076413762802 ], [ 80.238251508779996, 12.984076556444501 ], [ 80.238365564278297, 12.984131796127098 ], [ 80.238365907434797, 12.984131962443103 ], [ 80.2384240859258, 12.984160139875998 ], [ 80.2386873084737, 12.984241295066598 ], [ 80.238973989626999, 12.984309119574201 ], [ 80.239414797428495, 12.984394621687102 ], [ 80.239742214484906, 12.9845448626183 ], [ 80.24021576857352, 12.984842045908499 ], [ 80.240246357107196, 12.984822863598499 ], [ 80.240246793688399, 12.9848225887401 ], [ 80.240267882538006, 12.984809362276502 ], [ 80.240268245457401, 12.984809134686802 ], [ 80.240268421527205, 12.984809025268699 ], [ 80.240270769723395, 12.984807551187602 ], [ 80.240287704763105, 12.9847969288749 ], [ 80.240293126994203, 12.984558562658201 ], [ 80.2402931278925, 12.984558503134602 ], [ 80.240293136875607, 12.984558151245599 ], [ 80.240294142988802, 12.984513856985798 ], [ 80.240286536953207, 12.984359754006398 ], [ 80.240314878800504, 12.984352733726096 ], [ 80.240292403850404, 12.984265477403499 ], [ 80.240289357663201, 12.9842536532162 ], [ 80.240281123705401, 12.9842192888404 ], [ 80.240267510635505, 12.9841777273544 ], [ 80.240265238796198, 12.984170710570398 ], [ 80.240249692551899, 12.984122685510599 ], [ 80.2402498767065, 12.984115198663401 ], [ 80.240243304631903, 12.984091379581098 ], [ 80.240241808936901, 12.984085961179401 ], [ 80.240223654883394, 12.984001396457998 ], [ 80.240203281991, 12.983995283028097 ], [ 80.240185049784003, 12.983922569615201 ], [ 80.240162178676897, 12.983831363569099 ], [ 80.240142573844096, 12.9837531783031 ], [ 80.240138378711706, 12.983736449511799 ], [ 80.240112259296495, 12.983654060789396 ], [ 80.240106811912696, 12.983629705949198 ], [ 80.240102283505294, 12.983609457370102 ], [ 80.240095999789901, 12.9835813674097 ], [ 80.240092448749607, 12.9835654920726 ], [ 80.240074921720094, 12.983487135154398 ], [ 80.240066941985404, 12.983460530648799 ] ] ] ] } },
{ "type": "Feature", "properties": { "id": null, "Name": null, "description": null, "timestamp": null, "begin": null, "end": null, "altitudeMode": null, "tessellate": -1, "extrude": 0, "visibility": -1, "drawOrder": null, "icon": null, "OBJECTID": 216.0, "OBJECTID_1": 221.0, "SLUM_NAME": "Anna Nagar(100 feet road)", "WARD_NO": 180.0, "ZONE_NO": 13, "SHAPE.AREA": 7022.3650664750003, "SHAPE.LEN": 716.61170587335698, "total_area_sqm": 6623.6684344947062, "area_outside_isochrone": 5107.3867890378287, "pct_outside": 0.77108128819365507, "outside_isochrone": true, "true_metro_dist": 1417.8252882054067, "metro_covered": false, "metro_covered_red_only": false, "metro_covered_either_line": false }, "geometry": { "type": "MultiPolygon", "coordinates": [ [ [ [ 80.249626060450794, 12.981074072238597 ], [ 80.249621736859311, 12.981052540176099 ], [ 80.249658143781204, 12.981047892023399 ], [ 80.249696796491193, 12.981042957628599 ], [ 80.249739532044202, 12.981037501519998 ], [ 80.249779390293398, 12.981032413061897 ], [ 80.249820805322898, 12.981027125897198 ], [ 80.249859685306703, 12.981022162615099 ], [ 80.249902478351899, 12.981016698627899 ], [ 80.249934285899499, 12.981012636964698 ], [ 80.249976680092701, 12.981007224623495 ], [ 80.249997555143295, 12.981004560032302 ], [ 80.250011607489299, 12.981001274811902 ], [ 80.250061947281196, 12.9809895073676 ], [ 80.250168928546699, 12.980964750476598 ], [ 80.250169096531593, 12.980964711085498 ], [ 80.250178359060499, 12.9809625673323 ], [ 80.250225694886097, 12.980951924721998 ], [ 80.250269029615396, 12.9809416576401 ], [ 80.250314107076406, 12.9809306535058 ], [ 80.250346721311104, 12.980922692118 ], [ 80.250393126481995, 12.980911364100098 ], [ 80.250437143032599, 12.9809006181953 ], [ 80.250472145887699, 12.980892074692898 ], [ 80.250508206958102, 12.980883271208601 ], [ 80.250552641225298, 12.980872423760999 ], [ 80.2505877518782, 12.980863853121498 ], [ 80.250642370345801, 12.980850518778 ], [ 80.250642283209203, 12.9808502018981 ], [ 80.250642225717101, 12.980849993562598 ], [ 80.250623423079801, 12.980781961526199 ], [ 80.250662779170796, 12.980768038936896 ], [ 80.250695859631094, 12.980756336258098 ], [ 80.250739773773702, 12.980740801255399 ], [ 80.250777939596915, 12.980727298836296 ], [ 80.250814386942906, 12.980714405666697 ], [ 80.250851102885207, 12.980702239044801 ], [ 80.2508729831506, 12.980694989317099 ], [ 80.250914814998396, 12.980692392125199 ], [ 80.250925395355793, 12.980728934007702 ], [ 80.250967445494311, 12.980723372849098 ], [ 80.250970568936495, 12.980731985510699 ], [ 80.250982447359505, 12.980764732704797 ], [ 80.251034424780201, 12.980755787407798 ], [ 80.251079538173798, 12.9807483188417 ], [ 80.251122084182299, 12.980741275700096 ], [ 80.251146421339897, 12.980737247296201 ], [ 80.251170907617905, 12.980733193506701 ], [ 80.25120370421071, 12.980727764527501 ], [ 80.251259046720307, 12.980718603890699 ], [ 80.251240099454407, 12.9806500457272 ], [ 80.251267326492297, 12.980644078399898 ], [ 80.2512960465303, 12.9806377836879 ], [ 80.251318180120606, 12.980632933319496 ], [ 80.251353730049601, 12.980625141742003 ], [ 80.251384405719918, 12.980618418978601 ], [ 80.251379951872806, 12.9806007279558 ], [ 80.2514202008891, 12.9805927315431 ], [ 80.251458806886703, 12.980585060763998 ], [ 80.251492109230895, 12.980578443918102 ], [ 80.2515366243465, 12.980569599280798 ], [ 80.251569251157605, 12.9805631172399 ], [ 80.251605196345395, 12.980555975177399 ], [ 80.251642617465208, 12.980548539869 ], [ 80.251680776101907, 12.980540958375299 ], [ 80.251701045687895, 12.980536931718801 ], [ 80.251725597542901, 12.980532054212198 ], [ 80.251747928762597, 12.980527617011596 ], [ 80.251771306519501, 12.980522972350601 ], [ 80.251796819571993, 12.980517903139798 ], [ 80.251818481546707, 12.980513598993801 ], [ 80.251822944376997, 12.980527975033896 ], [ 80.251851484751896, 12.980521899159099 ], [ 80.2518761488964, 12.980516648748701 ], [ 80.251898656185801, 12.980511857027002 ], [ 80.251923750623206, 12.980506514703599 ], [ 80.251965303095105, 12.9804976691884 ], [ 80.2519906059417, 12.980492283096696 ], [ 80.252013651321903, 12.980487378453098 ], [ 80.252055677205902, 12.980478431395396 ], [ 80.252077058906295, 12.980473879521696 ], [ 80.252120685588096, 12.980464591073 ], [ 80.252120918251705, 12.980464542052799 ], [ 80.252125081943106, 12.9804636553127 ], [ 80.252112531580195, 12.980405772976599 ], [ 80.252111672790804, 12.980401807593202 ], [ 80.252076183048899, 12.9802381168594 ], [ 80.252032753996502, 12.980247561130899 ], [ 80.252010225147501, 12.980251019682703 ], [ 80.251961546340496, 12.980256961633902 ], [ 80.251937571203896, 12.980259887966099 ], [ 80.251942235256905, 12.9802919988349 ], [ 80.251916015230293, 12.9802995304406 ], [ 80.251881112986595, 12.980310650150498 ], [ 80.251843840088895, 12.980322525296401 ], [ 80.251849440186305, 12.980333590732897 ], [ 80.251830267443196, 12.9803401646927 ], [ 80.251808009885394, 12.980341611664098 ], [ 80.251776847328216, 12.980343637248998 ], [ 80.251757157155495, 12.980344917026502 ], [ 80.251732479536301, 12.980346521562801 ], [ 80.251713243012901, 12.9803477724533 ], [ 80.251685578495298, 12.980349569568999 ], [ 80.251661102098794, 12.980354403311198 ], [ 80.2516350868882, 12.980359814791296 ], [ 80.251594712107703, 12.980368213877501 ], [ 80.2515991731414, 12.980383695506497 ], [ 80.2515664439224, 12.980392764242701 ], [ 80.251539154900698, 12.9804003256077 ], [ 80.251504454777901, 12.9804099405683 ], [ 80.251456325739895, 12.980417393388 ], [ 80.251423224618321, 12.980422519499298 ], [ 80.251389732729606, 12.980427706010301 ], [ 80.251347837999703, 12.980434194182198 ], [ 80.251308325601897, 12.980440311201098 ], [ 80.2512688437469, 12.980456772353998 ], [ 80.251274420488102, 12.980475571593201 ], [ 80.251248440311798, 12.980482179688201 ], [ 80.251222576018193, 12.9804887588962 ], [ 80.251184219752105, 12.980498514786399 ], [ 80.251154996657604, 12.980506726540801 ], [ 80.251116378083594, 12.980517579256601 ], [ 80.251093160226702, 12.980524103315998 ], [ 80.2510678448037, 12.980531216492503 ], [ 80.251018449141199, 12.9805375969925 ], [ 80.250980848358296, 12.980541911642398 ], [ 80.250929114381094, 12.980547849209902 ], [ 80.250887793674707, 12.9805512132186 ], [ 80.250843878633702, 12.980554518578201 ], [ 80.250822138505498, 12.980553384111602 ], [ 80.2507733060867, 12.980550833312398 ], [ 80.250733517906099, 12.980557436153298 ], [ 80.250693921066699, 12.9805667105928 ], [ 80.250659682677906, 12.980585705028899 ], [ 80.250621969605703, 12.9805895434822 ], [ 80.250567649378794, 12.980595074006198 ], [ 80.250530051290895, 12.980620625760698 ], [ 80.250478515841394, 12.980637907988998 ], [ 80.250486342862402, 12.980657818045998 ], [ 80.250452873431598, 12.980666666181598 ], [ 80.250414482131305, 12.980676816851998 ], [ 80.250377125690207, 12.980686691783697 ], [ 80.250337480341798, 12.980702194401498 ], [ 80.250292802631094, 12.980720030726696 ], [ 80.250267554581697, 12.980730110490798 ], [ 80.250250450658697, 12.980731263339198 ], [ 80.250217387266318, 12.980733489378196 ], [ 80.250176079136295, 12.9807362721458 ], [ 80.250163563807817, 12.9807375930631 ], [ 80.250163196396898, 12.980737632454296 ], [ 80.250129220316197, 12.980741219677199 ], [ 80.250121228903396, 12.980743529750598 ], [ 80.250120835441294, 12.980743643547298 ], [ 80.250025179236602, 12.980771284769197 ], [ 80.249976185121014, 12.980785443705299 ], [ 80.249939372160597, 12.980796081070501 ], [ 80.249898370356121, 12.980806604638598 ], [ 80.249863257906597, 12.980815616461101 ], [ 80.249822740294107, 12.980826016602698 ], [ 80.249776863332499, 12.980837790182299 ], [ 80.249776818416706, 12.980837801561997 ], [ 80.2497386543902, 12.980846403715299 ], [ 80.249710089760796, 12.980852842856198 ], [ 80.249667969553698, 12.980862336999701 ], [ 80.249626069434001, 12.980871782122898 ], [ 80.249583353643899, 12.980879160523198 ], [ 80.249542750691305, 12.980878810379698 ], [ 80.249509953200302, 12.980878310549699 ], [ 80.249468928937901, 12.980877685543502 ], [ 80.249425832262204, 12.980877028148898 ], [ 80.249372985272302, 12.980876221943401 ], [ 80.2493916801117, 12.980962057873597 ], [ 80.249404616750098, 12.9810214544502 ], [ 80.249413512766395, 12.9810623047977 ], [ 80.249461151324198, 12.981061099429402 ], [ 80.249503884182303, 12.9810600183619 ], [ 80.249542452450697, 12.981059042337398 ], [ 80.249585451210095, 12.981057955142399 ], [ 80.249590145805698, 12.9810756032401 ], [ 80.249626060450794, 12.981074072238597 ] ] ] ] } },
{ "type": "Feature", "properties": { "id": null, "Name": null, "description": null, "timestamp": null, "begin": null, "end": null, "altitudeMode": null, "tessellate": -1, "extrude": 0, "visibility": -1, "drawOrder": null, "icon": null, "OBJECTID": 217.0, "OBJECTID_1": 222.0, "SLUM_NAME": "Puthiran Kanni Kuttai", "WARD_NO": 182.0, "ZONE_NO": 13, "SHAPE.AREA": 7745.7491639850005, "SHAPE.LEN": 404.214669242431, "total_area_sqm": 7305.8271181811688, "area_outside_isochrone": 5979.0555708009224, "pct_outside": 0.81839543614733734, "outside_isochrone": true, "true_metro_dist": 1553.3664262609975, "metro_covered": false, "metro_covered_red_only": false, "metro_covered_either_line": false }, "geometry": { "type": "MultiPolygon", "coordinates": [ [ [ [ 80.259232277586506, 12.9833278932322 ], [ 80.259281223193099, 12.983319924043 ], [ 80.259280385963294, 12.983306218682799 ], [ 80.259279579276097, 12.983293021024998 ], [ 80.259257605586001, 12.983270524518497 ], [ 80.259255870040803, 12.983205332782399 ], [ 80.259260066071505, 12.983202275182297 ], [ 80.259260119970406, 12.983202235791499 ], [ 80.259265271808601, 12.983198484038301 ], [ 80.259302238380897, 12.983186048805399 ], [ 80.259342379599403, 12.983180640012794 ], [ 80.259372274633705, 12.9831797664127 ], [ 80.259408580045914, 12.983170675019096 ], [ 80.259407152622899, 12.983150098145998 ], [ 80.2594061545946, 12.983135709127302 ], [ 80.259402290042303, 12.983080015791399 ], [ 80.25939800597672, 12.983018279892601 ], [ 80.259397419376796, 12.983009835377704 ], [ 80.259397149882204, 12.983005947942102 ], [ 80.259395529321495, 12.982982596191196 ], [ 80.259395355048298, 12.982980118946401 ], [ 80.259395332590401, 12.982979787188198 ], [ 80.259393659927298, 12.982955650244399 ], [ 80.259393613214897, 12.982955652870499 ], [ 80.259370961296696, 12.9829570893225 ], [ 80.259368696643904, 12.982926058106601 ], [ 80.2593663915669, 12.982898047725898 ], [ 80.259362383284113, 12.9828497563132 ], [ 80.259358312119204, 12.9828006691959 ], [ 80.259356686168601, 12.982780547475402 ], [ 80.259352959058404, 12.982724445270396 ], [ 80.259349846396006, 12.9826679185066 ], [ 80.259371575744396, 12.982650658303298 ], [ 80.259367513562694, 12.982599193688399 ], [ 80.259363911318403, 12.982553548409699 ], [ 80.259362180264802, 12.982531609436098 ], [ 80.259360312667297, 12.9825079565191 ], [ 80.259357561127601, 12.982473026423698 ], [ 80.259300968163103, 12.982476996150798 ], [ 80.259206071034797, 12.982483645334296 ], [ 80.259167690514303, 12.9824863344195 ], [ 80.259135311638104, 12.982488601584395 ], [ 80.259108302890795, 12.9824904940981 ], [ 80.259077406234894, 12.982492659722002 ], [ 80.259044000584396, 12.982495000416501 ], [ 80.259055999381701, 12.982588000551196 ], [ 80.2590342547619, 12.982588323556399 ], [ 80.259014504402103, 12.9825886194257 ], [ 80.258996724946002, 12.982588884657604 ], [ 80.258975451043398, 12.982589202410704 ], [ 80.258955397053001, 12.982589500906002 ], [ 80.258921999487399, 12.982590005109298 ], [ 80.258921958164919, 12.982590008610696 ], [ 80.258823403096812, 12.982602030706898 ], [ 80.258801204827805, 12.9825988610542 ], [ 80.258729481538893, 12.982613489075398 ], [ 80.258612595448994, 12.982638110997799 ], [ 80.258508893034303, 12.982659954548398 ], [ 80.258409611229098, 12.9826808684728 ], [ 80.258423666270104, 12.982728809777397 ], [ 80.258439199937911, 12.982781793101596 ], [ 80.258454709351298, 12.982834897212999 ], [ 80.258526000550603, 12.982830176439498 ], [ 80.258532014771404, 12.9828965456223 ], [ 80.258513384610794, 12.982896603395499 ], [ 80.258469920524107, 12.9828968073524 ], [ 80.258482876925399, 12.9829495604233 ], [ 80.258487278670302, 12.982967523513196 ], [ 80.258494885604094, 12.982998443554298 ], [ 80.258497664093298, 12.983009747842599 ], [ 80.258524077257604, 12.983026194819598 ], [ 80.258545798521197, 12.983039720748298 ], [ 80.258559116943502, 12.9830480147017 ], [ 80.258569189752805, 12.983054287468798 ], [ 80.258577486592799, 12.9830594529165 ], [ 80.258586312540501, 12.983064948371497 ], [ 80.258599559097604, 12.983083988134901 ], [ 80.258633999607298, 12.983133000791403 ], [ 80.258635365944897, 12.9831499904778 ], [ 80.258635617473104, 12.983167699701498 ], [ 80.258635693829902, 12.983173161890798 ], [ 80.258641160078398, 12.983173146134501 ], [ 80.2587149315262, 12.983172929922802 ], [ 80.258782263849994, 12.983172732093498 ], [ 80.2587979708928, 12.983220458842302 ], [ 80.258802175906595, 12.983233234584899 ], [ 80.258803054458909, 12.983235903528998 ], [ 80.258817719455905, 12.9832804606217 ], [ 80.258825663257994, 12.983304593157198 ], [ 80.258833844215303, 12.983329453106398 ], [ 80.2588366209078, 12.983328709934 ], [ 80.258837129354305, 12.983328573379298 ], [ 80.25883936166781, 12.983327976390399 ], [ 80.258839856639497, 12.983327842461799 ], [ 80.258843953855504, 12.983326745647899 ], [ 80.258846757497494, 12.983344168619499 ], [ 80.258849259305606, 12.983359727969299 ], [ 80.258851777283297, 12.9833753757285 ], [ 80.258906289749703, 12.983368449082899 ], [ 80.258952879973606, 12.983362529089797 ], [ 80.259001009011598, 12.9833564130182 ], [ 80.259045414532693, 12.983351980244795 ], [ 80.259133529380605, 12.983344950307202 ], [ 80.259170988229613, 12.983341814802699 ], [ 80.259207764359104, 12.983333534864698 ], [ 80.259232277586506, 12.9833278932322 ] ] ] ] } },
{ "type": "Feature", "properties": { "id": null, "Name": null, "description": null, "timestamp": null, "begin": null, "end": null, "altitudeMode": null, "tessellate": -1, "extrude": 0, "visibility": -1, "drawOrder": null, "icon": null, "OBJECTID": 218.0, "OBJECTID_1": 223.0, "SLUM_NAME": "Thirumudivinayagar Street(N)", "WARD_NO": 182.0, "ZONE_NO": 13, "SHAPE.AREA": 1993.726689285, "SHAPE.LEN": 286.24541055588998, "total_area_sqm": 1880.5092200881095, "area_outside_isochrone": 1497.7546058122955, "pct_outside": 0.79646225065682985, "outside_isochrone": true, "true_metro_dist": 999999.0, "metro_covered": false, "metro_covered_red_only": false, "metro_covered_either_line": false }, "geometry": { "type": "MultiPolygon", "coordinates": [ [ [ [ 80.259298925394106, 12.981648078102099 ], [ 80.259298365743703, 12.9816320704627 ], [ 80.259242291107, 12.981639740334098 ], [ 80.259178120852994, 12.981651246016199 ], [ 80.259120829897398, 12.981661553335099 ], [ 80.259072140310707, 12.9816702675055 ], [ 80.2590223125585, 12.981679205766698 ], [ 80.259007831716204, 12.981681803823596 ], [ 80.258992451660205, 12.981684562070599 ], [ 80.2589746443563, 12.981687756244796 ], [ 80.258929645048795, 12.981695825276901 ], [ 80.258889767036706, 12.9817029830631 ], [ 80.258811690862103, 12.981716994010998 ], [ 80.258766591841606, 12.981725085801399 ], [ 80.258723768253603, 12.981732488686299 ], [ 80.258669481264405, 12.981740843958297 ], [ 80.258629004075999, 12.981749384805402 ], [ 80.258555618005502, 12.981767572073204 ], [ 80.258487676623901, 12.981784410416399 ], [ 80.258423844136502, 12.9818045584783 ], [ 80.258409903181601, 12.981808958891101 ], [ 80.258363855540097, 12.9818187444915 ], [ 80.258328046896295, 12.981826353957699 ], [ 80.258295435356516, 12.9818378149879 ], [ 80.258276418920303, 12.981841321662198 ], [ 80.2582574545863, 12.981844816956798 ], [ 80.258239644587519, 12.981848100415199 ], [ 80.258190846304601, 12.9818570894407 ], [ 80.258191407751696, 12.9818765424644 ], [ 80.258191932367794, 12.981894650065501 ], [ 80.258192536934004, 12.981915513283699 ], [ 80.258193698455699, 12.981925356653397 ], [ 80.258197147087998, 12.981946352047601 ], [ 80.258215000205993, 12.981981000352798 ], [ 80.2582154287024, 12.981981135157499 ], [ 80.258263201109202, 12.981971213007997 ], [ 80.258315372565903, 12.9819578410837 ], [ 80.258352745176694, 12.981948220930802 ], [ 80.258353310217004, 12.981948101007198 ], [ 80.258471374896502, 12.9819229179137 ], [ 80.258523822135999, 12.981908495560496 ], [ 80.258583310370796, 12.981892650753899 ], [ 80.258635895950917, 12.981878266039198 ], [ 80.258687005599, 12.981865288019797 ], [ 80.258707080250602, 12.9818601899497 ], [ 80.258802889168905, 12.981849504485396 ], [ 80.2588596995258, 12.981843095132497 ], [ 80.258903048628198, 12.981838071467099 ], [ 80.258948434211305, 12.981834941195697 ], [ 80.258982951077698, 12.9818326320078 ], [ 80.259015841993602, 12.981830340326901 ], [ 80.259029455961695, 12.981829413325398 ], [ 80.259052415103696, 12.981827848189599 ], [ 80.259084546044804, 12.981825906650998 ], [ 80.259117604945601, 12.981825323664097 ], [ 80.259157627586404, 12.981824645263599 ], [ 80.259185422359593, 12.981824356396197 ], [ 80.259208984271197, 12.981824034265397 ], [ 80.259241573353094, 12.981823590460101 ], [ 80.2592752952105, 12.981823130023098 ], [ 80.259308622707593, 12.9818226739628 ], [ 80.259308674809901, 12.981822673962796 ], [ 80.259306541311105, 12.9817942774259 ], [ 80.259300960078207, 12.981719967595097 ], [ 80.259301066977699, 12.981714196373302 ], [ 80.259301125368196, 12.981711038088998 ], [ 80.259299851557202, 12.981674604019698 ], [ 80.259299271245496, 12.981657990635501 ], [ 80.259298925394106, 12.981648078102099 ] ] ] ] } },
{ "type": "Feature", "properties": { "id": null, "Name": null, "description": null, "timestamp": null, "begin": null, "end": null, "altitudeMode": null, "tessellate": -1, "extrude": 0, "visibility": -1, "drawOrder": null, "icon": null, "OBJECTID": 219.0, "OBJECTID_1": 224.0, "SLUM_NAME": "Periyar Nagar (Kanagam)", "WARD_NO": 180.0, "ZONE_NO": 13, "SHAPE.AREA": 16398.430144245001, "SHAPE.LEN": 1049.2910091292999, "total_area_sqm": 15466.530900713224, "area_outside_isochrone": 10433.6449536035, "pct_outside": 0.6745950349552764, "outside_isochrone": true, "true_metro_dist": 999999.0, "metro_covered": false, "metro_covered_red_only": false, "metro_covered_either_line": false }, "geometry": { "type": "MultiPolygon", "coordinates": [ [ [ [ 80.241205576370902, 12.986355025156298 ], [ 80.241121970167498, 12.986354781811901 ], [ 80.2411203900309, 12.986355641395399 ], [ 80.241089613749295, 12.986372389267702 ], [ 80.241088633687298, 12.986372932853602 ], [ 80.241037815991703, 12.9864011511734 ], [ 80.240986627291804, 12.98642957607 ], [ 80.240941124029405, 12.986454842739301 ], [ 80.240881133636407, 12.986488154648301 ], [ 80.240877255609405, 12.986490308857999 ], [ 80.240872630183901, 12.986492877103 ], [ 80.240821324703106, 12.986533520846397 ], [ 80.240831971535897, 12.986649574138299 ], [ 80.240831884399299, 12.986649743953896 ], [ 80.240824606248907, 12.986664170408696 ], [ 80.240840742686302, 12.986695328957101 ], [ 80.240866165907207, 12.986744417931002 ], [ 80.240866909712196, 12.9867461134612 ], [ 80.240890020669596, 12.986798766801599 ], [ 80.240904976720699, 12.9868328437099 ], [ 80.240906166988495, 12.986835555506801 ], [ 80.240909568908407, 12.9868433057487 ], [ 80.240913904178001, 12.986852356742402 ], [ 80.240926640492106, 12.986878953006796 ], [ 80.240933829709306, 12.986893964173898 ], [ 80.240943187459607, 12.9869135043371 ], [ 80.240968103132403, 12.986965530025099 ], [ 80.240978165161806, 12.986985410688902 ], [ 80.240999907985014, 12.987028374870796 ], [ 80.241003355719101, 12.987035190246502 ], [ 80.241004492087896, 12.987037427608499 ], [ 80.241005879984996, 12.987040177042699 ], [ 80.241006435143802, 12.987040947339395 ], [ 80.241006513297293, 12.987041056756601 ], [ 80.241006618400107, 12.987041202937903 ], [ 80.241020313216694, 12.987060237144602 ], [ 80.241036500858101, 12.9870827324327 ], [ 80.241041468541596, 12.987093788814798 ], [ 80.241051505418298, 12.987116114284499 ], [ 80.241059756444102, 12.9871344665981 ], [ 80.2410773885765, 12.987173686063702 ], [ 80.241094791638503, 12.9872123943265 ], [ 80.241121976455702, 12.987272858194798 ], [ 80.241143917806497, 12.987315028397001 ], [ 80.241160466570605, 12.987346833737297 ], [ 80.241172099753598, 12.987369190696299 ], [ 80.241189183015393, 12.987402021923202 ], [ 80.241206002172405, 12.9874343480771 ], [ 80.241206555534603, 12.987436871670299 ], [ 80.241215012274694, 12.987475473976501 ], [ 80.241222413494299, 12.9875092566791 ], [ 80.241228751108693, 12.987538190018899 ], [ 80.241231769448007, 12.987551965172496 ], [ 80.241233901150196, 12.987574009618301 ], [ 80.241237135085214, 12.9876074553036 ], [ 80.241240059999811, 12.987637700759199 ], [ 80.241245179498605, 12.9876906436465 ], [ 80.241240289968502, 12.987782552920299 ], [ 80.241233846352898, 12.987824127808601 ], [ 80.241218346821114, 12.9879241435021 ], [ 80.241220476726596, 12.988008406648898 ], [ 80.2412210902759, 12.988032650767899 ], [ 80.241238322658006, 12.9880873888801 ], [ 80.241258943485406, 12.988152883075898 ], [ 80.241275482368096, 12.988205421449496 ], [ 80.241280449153294, 12.988221193200898 ], [ 80.241292013165904, 12.988264645604803 ], [ 80.241308246621401, 12.988325651047896 ], [ 80.241320252605206, 12.988370762188699 ], [ 80.241344261877813, 12.9884609844457 ], [ 80.241370342665405, 12.988556269589502 ], [ 80.241384316858003, 12.9886073276919 ], [ 80.241396961543899, 12.988653526818601 ], [ 80.241411134264197, 12.988705306174099 ], [ 80.241437520478996, 12.988797478547102 ], [ 80.241456546796698, 12.988863932793601 ], [ 80.241481080685404, 12.988949636415498 ], [ 80.241487666234804, 12.988972326731203 ], [ 80.241504976770301, 12.989031957732101 ], [ 80.241524239344997, 12.989098317380195 ], [ 80.241538871104297, 12.989148722375202 ], [ 80.241558312443701, 12.989206489757198 ], [ 80.2415888659431, 12.989297276297998 ], [ 80.241608451012993, 12.989355470805901 ], [ 80.241618064783097, 12.989384038043099 ], [ 80.241628109744596, 12.989428843502001 ], [ 80.241646657260304, 12.989511573438099 ], [ 80.241668099147802, 12.989607211811499 ], [ 80.241668185386104, 12.989607568069998 ], [ 80.24168175893, 12.9896630087235 ], [ 80.241689998277806, 12.989720860892701 ], [ 80.241703952707397, 12.989818855566801 ], [ 80.241904003029603, 12.9898353362309 ], [ 80.242352903753499, 12.989872321435 ], [ 80.242604613492801, 12.989893061437401 ], [ 80.242612851942198, 12.989790720791397 ], [ 80.242623136753906, 12.989662952702501 ], [ 80.242628566171518, 12.989595508673698 ], [ 80.242555469358507, 12.989583520178298 ], [ 80.242457157733796, 12.989567398382199 ], [ 80.242399942236702, 12.989558014862602 ], [ 80.2423712976573, 12.989553316975401 ], [ 80.242332783287793, 12.989549607333799 ], [ 80.242201078589005, 12.989536918573501 ], [ 80.242067680565995, 12.989524067001501 ], [ 80.241968034943099, 12.989514468149498 ], [ 80.241955763956298, 12.989472829645099 ], [ 80.241925859040506, 12.989371347523702 ], [ 80.241901114946003, 12.989287380700599 ], [ 80.241882755178196, 12.9892250738787 ], [ 80.2418824758022, 12.989224130273396 ], [ 80.241857430772001, 12.989138582554901 ], [ 80.241837728022901, 12.989071281937798 ], [ 80.241822193456699, 12.989018218549099 ], [ 80.241805137144397, 12.9889599618137 ], [ 80.241796923847801, 12.988931909222099 ], [ 80.241788463514396, 12.988900224880398 ], [ 80.241759816240005, 12.988792953085699 ], [ 80.241742760826, 12.988729085424202 ], [ 80.24171904709911, 12.988640287428996 ], [ 80.241713354475195, 12.988618973104401 ], [ 80.241705049550404, 12.988591293365596 ], [ 80.241689814123205, 12.988540511864699 ], [ 80.241674036113594, 12.988487924543396 ], [ 80.241647718170697, 12.988400209248196 ], [ 80.241623979290907, 12.9883210896893 ], [ 80.241620380639901, 12.988307072986499 ], [ 80.241606928368498, 12.988254667685 ], [ 80.241586318320998, 12.9881743803851 ], [ 80.241564248511096, 12.988088401641001 ], [ 80.241554422738517, 12.9880501294308 ], [ 80.241543077016502, 12.988005932955598 ], [ 80.241525383798617, 12.987937006536299 ], [ 80.241525260729404, 12.987936528603898 ], [ 80.241496643997706, 12.987816642823597 ], [ 80.241489111624105, 12.987785086138601 ], [ 80.241464569650503, 12.987726836116702 ], [ 80.241443385579501, 12.987676558632002 ], [ 80.2414372303232, 12.987661950166398 ], [ 80.241425430053596, 12.9875918839651 ], [ 80.241403632433205, 12.9874624673634 ], [ 80.241384631268318, 12.987462412217198 ], [ 80.241384003345999, 12.9874596137689 ], [ 80.241370793619694, 12.9874006406431 ], [ 80.241356408897104, 12.9873364198631 ], [ 80.241345166481295, 12.987286235085101 ], [ 80.241344323861597, 12.987282475515499 ], [ 80.241391847435011, 12.987276093438098 ], [ 80.241388529058398, 12.987244271457399 ], [ 80.241385767637198, 12.987217784649198 ], [ 80.241382860688901, 12.987189913930898 ], [ 80.241379633940397, 12.98715896465 ], [ 80.241376271546301, 12.987126711988598 ], [ 80.241375229500605, 12.987116721768299 ], [ 80.241349582599199, 12.9871147846477 ], [ 80.241341758273094, 12.987075609814998 ], [ 80.241326012602812, 12.986996770817399 ], [ 80.241314020093796, 12.986936725293297 ], [ 80.241300962182805, 12.986856560114902 ], [ 80.241300575008907, 12.986851324719099 ], [ 80.241295460001695, 12.986782117871201 ], [ 80.241294615585304, 12.986770686830498 ], [ 80.241294480837993, 12.986768875755798 ], [ 80.241291493041402, 12.986728446508801 ], [ 80.241289655088295, 12.986703572018902 ], [ 80.241289645206805, 12.986703439842801 ], [ 80.241288632805507, 12.9866897390459 ], [ 80.241286496611806, 12.986660828366199 ], [ 80.241286418458301, 12.986659780585901 ], [ 80.241286402288694, 12.986659559125297 ], [ 80.2412863609662, 12.986658997157896 ], [ 80.241288956199, 12.986639541007198 ], [ 80.241291723010093, 12.986618838372699 ], [ 80.241291854164103, 12.986617826481202 ], [ 80.241295009945702, 12.986594174828499 ], [ 80.241297246750804, 12.986577405962898 ], [ 80.241297291666498, 12.986577078586201 ], [ 80.241297342870496, 12.986576689060399 ], [ 80.241300681908399, 12.986551662246297 ], [ 80.241300986437295, 12.9865493846145 ], [ 80.241301062794093, 12.986548813893499 ], [ 80.24130113106601, 12.986548300069501 ], [ 80.241301175981803, 12.986547963939399 ], [ 80.241301257728495, 12.986547345074698 ], [ 80.241301354746597, 12.9865466194187 ], [ 80.241302888170793, 12.986535127968803 ], [ 80.241313436188804, 12.986465119222096 ], [ 80.2413135529698, 12.986464349798901 ], [ 80.241315580467401, 12.986422428924001 ], [ 80.241336792386207, 12.9864218205631 ], [ 80.241344996699695, 12.986421583346198 ], [ 80.241345036225596, 12.9864215824708 ], [ 80.241345041615503, 12.986421469551997 ], [ 80.241346569649806, 12.986393880603698 ], [ 80.241347046655207, 12.9863852532576 ], [ 80.241347125706895, 12.9863591646373 ], [ 80.241205576370902, 12.986355025156298 ] ] ] ] } },
{ "type": "Feature", "properties": { "id": null, "Name": null, "description": null, "timestamp": null, "begin": null, "end": null, "altitudeMode": null, "tessellate": -1, "extrude": 0, "visibility": -1, "drawOrder": null, "icon": null, "OBJECTID": 220.0, "OBJECTID_1": 225.0, "SLUM_NAME": "M G R Nagar", "WARD_NO": 180.0, "ZONE_NO": 13, "SHAPE.AREA": 18281.964354529999, "SHAPE.LEN": 569.90802754532103, "total_area_sqm": 17243.235442795474, "area_outside_isochrone": 7162.409088232851, "pct_outside": 0.41537500963749996, "outside_isochrone": false, "true_metro_dist": 999999.0, "metro_covered": false, "metro_covered_red_only": false, "metro_covered_either_line": false }, "geometry": { "type": "MultiPolygon", "coordinates": [ [ [ [ 80.242730241088594, 12.9863421051431 ], [ 80.242667537783504, 12.986340412236197 ], [ 80.242631257524096, 12.9863394274791 ], [ 80.242612940875503, 12.986338931161502 ], [ 80.242592180809197, 12.986338373570101 ], [ 80.242556599439197, 12.986337416823902 ], [ 80.242536844587704, 12.986337022920997 ], [ 80.242532209280895, 12.986336931885701 ], [ 80.242482482140005, 12.986336190472997 ], [ 80.242445547907096, 12.986335855217897 ], [ 80.242364019506795, 12.986335469193001 ], [ 80.242348130106095, 12.9863349693741 ], [ 80.242308726404502, 12.986335063910801 ], [ 80.242268887019904, 12.986335159322801 ], [ 80.242232254621001, 12.986335255610197 ], [ 80.242195066164896, 12.986335421924702 ], [ 80.242135647100397, 12.986335540095601 ], [ 80.242070139254906, 12.986335632006199 ], [ 80.2420700323554, 12.9863356328816 ], [ 80.242048811453401, 12.986335684526598 ], [ 80.241993424027996, 12.986335908613603 ], [ 80.241957190481003, 12.986335929621699 ], [ 80.241896511080199, 12.9863360477926 ], [ 80.241843890465802, 12.9863361178197 ], [ 80.241811992188303, 12.986336249120702 ], [ 80.241793128465702, 12.986336294638402 ], [ 80.241722077116606, 12.986336597505899 ], [ 80.241629347623103, 12.986336685039902 ], [ 80.2416046107151, 12.986336744562999 ], [ 80.241572266873305, 12.986336815465497 ], [ 80.241539285227603, 12.986336917880202 ], [ 80.241509943555499, 12.9863369887827 ], [ 80.241477757817194, 12.986337050931899 ], [ 80.241433831996403, 12.986337151595899 ], [ 80.241421375058394, 12.986335169826901 ], [ 80.241415091343001, 12.986334170188901 ], [ 80.241392889480807, 12.9863306381933 ], [ 80.241390417317106, 12.986334648999801 ], [ 80.2413903032311, 12.9863348336964 ], [ 80.241380249286394, 12.9863511439004 ], [ 80.241380057046896, 12.986351454645998 ], [ 80.241364211663594, 12.986390774023898 ], [ 80.241354193651503, 12.986418619446999 ], [ 80.24133280835791, 12.9864685207903 ], [ 80.241310143863302, 12.986546420716801 ], [ 80.241306500296503, 12.986573725163101 ], [ 80.241306404176797, 12.986574442940897 ], [ 80.241301011590096, 12.9866148625843 ], [ 80.241300875944503, 12.986615882353902 ], [ 80.241295518392107, 12.986656033261601 ], [ 80.241295654037799, 12.9866578644698 ], [ 80.241298802632798, 12.986700475946996 ], [ 80.241298812514316, 12.986700608123101 ], [ 80.241303638264, 12.9867659118608 ], [ 80.241303773011296, 12.986767723810797 ], [ 80.241308550252, 12.986795336351801 ], [ 80.241309100919295, 12.9867972655969 ], [ 80.241319458494516, 12.986833518595397 ], [ 80.2413288458892, 12.986866201085798 ], [ 80.241333156904304, 12.9868810371861 ], [ 80.241333197328402, 12.986881636792397 ], [ 80.241341104299593, 12.9869587951785 ], [ 80.241345230261615, 12.986971293246896 ], [ 80.241350686628707, 12.9870127142116 ], [ 80.241359458677493, 12.987079291482701 ], [ 80.241363157939801, 12.987107376671002 ], [ 80.241376692856207, 12.9871074291912 ], [ 80.241376744958501, 12.987107429191196 ], [ 80.241386197031915, 12.987107465955399 ], [ 80.241391762993402, 12.9871592701425 ], [ 80.241398084438003, 12.9872181050224 ], [ 80.241495394441202, 12.9872244538385 ], [ 80.2414954492384, 12.9872244573399 ], [ 80.241505193264302, 12.987225092834199 ], [ 80.241507254897897, 12.987225226760698 ], [ 80.241507621410506, 12.987225250394799 ], [ 80.241517042941197, 12.987225864881099 ], [ 80.241593446452811, 12.987230850798001 ], [ 80.241621811656202, 12.987232701259501 ], [ 80.241653480863206, 12.9872347670537 ], [ 80.241674872445103, 12.987236162340098 ], [ 80.241697385124397, 12.9872376311547 ], [ 80.241741157333195, 12.987240486502399 ], [ 80.241784429180498, 12.987234624373798 ], [ 80.2418239424766, 12.987229273441599 ], [ 80.241927322396094, 12.987215269807198 ], [ 80.241925366763695, 12.987200779484901 ], [ 80.241920618269106, 12.987170811457798 ], [ 80.241925346102505, 12.987168842825401 ], [ 80.241945038071805, 12.987168263352498 ], [ 80.241956708984006, 12.987167920220502 ], [ 80.241973277511093, 12.987167432657898 ], [ 80.241999978136306, 12.987166648356199 ], [ 80.242012034425699, 12.987166292094102 ], [ 80.242036864758504, 12.987165562938596 ], [ 80.242072245804295, 12.9871645221632 ], [ 80.242146752073893, 12.987162330319901 ], [ 80.242190176634693, 12.987161054078898 ], [ 80.242230919724506, 12.987159854867498 ], [ 80.242239000070498, 12.987159617651201 ], [ 80.242361887804705, 12.987156996892901 ], [ 80.242362204011698, 12.9871569907655 ], [ 80.242371642610294, 12.987156789437998 ], [ 80.242371973190401, 12.987156772806696 ], [ 80.242372308262006, 12.987156754424594 ], [ 80.242381451314998, 12.987156275615394 ], [ 80.242483620305507, 12.987152422382701 ], [ 80.242504281557004, 12.987150033588598 ], [ 80.242642008561404, 12.987134115587999 ], [ 80.242712577515206, 12.987125958323501 ], [ 80.242723742675807, 12.9871246680769 ], [ 80.242766665078406, 12.987119707542597 ], [ 80.242811231397994, 12.987114555309399 ], [ 80.242862643778295, 12.9871086126468 ], [ 80.242884053326506, 12.987106139819799 ], [ 80.242957065697894, 12.987097699820596 ], [ 80.242957432210503, 12.987097657804396 ], [ 80.242966641738803, 12.987096593394599 ], [ 80.242967868837496, 12.98709645159 ], [ 80.242968233553498, 12.9870964086985 ], [ 80.242977423318806, 12.987095346914698 ], [ 80.243011062531295, 12.987091458667701 ], [ 80.243042041832098, 12.987087877663896 ], [ 80.243045754569195, 12.987033841351897 ], [ 80.243051957436293, 12.986943539796197 ], [ 80.243054867977804, 12.986901169953901 ], [ 80.243057439854496, 12.986863745763198 ], [ 80.243058146828602, 12.986853459668099 ], [ 80.243064196083694, 12.986765388408596 ], [ 80.243064663207704, 12.986754646258301 ], [ 80.243066582009106, 12.986730666366698 ], [ 80.243068504403794, 12.9867026861765 ], [ 80.243072174920101, 12.986649242384898 ], [ 80.243074888730504, 12.9866097471049 ], [ 80.243078317599995, 12.986559838787198 ], [ 80.243078716452004, 12.986554038791599 ], [ 80.243086557846098, 12.986446887655898 ], [ 80.243093269159601, 12.9863551704627 ], [ 80.243093275447805, 12.986355084679399 ], [ 80.24309345600912, 12.986352626725699 ], [ 80.243093470382206, 12.986351908071899 ], [ 80.243046193845402, 12.986350679095001 ], [ 80.242995437235194, 12.986349682083199 ], [ 80.242995382437996, 12.986349681207804 ], [ 80.242901073706193, 12.986346715557101 ], [ 80.242821226053906, 12.986344560470901 ], [ 80.242791071406401, 12.986343747280403 ], [ 80.242730241088594, 12.9863421051431 ] ] ] ] } },
{ "type": "Feature", "properties": { "id": null, "Name": null, "description": null, "timestamp": null, "begin": null, "end": null, "altitudeMode": null, "tessellate": -1, "extrude": 0, "visibility": -1, "drawOrder": null, "icon": null, "OBJECTID": 221.0, "OBJECTID_1": 226.0, "SLUM_NAME": "Annastreet", "WARD_NO": 181.0, "ZONE_NO": 13, "SHAPE.AREA": 11508.80675691, "SHAPE.LEN": 655.83456545559898, "total_area_sqm": 10854.742949374649, "area_outside_isochrone": 7517.2362645759013, "pct_outside": 0.69253010408772275, "outside_isochrone": true, "true_metro_dist": 1408.3850795812557, "metro_covered": false, "metro_covered_red_only": false, "metro_covered_either_line": false }, "geometry": { "type": "MultiPolygon", "coordinates": [ [ [ [ 80.262085383522802, 12.986335134813297 ], [ 80.2620805766377, 12.986270308897998 ], [ 80.261968716621894, 12.986273586170597 ], [ 80.261973291741597, 12.986340991711097 ], [ 80.261977787809599, 12.986407270671402 ], [ 80.2619020310851, 12.986420050626901 ], [ 80.261897302353404, 12.986420890077401 ], [ 80.261830059861097, 12.986432840210401 ], [ 80.261829653822602, 12.986432889229398 ], [ 80.261754314814695, 12.986441906975202 ], [ 80.261776867019904, 12.986642292196501 ], [ 80.261790160289493, 12.986771114870901 ], [ 80.261808765297303, 12.986991159029598 ], [ 80.261779181978397, 12.986995172451397 ], [ 80.261791787138506, 12.987084518120302 ], [ 80.261801470078893, 12.9871531471616 ], [ 80.261803287370697, 12.987166025991797 ], [ 80.261818424881596, 12.987167925472502 ], [ 80.261866770413505, 12.987463224528701 ], [ 80.261782968377304, 12.987470540584598 ], [ 80.261702039153306, 12.987477607169501 ], [ 80.261704593961994, 12.987513723516498 ], [ 80.261707134397696, 12.987549628026999 ], [ 80.261712494644996, 12.987625390921298 ], [ 80.261712941107703, 12.987631716093 ], [ 80.261745598461502, 12.987848868260102 ], [ 80.261745606546299, 12.987848923406197 ], [ 80.261746226383906, 12.987853037477597 ], [ 80.261746265909693, 12.987853306205299 ], [ 80.261766835533095, 12.987990078909199 ], [ 80.261774647282806, 12.988042016838399 ], [ 80.261774652672699, 12.988042058854397 ], [ 80.261775086558998, 12.988044943954201 ], [ 80.261775153034307, 12.988045384246998 ], [ 80.261775160220907, 12.988045430639698 ], [ 80.261775800719704, 12.988049693514597 ], [ 80.261776063027696, 12.9880514328026 ], [ 80.261790889721496, 12.9881591434595 ], [ 80.261772562293004, 12.988161269643999 ], [ 80.261747884673895, 12.988164131108398 ], [ 80.261728400215404, 12.988166391218799 ], [ 80.261836694817802, 12.988673485251898 ], [ 80.262312371625399, 12.988559217707202 ], [ 80.262238766365996, 12.9881880723468 ], [ 80.262238739416503, 12.988187922664899 ], [ 80.262239761699306, 12.988172080884798 ], [ 80.262239782360595, 12.988171933828802 ], [ 80.262239773377402, 12.988171909319501 ], [ 80.262219705912315, 12.988070259477903 ], [ 80.262223044051794, 12.988059846509497 ], [ 80.262212942496504, 12.9879913796554 ], [ 80.262212882309399, 12.9879906583803 ], [ 80.262212878716099, 12.987990617239603 ], [ 80.262212412490499, 12.987985035235502 ], [ 80.262212407998902, 12.9879849897181 ], [ 80.262212405303899, 12.987984954704796 ], [ 80.262196635379098, 12.987796092595396 ], [ 80.262196540157703, 12.987795953417198 ], [ 80.262193175966999, 12.987790988519597 ], [ 80.262192950489805, 12.987790658518499 ], [ 80.262180763046402, 12.987603962716101 ], [ 80.262180733402005, 12.987603585446598 ], [ 80.262180736995205, 12.987603553059198 ], [ 80.262178932279795, 12.987594992280597 ], [ 80.262178879279205, 12.987594724427996 ], [ 80.262178872991001, 12.9875946937913 ], [ 80.262164402928406, 12.987437237560599 ], [ 80.262159635569205, 12.987342134057501 ], [ 80.262153969894698, 12.9872652690282 ], [ 80.262151766327307, 12.9872353745372 ], [ 80.262130757427798, 12.986950351672901 ], [ 80.262116652081204, 12.986758984434399 ], [ 80.262106184911516, 12.9866169931587 ], [ 80.262085383522802, 12.986335134813297 ] ] ] ] } },
{ "type": "Feature", "properties": { "id": null, "Name": null, "description": null, "timestamp": null, "begin": null, "end": null, "altitudeMode": null, "tessellate": -1, "extrude": 0, "visibility": -1, "drawOrder": null, "icon": null, "OBJECTID": 225.0, "OBJECTID_1": 230.0, "SLUM_NAME": "Nehru Street (Kanagam)", "WARD_NO": 180.0, "ZONE_NO": 13, "SHAPE.AREA": 26005.040744124999, "SHAPE.LEN": 1161.84797770001, "total_area_sqm": 24526.198948415313, "area_outside_isochrone": 5332.4245724232742, "pct_outside": 0.21741748828013208, "outside_isochrone": false, "true_metro_dist": 999999.0, "metro_covered": false, "metro_covered_red_only": false, "metro_covered_either_line": false }, "geometry": { "type": "MultiPolygon", "coordinates": [ [ [ [ 80.243203370274003, 12.994625982036998 ], [ 80.243177694626596, 12.994492928682504 ], [ 80.242974203756802, 12.9945204659632 ], [ 80.242928549577499, 12.994340303292798 ], [ 80.242928476814001, 12.994340018816599 ], [ 80.242921974807899, 12.9943143608099 ], [ 80.242921955045006, 12.9943142820318 ], [ 80.242921910129198, 12.994314105218898 ], [ 80.242876384408902, 12.9941344465787 ], [ 80.242876278407707, 12.994134033431296 ], [ 80.242958852447003, 12.9941039419465 ], [ 80.242959820830805, 12.994103589195602 ], [ 80.242916928970999, 12.9939104925983 ], [ 80.242916918191199, 12.993910445331398 ], [ 80.242916878665298, 12.9939102650169 ], [ 80.242910395523893, 12.993881074202196 ], [ 80.242910354201399, 12.993880893012397 ], [ 80.242862058076796, 12.993663454639799 ], [ 80.242822022859499, 12.993504410059698 ], [ 80.242821937519594, 12.993504071312998 ], [ 80.2428208298968, 12.993499668481402 ], [ 80.242937038656905, 12.993446167506297 ], [ 80.242937200353694, 12.9934460931046 ], [ 80.242937949548605, 12.993445748230601 ], [ 80.243063468448298, 12.9933879599518 ], [ 80.243063619365302, 12.993387890802001 ], [ 80.243063692128814, 12.9933878566647 ], [ 80.243063979589706, 12.993387816400199 ], [ 80.243090899403796, 12.993384040292 ], [ 80.243091014388199, 12.9933840341648 ], [ 80.2432750863764, 12.993358206248198 ], [ 80.243295883273603, 12.993355288823496 ], [ 80.243267933091815, 12.993112267136899 ], [ 80.2432446882855, 12.993038037719296 ], [ 80.243237146030395, 12.993037467888604 ], [ 80.243117983609693, 12.993028462636699 ], [ 80.243103901619193, 12.993027399127596 ], [ 80.243103578225799, 12.993009876173797 ], [ 80.243099420822617, 12.9927844453948 ], [ 80.242807577949804, 12.992709435096298 ], [ 80.242424540804194, 12.992608585401399 ], [ 80.242381154870898, 12.992296472339399 ], [ 80.242368821900399, 12.9920637241171 ], [ 80.242355013896102, 12.991925444604698 ], [ 80.242347416843799, 12.991849368781999 ], [ 80.242346522121693, 12.991840402000998 ], [ 80.242344019415413, 12.991815340704497 ], [ 80.242373215560406, 12.991810655989799 ], [ 80.242381589655494, 12.991809312373 ], [ 80.242375899726497, 12.991741866300998 ], [ 80.242375661672895, 12.991739028511498 ], [ 80.242375548485199, 12.991737692772197 ], [ 80.242374541473794, 12.9917262470791 ], [ 80.242374519914193, 12.991726003739899 ], [ 80.242372672977993, 12.991705027553902 ], [ 80.242372632553796, 12.9917045706365 ], [ 80.242370081338393, 12.991675584387499 ], [ 80.2423654639978, 12.9916230975165 ], [ 80.242010235100196, 12.991643920528301 ], [ 80.241997752111018, 12.991644651421298 ], [ 80.241976461140496, 12.991645899628997 ], [ 80.241937013421406, 12.991648212227002 ], [ 80.241866771454397, 12.991652329736798 ], [ 80.241873774720304, 12.991691593130396 ], [ 80.241881303500705, 12.991733803722498 ], [ 80.241888578057896, 12.991774595412902 ], [ 80.241894276071704, 12.9918065463605 ], [ 80.241907329491113, 12.991879731013897 ], [ 80.2419098483672, 12.991893862182099 ], [ 80.241911533606697, 12.991898482121501 ], [ 80.241913021216803, 12.9919040351521 ], [ 80.241913052657807, 12.9919041550709 ], [ 80.241916471645794, 12.991916925114996 ], [ 80.241916479730605, 12.991916954000601 ], [ 80.241924422634398, 12.991946633474798 ], [ 80.241924473838296, 12.991947150788899 ], [ 80.241929121721597, 12.991995123567502 ], [ 80.241936865199307, 12.992075061254996 ], [ 80.241945277023703, 12.992159770281697 ], [ 80.241945452195196, 12.992163716220498 ], [ 80.241950584270398, 12.9922793073394 ], [ 80.241952369222901, 12.992319515102603 ], [ 80.241954977930405, 12.992334938215901 ], [ 80.241971109876317, 12.992430285771698 ], [ 80.241971480880494, 12.992432476693198 ], [ 80.241972295652502, 12.992436307085599 ], [ 80.241984115685, 12.9924919317997 ], [ 80.242013050420297, 12.992487829184299 ], [ 80.242040532579793, 12.992485534975799 ], [ 80.242065044010602, 12.992715450276199 ], [ 80.242091376326513, 12.992869452662498 ], [ 80.242115468244094, 12.9928649727917 ], [ 80.242188576735202, 12.992854162630501 ], [ 80.242287639351503, 12.993208376793897 ], [ 80.242409200274096, 12.993712001292604 ], [ 80.242526874186396, 12.994121506838001 ], [ 80.242537186845894, 12.994160407462001 ], [ 80.242516293828999, 12.994170575962601 ], [ 80.242627572634802, 12.994625071714099 ], [ 80.242693476637299, 12.994907585011497 ], [ 80.242779974517717, 12.995278130371901 ], [ 80.242811991372704, 12.995384992347095 ], [ 80.2428419349161, 12.995484937597 ], [ 80.243016104774995, 12.995425052555699 ], [ 80.243016471287604, 12.995424923885496 ], [ 80.243053538471202, 12.995412182906994 ], [ 80.243053928340004, 12.995412047234302 ], [ 80.2430653944363, 12.995408103973098 ], [ 80.243168362029095, 12.995369437251798 ], [ 80.243180269198206, 12.995364965303899 ], [ 80.243120077582603, 12.995177920695602 ], [ 80.243098123655301, 12.995109701765598 ], [ 80.243066595483796, 12.995011731061997 ], [ 80.243077248604806, 12.995008034631596 ], [ 80.243161448594705, 12.994978822063199 ], [ 80.243164607969504, 12.994977726176097 ], [ 80.243164989753495, 12.9949775940044 ], [ 80.243249333473898, 12.9949483306644 ], [ 80.243241593589403, 12.994894043973499 ], [ 80.243241534300594, 12.994893633453298 ], [ 80.243241396858295, 12.994892674114096 ], [ 80.243203370274003, 12.994625982036998 ] ] ] ] } },
{ "type": "Feature", "properties": { "id": null, "Name": null, "description": null, "timestamp": null, "begin": null, "end": null, "altitudeMode": null, "tessellate": -1, "extrude": 0, "visibility": -1, "drawOrder": null, "icon": null, "OBJECTID": 467.0, "OBJECTID_1": 618.0, "SLUM_NAME": "Annai Sathya Nagar", "WARD_NO": 183.0, "ZONE_NO": 14, "SHAPE.AREA": 4520.4088266899998, "SHAPE.LEN": 285.43240096130899, "total_area_sqm": 4263.945371755296, "area_outside_isochrone": 4263.945371755296, "pct_outside": 1.0, "outside_isochrone": true, "true_metro_dist": 1542.682509801175, "metro_covered": false, "metro_covered_red_only": false, "metro_covered_either_line": false }, "geometry": { "type": "MultiPolygon", "coordinates": [ [ [ [ 80.248323803326102, 12.97576666965 ], [ 80.248116091272905, 12.974955748919198 ], [ 80.247687876953407, 12.975074589572598 ], [ 80.247687796104998, 12.975074612332397 ], [ 80.247690890801096, 12.975084770234201 ], [ 80.247930697862799, 12.975871832157702 ], [ 80.248323803326102, 12.97576666965 ] ] ] ] } },
{ "type": "Feature", "properties": { "id": null, "Name": null, "description": null, "timestamp": null, "begin": null, "end": null, "altitudeMode": null, "tessellate": -1, "extrude": 0, "visibility": -1, "drawOrder": null, "icon": null, "OBJECTID": 468.0, "OBJECTID_1": 619.0, "SLUM_NAME": "Bethel Nagar", "WARD_NO": 196.0, "ZONE_NO": 15, "SHAPE.AREA": 221994.40337327501, "SHAPE.LEN": 2392.8804778662402, "total_area_sqm": 209488.43544082192, "area_outside_isochrone": 208392.20597953864, "pct_outside": 0.99476711228008119, "outside_isochrone": true, "true_metro_dist": 999999.0, "metro_covered": false, "metro_covered_red_only": false, "metro_covered_either_line": false }, "geometry": { "type": "MultiPolygon", "coordinates": [ [ [ [ 80.246508091642895, 12.919805346399301 ], [ 80.246366148844899, 12.918686097406701 ], [ 80.246030494237303, 12.918721721147397 ], [ 80.246029710906399, 12.918715336437602 ], [ 80.245876919154597, 12.9174721772768 ], [ 80.245852025939797, 12.917473918808799 ], [ 80.245799902093793, 12.917477565606401 ], [ 80.245178202340099, 12.9175210723799 ], [ 80.245191876495397, 12.917593031160299 ], [ 80.245191918716216, 12.917593251806801 ], [ 80.245219421536902, 12.917737985346697 ], [ 80.245230526510497, 12.917796426852599 ], [ 80.245230565138002, 12.917796632613999 ], [ 80.245236038573097, 12.9178254348344 ], [ 80.245236086183795, 12.917825688752702 ], [ 80.245284590717503, 12.918080943962 ], [ 80.245284606887196, 12.9180810288932 ], [ 80.245290789991316, 12.918113570680598 ], [ 80.245290799872805, 12.918113624966496 ], [ 80.245559283853297, 12.9195265259905 ], [ 80.245559334158997, 12.919526789538502 ], [ 80.2455641805699, 12.919552294146202 ], [ 80.245564214705894, 12.9195524762657 ], [ 80.245608134238495, 12.919783599779198 ], [ 80.245608143221702, 12.9197836461846 ], [ 80.245612271878699, 12.919805372666501 ], [ 80.245642441797514, 12.919964139483801 ], [ 80.245642496594698, 12.9199644292984 ], [ 80.245640958679004, 12.9199647891589 ], [ 80.245622174008005, 12.919969043567798 ], [ 80.244896537379418, 12.920133377170202 ], [ 80.244896503243396, 12.920133385050301 ], [ 80.244863746176605, 12.920140803774798 ], [ 80.244863401223597, 12.920140881700698 ], [ 80.244249117960905, 12.9202799943444 ], [ 80.244248908653404, 12.920280042500901 ], [ 80.244216438149195, 12.920287261590598 ], [ 80.244216063551704, 12.920287344769902 ], [ 80.243664524018399, 12.920409961567799 ], [ 80.243664387474496, 12.920409992212701 ], [ 80.243636004304804, 12.920416303331196 ], [ 80.243635702470797, 12.920416369874598 ], [ 80.243446585544007, 12.920458413932298 ], [ 80.243411238634096, 12.9204662721838 ], [ 80.243479220439895, 12.920800315501602 ], [ 80.2434792985933, 12.9208006998768 ], [ 80.244377727963496, 12.925215222701897 ], [ 80.244684473886906, 12.925138873459199 ], [ 80.244684764941098, 12.925138800788098 ], [ 80.245015093437402, 12.925056581800797 ], [ 80.245033366966894, 12.925052033292001 ], [ 80.245430318117897, 12.924953231256399 ], [ 80.245430564256296, 12.924953169967496 ], [ 80.245461097094505, 12.9249455710217 ], [ 80.245461453725596, 12.924945481714998 ], [ 80.246056574126612, 12.924797352568103 ], [ 80.246056640602006, 12.924797335932498 ], [ 80.246090682259705, 12.924788863177001 ], [ 80.246090992178395, 12.924788786128101 ], [ 80.24642976394, 12.924704463939197 ], [ 80.246462100595295, 12.9246964149498 ], [ 80.247299468780696, 12.924487986045902 ], [ 80.247433651033006, 12.924480507912699 ], [ 80.247431047715295, 12.924457696146701 ], [ 80.247431002799502, 12.924457303897102 ], [ 80.247406309908996, 12.9242409107187 ], [ 80.247406274874706, 12.924240599895597 ], [ 80.247403013091898, 12.924212015553502 ], [ 80.247440883369407, 12.9242024422015 ], [ 80.247441187898204, 12.924202365152402 ], [ 80.247570236278705, 12.924169740104896 ], [ 80.247454893494506, 12.923672804295396 ], [ 80.247454855765298, 12.923672644067898 ], [ 80.247397826219498, 12.923426939061997 ], [ 80.247397788490204, 12.923426777958898 ], [ 80.247376579266401, 12.923335397411902 ], [ 80.247368842076796, 12.923307996724896 ], [ 80.247368816025698, 12.923307904791001 ], [ 80.247358005699496, 12.923269619122403 ], [ 80.247357980546695, 12.923269530690698 ], [ 80.247287678392595, 12.923020542805402 ], [ 80.247287634375098, 12.9230203860798 ], [ 80.247278939581506, 12.9229895908031 ], [ 80.247138899415205, 12.922493614889898 ], [ 80.247138853601101, 12.922493452910498 ], [ 80.247131169412214, 12.922466236875199 ], [ 80.247131157734103, 12.922466197474801 ], [ 80.247131104733498, 12.922465966325897 ], [ 80.247130001602315, 12.922461257541695 ], [ 80.247076932728604, 12.9222346264034 ], [ 80.247076832117301, 12.922234194749796 ], [ 80.247069103910903, 12.922201192076599 ], [ 80.247069085944602, 12.922201114151296 ], [ 80.246508091642895, 12.919805346399301 ] ] ] ] } },
{ "type": "Feature", "properties": { "id": null, "Name": null, "description": null, "timestamp": null, "begin": null, "end": null, "altitudeMode": null, "tessellate": -1, "extrude": 0, "visibility": -1, "drawOrder": null, "icon": null, "OBJECTID": 469.0, "OBJECTID_1": 620.0, "SLUM_NAME": "Chinna Neelangarai Kuppam", "WARD_NO": 192.0, "ZONE_NO": 15, "SHAPE.AREA": 30094.517302015, "SHAPE.LEN": 891.84375446050501, "total_area_sqm": 28391.741044646998, "area_outside_isochrone": 28391.741044647002, "pct_outside": 1.0000000000000002, "outside_isochrone": true, "true_metro_dist": 999999.0, "metro_covered": false, "metro_covered_red_only": false, "metro_covered_either_line": false }, "geometry": { "type": "MultiPolygon", "coordinates": [ [ [ [ 80.262732954756601, 12.955474529144201 ], [ 80.262193955704603, 12.952533880088597 ], [ 80.262149720863405, 12.952541978956202 ], [ 80.261972542546701, 12.952574417321699 ], [ 80.2619725030208, 12.952574424325299 ], [ 80.261899176239098, 12.952587849480899 ], [ 80.261487597820306, 12.952663201052898 ], [ 80.261487295088102, 12.952663256206797 ], [ 80.261479784274002, 12.952664630676098 ], [ 80.261482535813698, 12.9526833068245 ], [ 80.261594402117694, 12.953443490449796 ], [ 80.261732998691301, 12.953971729192602 ], [ 80.261733015759305, 12.953971795727099 ], [ 80.261739104540311, 12.9539950031249 ], [ 80.26173916382912, 12.953995229867298 ], [ 80.261746529116095, 12.954023297780198 ], [ 80.2614518879912, 12.954096407758 ], [ 80.261561716916106, 12.954613287886398 ], [ 80.261561728594202, 12.9546133421644 ], [ 80.261567202927495, 12.954639105819998 ], [ 80.261567278385996, 12.954639463004098 ], [ 80.261687665210502, 12.955206022003901 ], [ 80.262032465565994, 12.955134576581296 ], [ 80.262111820043302, 12.955352067029397 ], [ 80.262136379983104, 12.955352996755899 ], [ 80.262169815278, 12.955354262654801 ], [ 80.262170126993411, 12.955354274911 ], [ 80.262456373362099, 12.9553651129659 ], [ 80.262511290968604, 12.9555221832921 ], [ 80.262724035384096, 12.955476446375901 ], [ 80.262732954756601, 12.955474529144201 ] ] ] ] } },
{ "type": "Feature", "properties": { "id": null, "Name": null, "description": null, "timestamp": null, "begin": null, "end": null, "altitudeMode": null, "tessellate": -1, "extrude": 0, "visibility": -1, "drawOrder": null, "icon": null, "OBJECTID": 471.0, "OBJECTID_1": 622.0, "SLUM_NAME": "Ganesh Nagar", "WARD_NO": 193.0, "ZONE_NO": 15, "SHAPE.AREA": 8828.2851321950002, "SHAPE.LEN": 877.08577678356198, "total_area_sqm": 8329.2349680221396, "area_outside_isochrone": 8329.2349680221414, "pct_outside": 1.0000000000000002, "outside_isochrone": true, "true_metro_dist": 1447.0378658994171, "metro_covered": false, "metro_covered_red_only": false, "metro_covered_either_line": false }, "geometry": { "type": "MultiPolygon", "coordinates": [ [ [ [ 80.247986522767903, 12.945955820353101 ], [ 80.247985709792502, 12.945952923384002 ], [ 80.247985603791307, 12.945952944395598 ], [ 80.247982783081298, 12.945953489820701 ], [ 80.247861356007803, 12.945976958858799 ], [ 80.248257296554101, 12.947704473432898 ], [ 80.248594956201401, 12.949516028971999 ], [ 80.248601668413201, 12.9495520431473 ], [ 80.248601682786202, 12.949552114060301 ], [ 80.248602290945698, 12.949552081667997 ], [ 80.2486068301328, 12.9495518006424 ], [ 80.248829180233599, 12.949538048773199 ], [ 80.248832927106605, 12.949537827279498 ], [ 80.248833354704701, 12.9495377870079 ], [ 80.248833505621704, 12.949537781755099 ], [ 80.248766941357502, 12.949218539095899 ], [ 80.248765289355703, 12.949210613463304 ], [ 80.248377027608399, 12.9473485126796 ], [ 80.248135614358901, 12.9464875418704 ], [ 80.2481332616712, 12.946479150395698 ], [ 80.247986522767903, 12.945955820353101 ] ] ] ] } },
{ "type": "Feature", "properties": { "id": null, "Name": null, "description": null, "timestamp": null, "begin": null, "end": null, "altitudeMode": null, "tessellate": -1, "extrude": 0, "visibility": -1, "drawOrder": null, "icon": null, "OBJECTID": 473.0, "OBJECTID_1": 624.0, "SLUM_NAME": "Thiruvallluvar Nagar", "WARD_NO": 192.0, "ZONE_NO": 15, "SHAPE.AREA": 22129.215689519999, "SHAPE.LEN": 651.55404319792206, "total_area_sqm": 20878.717487141581, "area_outside_isochrone": 20802.363543031974, "pct_outside": 0.99634297728504484, "outside_isochrone": true, "true_metro_dist": 999999.0, "metro_covered": false, "metro_covered_red_only": false, "metro_covered_either_line": false }, "geometry": { "type": "MultiPolygon", "coordinates": [ [ [ [ 80.250334298509003, 12.9445191077768 ], [ 80.250334319170307, 12.944519021103698 ], [ 80.250327399447599, 12.944520602232801 ], [ 80.250044316945406, 12.9445852849388 ], [ 80.250043939652997, 12.944585371612 ], [ 80.250019840548802, 12.944590878422298 ], [ 80.249792187692904, 12.944642894573898 ], [ 80.249761298223603, 12.944649952744802 ], [ 80.249548631063206, 12.944698544857699 ], [ 80.249525605445797, 12.9447038065295 ], [ 80.249525247916395, 12.944703888825202 ], [ 80.249315960218098, 12.944751708748896 ], [ 80.249315541603195, 12.944751804176898 ], [ 80.249286242151896, 12.9447584981425 ], [ 80.24928601577642, 12.944758549796202 ], [ 80.249089337729799, 12.9448034884858 ], [ 80.249089291915695, 12.944803499867097 ], [ 80.2490516129794, 12.9448121085187 ], [ 80.249051245568495, 12.944812192565299 ], [ 80.248653060132298, 12.944903173904198 ], [ 80.248642879525093, 12.944905498318001 ], [ 80.248252668433693, 12.944994644606002 ], [ 80.248253371814599, 12.945002178155301 ], [ 80.248253398764106, 12.945002468816297 ], [ 80.248326874666105, 12.945790187031999 ], [ 80.248376432025395, 12.945783249709999 ], [ 80.248376717689595, 12.945783209437799 ], [ 80.249116928585394, 12.945679595205 ], [ 80.249196599269695, 12.945668441554997 ], [ 80.249197028664398, 12.945668404784698 ], [ 80.249233181362996, 12.945665246918399 ], [ 80.249233435586206, 12.945665225031298 ], [ 80.249720579388395, 12.945622674814496 ], [ 80.249845948269396, 12.945611724273997 ], [ 80.250073917332301, 12.945591810538001 ], [ 80.250074297319699, 12.9455917772697 ], [ 80.250080634035697, 12.945591224839898 ], [ 80.2501761572898, 12.945187496393 ], [ 80.250176271375807, 12.945187014876501 ], [ 80.250181668454005, 12.945164204128398 ], [ 80.250334298509003, 12.9445191077768 ] ] ] ] } },
{ "type": "Feature", "properties": { "id": null, "Name": null, "description": null, "timestamp": null, "begin": null, "end": null, "altitudeMode": null, "tessellate": -1, "extrude": 0, "visibility": -1, "drawOrder": null, "icon": null, "OBJECTID": 474.0, "OBJECTID_1": 625.0, "SLUM_NAME": "Aringar Anna Nagar -Neelankarai", "WARD_NO": 193.0, "ZONE_NO": 15, "SHAPE.AREA": 8817.765459925, "SHAPE.LEN": 761.23036888340403, "total_area_sqm": 8319.0819404682643, "area_outside_isochrone": 8319.0819404682607, "pct_outside": 0.99999999999999956, "outside_isochrone": true, "true_metro_dist": 1332.9255166681394, "metro_covered": false, "metro_covered_red_only": false, "metro_covered_either_line": false }, "geometry": { "type": "MultiPolygon", "coordinates": [ [ [ [ 80.248129869632706, 12.949629051149101 ], [ 80.248129834598402, 12.949628870802496 ], [ 80.248020484475504, 12.949640750914298 ], [ 80.248020409017002, 12.949640761419998 ], [ 80.247988204414099, 12.949646752252796 ], [ 80.247885818031193, 12.949665831343102 ], [ 80.2479572026553, 12.950022510171399 ], [ 80.2479572098418, 12.950022546065602 ], [ 80.247963029128201, 12.950051623839901 ], [ 80.247963054281101, 12.950051745529899 ], [ 80.248053069964101, 12.950501519102398 ], [ 80.248053145422602, 12.9505018955527 ], [ 80.248059466867204, 12.950533483231098 ], [ 80.248059551308913, 12.950533906080999 ], [ 80.248119748314394, 12.950834682631799 ], [ 80.248119816586396, 12.950835028440302 ], [ 80.248124313552694, 12.950857498113699 ], [ 80.248124380028003, 12.950857828163798 ], [ 80.248174046981802, 12.951105989839299 ], [ 80.248174073931196, 12.951106126411698 ], [ 80.248178821527503, 12.9511298505999 ], [ 80.248178863748294, 12.9511300572093 ], [ 80.248223038402401, 12.951350778985098 ], [ 80.248223126437296, 12.9513512184673 ], [ 80.248223672612994, 12.951353944658401 ], [ 80.248223689680998, 12.951354032204698 ], [ 80.248282024478897, 12.951645506859899 ], [ 80.248337099290694, 12.95165647552 ], [ 80.248337746077695, 12.951656603337399 ], [ 80.248345662031994, 12.951658180919399 ], [ 80.248366556845411, 12.9517819002617 ], [ 80.248366599066301, 12.951782147141698 ], [ 80.248394053377993, 12.951944697484903 ], [ 80.248394083920701, 12.951944876078796 ], [ 80.248394094700501, 12.9519449233537 ], [ 80.248394116260101, 12.951945008273398 ], [ 80.248440404649998, 12.952219135003102 ], [ 80.248440459447295, 12.952219458047798 ], [ 80.248444576426195, 12.952243835222896 ], [ 80.248444588104306, 12.952243907010599 ], [ 80.248520844292102, 12.952695398651597 ], [ 80.248722629261096, 12.952667704409699 ], [ 80.248722704719597, 12.952667693904198 ], [ 80.248722764906702, 12.9526676860251 ], [ 80.248130842508104, 12.949634034317601 ], [ 80.2481303843674, 12.949631690687598 ], [ 80.248129869632706, 12.949629051149101 ] ] ] ] } }
]
}
