{
"type": "FeatureCollection",
"name": "output_schools_final",
"crs": { "type": "name", "properties": { "name": "urn:ogc:def:crs:OGC:1.3:CRS84" } },
"features": [
{ "type": "Feature", "properties": { "element": "node", "id": 968597207, "amenity": "college", "created_by": null, "name": "The Institute of Mathematical Sciences", "wheelchair": null, "old_name": null, "phone": "+91 44 2254 3100", "short_name": null, "website": "https://www.imsc.res.in/", "wikidata": "Q3530296", "wikimedia_commons": null, "wikipedia": "en:Institute of Mathematical Sciences, Chennai", "name:etymology:wikidata": null, "fax": "+91 44 2254 1586", "addr:housename": null, "addr:housenumber": null, "addr:postcode": null, "alt_name": null, "source": null, "addr:city": null, "email": null, "designation": null, "addr:street": null, "brand": null, "brand:wikidata": null, "shop": null, "check_date": null, "operator": null, "note": null, "is_in": null, "addr:suburb": null, "name:ta": null, "name:en": null, "name:hi": null, "internet_access": null, "internet_access:fee": null, "opening_hours": null, "addr:full": null, "grades": null, "operator:type": null, "operator:wikidata": null, "level": null, "education": null, "instagram": null, "mobile": null, "contact:facebook": null, "contact:instagram": null, "contact:twitter": null, "start_date": null, "layer": null, "building": null, "barrier": null, "school:gender": null, "landuse": null, "name:ml": null, "addr:country": null, "addr:state": null, "denomination": null, "religion": null, "brand:wikipedia": null, "height": null, "branch": null, "type": null, "image": null, "int_name": null, "bus_covered": false, "true_metro_dist": 999999.0, "metro_covered": false, "metro_covered_red_only": false, "metro_covered_either_line": false }, "geometry": { "type": "Point", "coordinates": [ 80.2470141, 12.9940844 ] } },
{ "type": "Feature", "properties": { "element": "node", "id": 1044780333, "amenity": "school", "created_by": null, "name": "German School Chennai", "wheelchair": null, "old_name": null, "phone": null, "short_name": null, "website": null, "wikidata": null, "wikimedia_commons": null, "wikipedia": null, "name:etymology:wikidata": null, "fax": null, "addr:housename": null, "addr:housenumber": null, "addr:postcode": null, "alt_name": null, "source": null, "addr:city": null, "email": null, "designation": null, "addr:street": null, "brand": null, "brand:wikidata": null, "shop": null, "check_date": null, "operator": null, "note": null, "is_in": null, "addr:suburb": null, "name:ta": null, "name:en": null, "name:hi": null, "internet_access": null, "internet_access:fee": null, "opening_hours": null, "addr:full": null, "grades": null, "operator:type": null, "operator:wikidata": null, "level": null, "education": null, "instagram": null, "mobile": null, "contact:facebook": null, "contact:instagram": null, "contact:twitter": null, "start_date": null, "layer": null, "building": null, "barrier": null, "school:gender": null, "landuse": null, "name:ml": null, "addr:country": null, "addr:state": null, "denomination": null, "religion": null, "brand:wikipedia": null, "height": null, "branch": null, "type": null, "image": null, "int_name": null, "bus_covered": false, "true_metro_dist": 999999.0, "metro_covered": false, "metro_covered_red_only": false, "metro_covered_either_line": false }, "geometry": { "type": "Point", "coordinates": [ 80.2606515, 12.9515892 ] } },
{ "type": "Feature", "properties": { "element": "node", "id": 1329321951, "amenity": "school", "created_by": null, "name": "St Peters School", "wheelchair": null, "old_name": null, "phone": null, "short_name": null, "website": null, "wikidata": null, "wikimedia_commons": null, "wikipedia": null, "name:etymology:wikidata": null, "fax": null, "addr:housename": null, "addr:housenumber": null, "addr:postcode": null, "alt_name": null, "source": null, "addr:city": null, "email": null, "designation": null, "addr:street": null, "brand": null, "brand:wikidata": null, "shop": null, "check_date": null, "operator": null, "note": null, "is_in": null, "addr:suburb": null, "name:ta": null, "name:en": null, "name:hi": null, "internet_access": null, "internet_access:fee": null, "opening_hours": null, "addr:full": null, "grades": null, "operator:type": null, "operator:wikidata": null, "level": null, "education": null, "instagram": null, "mobile": null, "contact:facebook": null, "contact:instagram": null, "contact:twitter": null, "start_date": null, "layer": null, "building": null, "barrier": null, "school:gender": null, "landuse": null, "name:ml": null, "addr:country": null, "addr:state": null, "denomination": null, "religion": null, "brand:wikipedia": null, "height": null, "branch": null, "type": null, "image": null, "int_name": null, "bus_covered": true, "true_metro_dist": 999999.0, "metro_covered": false, "metro_covered_red_only": false, "metro_covered_either_line": false }, "geometry": { "type": "Point", "coordinates": [ 80.2024966, 12.9284826 ] } },
{ "type": "Feature", "properties": { "element": "node", "id": 1329336746, "amenity": "school", "created_by": null, "name": "Pallikarani Govt Higher Secondary School", "wheelchair": null, "old_name": null, "phone": null, "short_name": null, "website": null, "wikidata": null, "wikimedia_commons": null, "wikipedia": null, "name:etymology:wikidata": null, "fax": null, "addr:housename": null, "addr:housenumber": null, "addr:postcode": null, "alt_name": null, "source": null, "addr:city": null, "email": null, "designation": null, "addr:street": null, "brand": null, "brand:wikidata": null, "shop": null, "check_date": null, "operator": null, "note": null, "is_in": null, "addr:suburb": null, "name:ta": null, "name:en": null, "name:hi": null, "internet_access": null, "internet_access:fee": null, "opening_hours": null, "addr:full": null, "grades": null, "operator:type": null, "operator:wikidata": null, "level": null, "education": null, "instagram": null, "mobile": null, "contact:facebook": null, "contact:instagram": null, "contact:twitter": null, "start_date": null, "layer": null, "building": null, "barrier": null, "school:gender": null, "landuse": null, "name:ml": null, "addr:country": null, "addr:state": null, "denomination": null, "religion": null, "brand:wikipedia": null, "height": null, "branch": null, "type": null, "image": null, "int_name": null, "bus_covered": false, "true_metro_dist": 999999.0, "metro_covered": false, "metro_covered_red_only": false, "metro_covered_either_line": false }, "geometry": { "type": "Point", "coordinates": [ 80.1982298, 12.9242267 ] } },
{ "type": "Feature", "properties": { "element": "node", "id": 1330443392, "amenity": "school", "created_by": null, "name": "Asan Memorial College", "wheelchair": null, "old_name": null, "phone": null, "short_name": null, "website": null, "wikidata": null, "wikimedia_commons": null, "wikipedia": null, "name:etymology:wikidata": null, "fax": null, "addr:housename": null, "addr:housenumber": null, "addr:postcode": null, "alt_name": null, "source": null, "addr:city": null, "email": null, "designation": null, "addr:street": null, "brand": null, "brand:wikidata": null, "shop": null, "check_date": null, "operator": null, "note": null, "is_in": null, "addr:suburb": null, "name:ta": null, "name:en": null, "name:hi": null, "internet_access": null, "internet_access:fee": null, "opening_hours": null, "addr:full": null, "grades": null, "operator:type": null, "operator:wikidata": null, "level": null, "education": null, "instagram": null, "mobile": null, "contact:facebook": null, "contact:instagram": null, "contact:twitter": null, "start_date": null, "layer": null, "building": null, "barrier": null, "school:gender": null, "landuse": null, "name:ml": null, "addr:country": null, "addr:state": null, "denomination": null, "religion": null, "brand:wikipedia": null, "height": null, "branch": null, "type": null, "image": null, "int_name": null, "bus_covered": false, "true_metro_dist": 999999.0, "metro_covered": false, "metro_covered_red_only": false, "metro_covered_either_line": false }, "geometry": { "type": "Point", "coordinates": [ 80.2003719, 12.9253386 ] } },
{ "type": "Feature", "properties": { "element": "node", "id": 2059560611, "amenity": "school", "created_by": null, "name": "Dhanraj Baid Jain College", "wheelchair": null, "old_name": null, "phone": null, "short_name": null, "website": null, "wikidata": null, "wikimedia_commons": null, "wikipedia": null, "name:etymology:wikidata": null, "fax": null, "addr:housename": "Jothi Nagar", "addr:housenumber": "1", "addr:postcode": "600097", "alt_name": null, "source": null, "addr:city": null, "email": null, "designation": null, "addr:street": "Okkiyam Thuraipakkam", "brand": null, "brand:wikidata": null, "shop": null, "check_date": null, "operator": null, "note": null, "is_in": null, "addr:suburb": null, "name:ta": null, "name:en": null, "name:hi": null, "internet_access": null, "internet_access:fee": null, "opening_hours": null, "addr:full": null, "grades": null, "operator:type": null, "operator:wikidata": null, "level": null, "education": null, "instagram": null, "mobile": null, "contact:facebook": null, "contact:instagram": null, "contact:twitter": null, "start_date": null, "layer": null, "building": null, "barrier": null, "school:gender": null, "landuse": null, "name:ml": null, "addr:country": null, "addr:state": null, "denomination": null, "religion": null, "brand:wikipedia": null, "height": null, "branch": null, "type": null, "image": null, "int_name": null, "bus_covered": true, "true_metro_dist": 848.84210338780781, "metro_covered": false, "metro_covered_red_only": false, "metro_covered_either_line": false }, "geometry": { "type": "Point", "coordinates": [ 80.239775, 12.9459767 ] } },
{ "type": "Feature", "properties": { "element": "node", "id": 2064178200, "amenity": "school", "created_by": null, "name": "CL Baid Metha College Of Pharmacy", "wheelchair": null, "old_name": null, "phone": null, "short_name": null, "website": null, "wikidata": null, "wikimedia_commons": null, "wikipedia": null, "name:etymology:wikidata": null, "fax": null, "addr:housename": null, "addr:housenumber": null, "addr:postcode": null, "alt_name": null, "source": null, "addr:city": null, "email": null, "designation": null, "addr:street": null, "brand": null, "brand:wikidata": null, "shop": null, "check_date": null, "operator": null, "note": null, "is_in": null, "addr:suburb": null, "name:ta": null, "name:en": null, "name:hi": null, "internet_access": null, "internet_access:fee": null, "opening_hours": null, "addr:full": null, "grades": null, "operator:type": null, "operator:wikidata": null, "level": null, "education": null, "instagram": null, "mobile": null, "contact:facebook": null, "contact:instagram": null, "contact:twitter": null, "start_date": null, "layer": null, "building": null, "barrier": null, "school:gender": null, "landuse": null, "name:ml": null, "addr:country": null, "addr:state": null, "denomination": null, "religion": null, "brand:wikipedia": null, "height": null, "branch": null, "type": null, "image": null, "int_name": null, "bus_covered": true, "true_metro_dist": 853.52965672672588, "metro_covered": false, "metro_covered_red_only": false, "metro_covered_either_line": false }, "geometry": { "type": "Point", "coordinates": [ 80.239586300000013, 12.9456616 ] } },
{ "type": "Feature", "properties": { "element": "node", "id": 2071087259, "amenity": "school", "created_by": null, "name": "CL Baid Metha College of Pharmacy", "wheelchair": null, "old_name": null, "phone": null, "short_name": null, "website": null, "wikidata": null, "wikimedia_commons": null, "wikipedia": null, "name:etymology:wikidata": null, "fax": null, "addr:housename": null, "addr:housenumber": null, "addr:postcode": null, "alt_name": null, "source": null, "addr:city": null, "email": null, "designation": null, "addr:street": null, "brand": null, "brand:wikidata": null, "shop": null, "check_date": null, "operator": null, "note": null, "is_in": null, "addr:suburb": null, "name:ta": null, "name:en": null, "name:hi": null, "internet_access": null, "internet_access:fee": null, "opening_hours": null, "addr:full": null, "grades": null, "operator:type": null, "operator:wikidata": null, "level": null, "education": null, "instagram": null, "mobile": null, "contact:facebook": null, "contact:instagram": null, "contact:twitter": null, "start_date": null, "layer": null, "building": null, "barrier": null, "school:gender": null, "landuse": null, "name:ml": null, "addr:country": null, "addr:state": null, "denomination": null, "religion": null, "brand:wikipedia": null, "height": null, "branch": null, "type": null, "image": null, "int_name": null, "bus_covered": true, "true_metro_dist": 854.32989890210695, "metro_covered": false, "metro_covered_red_only": false, "metro_covered_either_line": false }, "geometry": { "type": "Point", "coordinates": [ 80.2395755, 12.9456667 ] } },
{ "type": "Feature", "properties": { "element": "node", "id": 2071090050, "amenity": "school", "created_by": null, "name": "CL Baid Sishya School;Cromā", "wheelchair": null, "old_name": null, "phone": null, "short_name": null, "website": null, "wikidata": null, "wikimedia_commons": null, "wikipedia": null, "name:etymology:wikidata": null, "fax": null, "addr:housename": null, "addr:housenumber": null, "addr:postcode": null, "alt_name": null, "source": null, "addr:city": null, "email": null, "designation": null, "addr:street": null, "brand": "Cromā", "brand:wikidata": "Q5187683", "shop": "electronics", "check_date": null, "operator": null, "note": null, "is_in": null, "addr:suburb": null, "name:ta": null, "name:en": null, "name:hi": null, "internet_access": null, "internet_access:fee": null, "opening_hours": null, "addr:full": null, "grades": null, "operator:type": null, "operator:wikidata": null, "level": null, "education": null, "instagram": null, "mobile": null, "contact:facebook": null, "contact:instagram": null, "contact:twitter": null, "start_date": null, "layer": null, "building": null, "barrier": null, "school:gender": null, "landuse": null, "name:ml": null, "addr:country": null, "addr:state": null, "denomination": null, "religion": null, "brand:wikipedia": null, "height": null, "branch": null, "type": null, "image": null, "int_name": null, "bus_covered": true, "true_metro_dist": 1256.1410267403901, "metro_covered": false, "metro_covered_red_only": false, "metro_covered_either_line": false }, "geometry": { "type": "Point", "coordinates": [ 80.2404649, 12.9494627 ] } },
{ "type": "Feature", "properties": { "element": "node", "id": 2115851259, "amenity": "school", "created_by": null, "name": "Vael's Bilabong School", "wheelchair": null, "old_name": null, "phone": null, "short_name": null, "website": null, "wikidata": null, "wikimedia_commons": null, "wikipedia": null, "name:etymology:wikidata": null, "fax": null, "addr:housename": null, "addr:housenumber": null, "addr:postcode": null, "alt_name": null, "source": null, "addr:city": null, "email": null, "designation": null, "addr:street": null, "brand": null, "brand:wikidata": null, "shop": null, "check_date": null, "operator": null, "note": null, "is_in": null, "addr:suburb": null, "name:ta": null, "name:en": null, "name:hi": null, "internet_access": null, "internet_access:fee": null, "opening_hours": null, "addr:full": null, "grades": null, "operator:type": null, "operator:wikidata": null, "level": null, "education": null, "instagram": null, "mobile": null, "contact:facebook": null, "contact:instagram": null, "contact:twitter": null, "start_date": null, "layer": null, "building": null, "barrier": null, "school:gender": null, "landuse": null, "name:ml": null, "addr:country": null, "addr:state": null, "denomination": null, "religion": null, "brand:wikipedia": null, "height": null, "branch": null, "type": null, "image": null, "int_name": null, "bus_covered": false, "true_metro_dist": 999999.0, "metro_covered": false, "metro_covered_red_only": false, "metro_covered_either_line": false }, "geometry": { "type": "Point", "coordinates": [ 80.2488853, 12.9215926 ] } },
{ "type": "Feature", "properties": { "element": "node", "id": 2117666024, "amenity": "school", "created_by": null, "name": "KCG College of Technology", "wheelchair": null, "old_name": null, "phone": null, "short_name": null, "website": null, "wikidata": null, "wikimedia_commons": null, "wikipedia": null, "name:etymology:wikidata": null, "fax": null, "addr:housename": null, "addr:housenumber": null, "addr:postcode": null, "alt_name": null, "source": null, "addr:city": null, "email": null, "designation": null, "addr:street": null, "brand": null, "brand:wikidata": null, "shop": null, "check_date": null, "operator": null, "note": null, "is_in": null, "addr:suburb": null, "name:ta": null, "name:en": null, "name:hi": null, "internet_access": null, "internet_access:fee": null, "opening_hours": null, "addr:full": null, "grades": null, "operator:type": null, "operator:wikidata": null, "level": null, "education": null, "instagram": null, "mobile": null, "contact:facebook": null, "contact:instagram": null, "contact:twitter": null, "start_date": null, "layer": null, "building": null, "barrier": null, "school:gender": null, "landuse": null, "name:ml": null, "addr:country": null, "addr:state": null, "denomination": null, "religion": null, "brand:wikipedia": null, "height": null, "branch": null, "type": null, "image": null, "int_name": null, "bus_covered": false, "true_metro_dist": 999999.0, "metro_covered": false, "metro_covered_red_only": false, "metro_covered_either_line": false }, "geometry": { "type": "Point", "coordinates": [ 80.2416769, 12.9214372 ] } },
{ "type": "Feature", "properties": { "element": "node", "id": 2117671390, "amenity": "school", "created_by": null, "name": "National Institute of Management Studies", "wheelchair": null, "old_name": null, "phone": null, "short_name": null, "website": null, "wikidata": null, "wikimedia_commons": null, "wikipedia": null, "name:etymology:wikidata": null, "fax": null, "addr:housename": "National Institute of Management Studies", "addr:housenumber": null, "addr:postcode": null, "alt_name": null, "source": null, "addr:city": null, "email": null, "designation": null, "addr:street": null, "brand": null, "brand:wikidata": null, "shop": null, "check_date": null, "operator": null, "note": null, "is_in": null, "addr:suburb": null, "name:ta": null, "name:en": null, "name:hi": null, "internet_access": null, "internet_access:fee": null, "opening_hours": null, "addr:full": null, "grades": null, "operator:type": null, "operator:wikidata": null, "level": null, "education": null, "instagram": null, "mobile": null, "contact:facebook": null, "contact:instagram": null, "contact:twitter": null, "start_date": null, "layer": null, "building": null, "barrier": null, "school:gender": null, "landuse": null, "name:ml": null, "addr:country": null, "addr:state": null, "denomination": null, "religion": null, "brand:wikipedia": null, "height": null, "branch": null, "type": null, "image": null, "int_name": null, "bus_covered": false, "true_metro_dist": 999999.0, "metro_covered": false, "metro_covered_red_only": false, "metro_covered_either_line": false }, "geometry": { "type": "Point", "coordinates": [ 80.2410536, 12.9177981 ] } },
{ "type": "Feature", "properties": { "element": "node", "id": 2123575602, "amenity": "school", "created_by": null, "name": "Chettinadu A School", "wheelchair": null, "old_name": null, "phone": null, "short_name": null, "website": null, "wikidata": null, "wikimedia_commons": null, "wikipedia": null, "name:etymology:wikidata": null, "fax": null, "addr:housename": null, "addr:housenumber": null, "addr:postcode": null, "alt_name": null, "source": null, "addr:city": null, "email": null, "designation": null, "addr:street": "1st street", "brand": null, "brand:wikidata": null, "shop": null, "check_date": null, "operator": null, "note": null, "is_in": null, "addr:suburb": null, "name:ta": null, "name:en": null, "name:hi": null, "internet_access": null, "internet_access:fee": null, "opening_hours": null, "addr:full": null, "grades": null, "operator:type": null, "operator:wikidata": null, "level": null, "education": null, "instagram": null, "mobile": null, "contact:facebook": null, "contact:instagram": null, "contact:twitter": null, "start_date": null, "layer": null, "building": null, "barrier": null, "school:gender": null, "landuse": null, "name:ml": null, "addr:country": null, "addr:state": null, "denomination": null, "religion": null, "brand:wikipedia": null, "height": null, "branch": null, "type": null, "image": null, "int_name": null, "bus_covered": false, "true_metro_dist": 961.79851980598858, "metro_covered": false, "metro_covered_red_only": false, "metro_covered_either_line": false }, "geometry": { "type": "Point", "coordinates": [ 80.2446878, 12.9530789 ] } },
{ "type": "Feature", "properties": { "element": "node", "id": 2124725682, "amenity": "school", "created_by": null, "name": "Akshara School", "wheelchair": null, "old_name": null, "phone": null, "short_name": null, "website": null, "wikidata": null, "wikimedia_commons": null, "wikipedia": null, "name:etymology:wikidata": null, "fax": null, "addr:housename": null, "addr:housenumber": null, "addr:postcode": null, "alt_name": null, "source": null, "addr:city": null, "email": null, "designation": null, "addr:street": null, "brand": null, "brand:wikidata": null, "shop": null, "check_date": null, "operator": null, "note": null, "is_in": null, "addr:suburb": null, "name:ta": null, "name:en": null, "name:hi": null, "internet_access": null, "internet_access:fee": null, "opening_hours": null, "addr:full": null, "grades": null, "operator:type": null, "operator:wikidata": null, "level": null, "education": null, "instagram": null, "mobile": null, "contact:facebook": null, "contact:instagram": null, "contact:twitter": null, "start_date": null, "layer": null, "building": null, "barrier": null, "school:gender": null, "landuse": null, "name:ml": null, "addr:country": null, "addr:state": null, "denomination": null, "religion": null, "brand:wikipedia": null, "height": null, "branch": null, "type": null, "image": null, "int_name": null, "bus_covered": true, "true_metro_dist": 517.43503368595816, "metro_covered": false, "metro_covered_red_only": false, "metro_covered_either_line": false }, "geometry": { "type": "Point", "coordinates": [ 80.236508500000014, 12.9334921 ] } },
{ "type": "Feature", "properties": { "element": "node", "id": 2124849459, "amenity": "school", "created_by": null, "name": "YMCA SCHOOL", "wheelchair": null, "old_name": null, "phone": null, "short_name": null, "website": null, "wikidata": null, "wikimedia_commons": null, "wikipedia": null, "name:etymology:wikidata": null, "fax": null, "addr:housename": null, "addr:housenumber": null, "addr:postcode": null, "alt_name": null, "source": null, "addr:city": null, "email": null, "designation": null, "addr:street": "Nehru nagar", "brand": null, "brand:wikidata": null, "shop": null, "check_date": null, "operator": null, "note": null, "is_in": null, "addr:suburb": null, "name:ta": null, "name:en": null, "name:hi": null, "internet_access": null, "internet_access:fee": null, "opening_hours": null, "addr:full": null, "grades": null, "operator:type": null, "operator:wikidata": null, "level": null, "education": null, "instagram": null, "mobile": null, "contact:facebook": null, "contact:instagram": null, "contact:twitter": null, "start_date": null, "layer": null, "building": null, "barrier": null, "school:gender": null, "landuse": null, "name:ml": null, "addr:country": null, "addr:state": null, "denomination": null, "religion": null, "brand:wikipedia": null, "height": null, "branch": null, "type": null, "image": null, "int_name": null, "bus_covered": false, "true_metro_dist": 961.23936272462754, "metro_covered": false, "metro_covered_red_only": false, "metro_covered_either_line": false }, "geometry": { "type": "Point", "coordinates": [ 80.2505858, 12.9766406 ] } },
{ "type": "Feature", "properties": { "element": "node", "id": 2124854755, "amenity": "school", "created_by": null, "name": "Global Institute Of Gaming And Animation", "wheelchair": null, "old_name": null, "phone": null, "short_name": null, "website": null, "wikidata": null, "wikimedia_commons": null, "wikipedia": null, "name:etymology:wikidata": null, "fax": null, "addr:housename": "EVERONN HOUSE", "addr:housenumber": "96-99", "addr:postcode": null, "alt_name": null, "source": null, "addr:city": null, "email": null, "designation": null, "addr:street": null, "brand": null, "brand:wikidata": null, "shop": null, "check_date": null, "operator": null, "note": null, "is_in": null, "addr:suburb": null, "name:ta": null, "name:en": null, "name:hi": null, "internet_access": null, "internet_access:fee": null, "opening_hours": null, "addr:full": null, "grades": null, "operator:type": null, "operator:wikidata": null, "level": null, "education": null, "instagram": null, "mobile": null, "contact:facebook": null, "contact:instagram": null, "contact:twitter": null, "start_date": null, "layer": null, "building": null, "barrier": null, "school:gender": null, "landuse": null, "name:ml": null, "addr:country": null, "addr:state": null, "denomination": null, "religion": null, "brand:wikipedia": null, "height": null, "branch": null, "type": null, "image": null, "int_name": null, "bus_covered": false, "true_metro_dist": 899.78935170066597, "metro_covered": false, "metro_covered_red_only": false, "metro_covered_either_line": false }, "geometry": { "type": "Point", "coordinates": [ 80.2482807, 12.9554398 ] } },
{ "type": "Feature", "properties": { "element": "node", "id": 2127107074, "amenity": "school", "created_by": null, "name": "St.Pius school", "wheelchair": null, "old_name": null, "phone": null, "short_name": null, "website": null, "wikidata": null, "wikimedia_commons": null, "wikipedia": null, "name:etymology:wikidata": null, "fax": null, "addr:housename": null, "addr:housenumber": null, "addr:postcode": null, "alt_name": null, "source": null, "addr:city": null, "email": null, "designation": null, "addr:street": null, "brand": null, "brand:wikidata": null, "shop": null, "check_date": null, "operator": null, "note": null, "is_in": null, "addr:suburb": null, "name:ta": null, "name:en": null, "name:hi": null, "internet_access": null, "internet_access:fee": null, "opening_hours": null, "addr:full": null, "grades": null, "operator:type": null, "operator:wikidata": null, "level": null, "education": null, "instagram": null, "mobile": null, "contact:facebook": null, "contact:instagram": null, "contact:twitter": null, "start_date": null, "layer": null, "building": null, "barrier": null, "school:gender": null, "landuse": null, "name:ml": null, "addr:country": null, "addr:state": null, "denomination": null, "religion": null, "brand:wikipedia": null, "height": null, "branch": null, "type": null, "image": null, "int_name": null, "bus_covered": false, "true_metro_dist": 999999.0, "metro_covered": false, "metro_covered_red_only": false, "metro_covered_either_line": false }, "geometry": { "type": "Point", "coordinates": [ 80.243312300000014, 12.9647302 ] } },
{ "type": "Feature", "properties": { "element": "node", "id": 3097012397, "amenity": "school", "created_by": null, "name": "Chennai School (Corporation)", "wheelchair": null, "old_name": null, "phone": null, "short_name": null, "website": null, "wikidata": null, "wikimedia_commons": null, "wikipedia": null, "name:etymology:wikidata": null, "fax": null, "addr:housename": null, "addr:housenumber": null, "addr:postcode": null, "alt_name": null, "source": null, "addr:city": null, "email": null, "designation": null, "addr:street": null, "brand": null, "brand:wikidata": null, "shop": null, "check_date": null, "operator": null, "note": null, "is_in": null, "addr:suburb": null, "name:ta": null, "name:en": null, "name:hi": null, "internet_access": null, "internet_access:fee": null, "opening_hours": null, "addr:full": null, "grades": null, "operator:type": null, "operator:wikidata": null, "level": null, "education": null, "instagram": null, "mobile": null, "contact:facebook": null, "contact:instagram": null, "contact:twitter": null, "start_date": null, "layer": null, "building": null, "barrier": null, "school:gender": null, "landuse": null, "name:ml": null, "addr:country": null, "addr:state": null, "denomination": null, "religion": null, "brand:wikipedia": null, "height": null, "branch": null, "type": null, "image": null, "int_name": null, "bus_covered": false, "true_metro_dist": 999999.0, "metro_covered": false, "metro_covered_red_only": false, "metro_covered_either_line": false }, "geometry": { "type": "Point", "coordinates": [ 80.1978774, 12.926285 ] } },
{ "type": "Feature", "properties": { "element": "node", "id": 3615415200, "amenity": "college", "created_by": null, "name": "Asian College of Journalism", "wheelchair": null, "old_name": null, "phone": "+91 44 2254 2842", "short_name": null, "website": "https://www.asianmedia.org/", "wikidata": "Q4806606", "wikimedia_commons": null, "wikipedia": "en:Asian College of Journalism, Chennai", "name:etymology:wikidata": null, "fax": null, "addr:housename": null, "addr:housenumber": null, "addr:postcode": "600113", "alt_name": null, "source": null, "addr:city": "Chennai", "email": null, "designation": null, "addr:street": "2nd Main Road, Taramani", "brand": null, "brand:wikidata": null, "shop": null, "check_date": "2025-01-09", "operator": null, "note": "(Behind M.S. Swaminathan Research Foundation)", "is_in": null, "addr:suburb": null, "name:ta": null, "name:en": null, "name:hi": null, "internet_access": null, "internet_access:fee": null, "opening_hours": null, "addr:full": null, "grades": null, "operator:type": null, "operator:wikidata": null, "level": null, "education": null, "instagram": null, "mobile": null, "contact:facebook": null, "contact:instagram": null, "contact:twitter": null, "start_date": null, "layer": null, "building": null, "barrier": null, "school:gender": null, "landuse": null, "name:ml": null, "addr:country": null, "addr:state": null, "denomination": null, "religion": null, "brand:wikipedia": null, "height": null, "branch": null, "type": null, "image": null, "int_name": null, "bus_covered": false, "true_metro_dist": 999999.0, "metro_covered": false, "metro_covered_red_only": false, "metro_covered_either_line": false }, "geometry": { "type": "Point", "coordinates": [ 80.2462804, 12.9961623 ] } },
{ "type": "Feature", "properties": { "element": "node", "id": 4447008637, "amenity": "school", "created_by": null, "name": "Aathichudy Special School", "wheelchair": null, "old_name": null, "phone": "+91 44 2726 4422", "short_name": null, "website": null, "wikidata": null, "wikimedia_commons": null, "wikipedia": null, "name:etymology:wikidata": null, "fax": null, "addr:housename": null, "addr:housenumber": "49", "addr:postcode": "631502", "alt_name": null, "source": null, "addr:city": "Kanchipuram", "email": null, "designation": null, "addr:street": "K.P.K. Salai, Kanaga Durgai Nagar", "brand": null, "brand:wikidata": null, "shop": null, "check_date": null, "operator": null, "note": null, "is_in": null, "addr:suburb": null, "name:ta": null, "name:en": null, "name:hi": null, "internet_access": null, "internet_access:fee": null, "opening_hours": null, "addr:full": null, "grades": null, "operator:type": null, "operator:wikidata": null, "level": null, "education": null, "instagram": null, "mobile": null, "contact:facebook": null, "contact:instagram": null, "contact:twitter": null, "start_date": null, "layer": null, "building": null, "barrier": null, "school:gender": null, "landuse": null, "name:ml": null, "addr:country": null, "addr:state": null, "denomination": null, "religion": null, "brand:wikipedia": null, "height": null, "branch": null, "type": null, "image": null, "int_name": null, "bus_covered": false, "true_metro_dist": 773.39967798813836, "metro_covered": false, "metro_covered_red_only": false, "metro_covered_either_line": false }, "geometry": { "type": "Point", "coordinates": [ 80.252718, 13.0048641 ] } },
{ "type": "Feature", "properties": { "element": "node", "id": 5332419164, "amenity": "school", "created_by": null, "name": "St. Joseph Higher Secondary School", "wheelchair": null, "old_name": null, "phone": null, "short_name": null, "website": null, "wikidata": null, "wikimedia_commons": null, "wikipedia": null, "name:etymology:wikidata": null, "fax": null, "addr:housename": null, "addr:housenumber": null, "addr:postcode": null, "alt_name": null, "source": null, "addr:city": null, "email": null, "designation": null, "addr:street": "Vettuvankeni", "brand": null, "brand:wikidata": null, "shop": null, "check_date": null, "operator": null, "note": null, "is_in": null, "addr:suburb": null, "name:ta": null, "name:en": null, "name:hi": null, "internet_access": null, "internet_access:fee": null, "opening_hours": null, "addr:full": null, "grades": null, "operator:type": null, "operator:wikidata": null, "level": null, "education": null, "instagram": null, "mobile": null, "contact:facebook": null, "contact:instagram": null, "contact:twitter": null, "start_date": null, "layer": null, "building": null, "barrier": null, "school:gender": null, "landuse": null, "name:ml": null, "addr:country": null, "addr:state": null, "denomination": null, "religion": null, "brand:wikipedia": null, "height": null, "branch": null, "type": null, "image": null, "int_name": null, "bus_covered": true, "true_metro_dist": 999999.0, "metro_covered": false, "metro_covered_red_only": false, "metro_covered_either_line": false }, "geometry": { "type": "Point", "coordinates": [ 80.2528173, 12.938573 ] } },
{ "type": "Feature", "properties": { "element": "node", "id": 7930758686, "amenity": "school", "created_by": null, "name": null, "wheelchair": null, "old_name": null, "phone": "6366412971", "short_name": null, "website": "https://www.orchidsinternationalschool.com/chennai-branches/thoraipakkam/", "wikidata": null, "wikimedia_commons": null, "wikipedia": null, "name:etymology:wikidata": null, "fax": null, "addr:housename": null, "addr:housenumber": "274", "addr:postcode": "600097", "alt_name": null, "source": null, "addr:city": null, "email": "communications.oistp@orchids.edu.in", "designation": null, "addr:street": "4th St, near Cognizant TCO, Sri Sowdeswari Nagar, Oggiyamduraipakkam", "brand": null, "brand:wikidata": null, "shop": null, "check_date": null, "operator": "Orchids International School", "note": null, "is_in": null, "addr:suburb": null, "name:ta": null, "name:en": "Orchids The International School Thoraipakkam", "name:hi": null, "internet_access": null, "internet_access:fee": null, "opening_hours": "Mo-Su 09:00-18:30", "addr:full": null, "grades": null, "operator:type": null, "operator:wikidata": null, "level": null, "education": null, "instagram": null, "mobile": null, "contact:facebook": null, "contact:instagram": null, "contact:twitter": null, "start_date": null, "layer": null, "building": null, "barrier": null, "school:gender": null, "landuse": null, "name:ml": null, "addr:country": null, "addr:state": null, "denomination": null, "religion": null, "brand:wikipedia": null, "height": null, "branch": null, "type": null, "image": null, "int_name": null, "bus_covered": true, "true_metro_dist": 1065.8551039863974, "metro_covered": false, "metro_covered_red_only": false, "metro_covered_either_line": false }, "geometry": { "type": "Point", "coordinates": [ 80.2284843, 12.9248332 ] } },
{ "type": "Feature", "properties": { "element": "node", "id": 9333222435, "amenity": "college", "created_by": null, "name": "Kcg college of techology", "wheelchair": null, "old_name": null, "phone": null, "short_name": null, "website": null, "wikidata": null, "wikimedia_commons": null, "wikipedia": null, "name:etymology:wikidata": null, "fax": null, "addr:housename": null, "addr:housenumber": null, "addr:postcode": null, "alt_name": null, "source": null, "addr:city": null, "email": null, "designation": null, "addr:street": null, "brand": null, "brand:wikidata": null, "shop": null, "check_date": null, "operator": null, "note": null, "is_in": null, "addr:suburb": null, "name:ta": null, "name:en": null, "name:hi": null, "internet_access": null, "internet_access:fee": null, "opening_hours": null, "addr:full": null, "grades": null, "operator:type": null, "operator:wikidata": null, "level": null, "education": null, "instagram": null, "mobile": null, "contact:facebook": null, "contact:instagram": null, "contact:twitter": null, "start_date": null, "layer": null, "building": null, "barrier": null, "school:gender": null, "landuse": null, "name:ml": null, "addr:country": null, "addr:state": null, "denomination": null, "religion": null, "brand:wikipedia": null, "height": null, "branch": null, "type": null, "image": null, "int_name": null, "bus_covered": false, "true_metro_dist": 999999.0, "metro_covered": false, "metro_covered_red_only": false, "metro_covered_either_line": false }, "geometry": { "type": "Point", "coordinates": [ 80.2404146, 12.9217681 ] } },
{ "type": "Feature", "properties": { "element": "node", "id": 11004539791, "amenity": "college", "created_by": null, "name": "Thangavelu Engineering Collage", "wheelchair": null, "old_name": null, "phone": null, "short_name": null, "website": null, "wikidata": null, "wikimedia_commons": null, "wikipedia": null, "name:etymology:wikidata": null, "fax": null, "addr:housename": null, "addr:housenumber": null, "addr:postcode": null, "alt_name": null, "source": null, "addr:city": null, "email": null, "designation": null, "addr:street": null, "brand": null, "brand:wikidata": null, "shop": null, "check_date": null, "operator": null, "note": null, "is_in": null, "addr:suburb": null, "name:ta": null, "name:en": null, "name:hi": null, "internet_access": null, "internet_access:fee": null, "opening_hours": null, "addr:full": null, "grades": null, "operator:type": null, "operator:wikidata": null, "level": null, "education": null, "instagram": null, "mobile": null, "contact:facebook": null, "contact:instagram": null, "contact:twitter": null, "start_date": null, "layer": null, "building": null, "barrier": null, "school:gender": null, "landuse": null, "name:ml": null, "addr:country": null, "addr:state": null, "denomination": null, "religion": null, "brand:wikipedia": null, "height": null, "branch": null, "type": null, "image": null, "int_name": null, "bus_covered": false, "true_metro_dist": 999999.0, "metro_covered": false, "metro_covered_red_only": false, "metro_covered_either_line": false }, "geometry": { "type": "Point", "coordinates": [ 80.22918, 12.9230904 ] } },
{ "type": "Feature", "properties": { "element": "node", "id": 11253282590, "amenity": "school", "created_by": null, "name": "model school", "wheelchair": null, "old_name": null, "phone": null, "short_name": null, "website": null, "wikidata": null, "wikimedia_commons": null, "wikipedia": null, "name:etymology:wikidata": null, "fax": null, "addr:housename": null, "addr:housenumber": null, "addr:postcode": null, "alt_name": null, "source": null, "addr:city": null, "email": null, "designation": null, "addr:street": null, "brand": null, "brand:wikidata": null, "shop": null, "check_date": null, "operator": null, "note": null, "is_in": null, "addr:suburb": null, "name:ta": null, "name:en": null, "name:hi": null, "internet_access": null, "internet_access:fee": null, "opening_hours": null, "addr:full": null, "grades": null, "operator:type": null, "operator:wikidata": null, "level": null, "education": null, "instagram": null, "mobile": null, "contact:facebook": null, "contact:instagram": null, "contact:twitter": null, "start_date": null, "layer": null, "building": null, "barrier": null, "school:gender": null, "landuse": null, "name:ml": null, "addr:country": null, "addr:state": null, "denomination": null, "religion": null, "brand:wikipedia": null, "height": null, "branch": null, "type": null, "image": null, "int_name": null, "bus_covered": false, "true_metro_dist": 445.44033290085372, "metro_covered": true, "metro_covered_red_only": false, "metro_covered_either_line": true }, "geometry": { "type": "Point", "coordinates": [ 80.2267708, 12.8948995 ] } },
{ "type": "Feature", "properties": { "element": "node", "id": 11848217940, "amenity": "school", "created_by": null, "name": "Department of Computer science", "wheelchair": null, "old_name": null, "phone": null, "short_name": null, "website": null, "wikidata": null, "wikimedia_commons": null, "wikipedia": null, "name:etymology:wikidata": null, "fax": null, "addr:housename": null, "addr:housenumber": null, "addr:postcode": null, "alt_name": null, "source": null, "addr:city": null, "email": null, "designation": null, "addr:street": null, "brand": null, "brand:wikidata": null, "shop": null, "check_date": null, "operator": "Department of Higher Education", "note": null, "is_in": null, "addr:suburb": null, "name:ta": null, "name:en": null, "name:hi": null, "internet_access": null, "internet_access:fee": null, "opening_hours": null, "addr:full": null, "grades": null, "operator:type": "government", "operator:wikidata": "Q5260332", "level": null, "education": null, "instagram": null, "mobile": null, "contact:facebook": null, "contact:instagram": null, "contact:twitter": null, "start_date": null, "layer": null, "building": null, "barrier": null, "school:gender": null, "landuse": null, "name:ml": null, "addr:country": null, "addr:state": null, "denomination": null, "religion": null, "brand:wikipedia": null, "height": null, "branch": null, "type": null, "image": null, "int_name": null, "bus_covered": false, "true_metro_dist": 899.48043606885756, "metro_covered": false, "metro_covered_red_only": false, "metro_covered_either_line": false }, "geometry": { "type": "Point", "coordinates": [ 80.2211671, 12.8738339 ] } },
{ "type": "Feature", "properties": { "element": "node", "id": 11848217941, "amenity": "school", "created_by": null, "name": "Department of Electronics", "wheelchair": null, "old_name": null, "phone": null, "short_name": null, "website": null, "wikidata": null, "wikimedia_commons": null, "wikipedia": null, "name:etymology:wikidata": null, "fax": null, "addr:housename": null, "addr:housenumber": null, "addr:postcode": null, "alt_name": null, "source": null, "addr:city": null, "email": null, "designation": null, "addr:street": null, "brand": null, "brand:wikidata": null, "shop": null, "check_date": null, "operator": "Department of Higher Education", "note": null, "is_in": null, "addr:suburb": null, "name:ta": null, "name:en": null, "name:hi": null, "internet_access": null, "internet_access:fee": null, "opening_hours": null, "addr:full": null, "grades": null, "operator:type": "government", "operator:wikidata": "Q5260332", "level": null, "education": null, "instagram": null, "mobile": null, "contact:facebook": null, "contact:instagram": null, "contact:twitter": null, "start_date": null, "layer": null, "building": null, "barrier": null, "school:gender": null, "landuse": null, "name:ml": null, "addr:country": null, "addr:state": null, "denomination": null, "religion": null, "brand:wikipedia": null, "height": null, "branch": null, "type": null, "image": null, "int_name": null, "bus_covered": false, "true_metro_dist": 935.73666860814012, "metro_covered": false, "metro_covered_red_only": false, "metro_covered_either_line": false }, "geometry": { "type": "Point", "coordinates": [ 80.2209903, 12.8739157 ] } },
{ "type": "Feature", "properties": { "element": "node", "id": 11848217942, "amenity": "school", "created_by": null, "name": "Computer Science Laboratory", "wheelchair": null, "old_name": null, "phone": null, "short_name": null, "website": null, "wikidata": null, "wikimedia_commons": null, "wikipedia": null, "name:etymology:wikidata": null, "fax": null, "addr:housename": null, "addr:housenumber": null, "addr:postcode": null, "alt_name": null, "source": null, "addr:city": null, "email": null, "designation": null, "addr:street": null, "brand": null, "brand:wikidata": null, "shop": null, "check_date": null, "operator": "Department of Higher Education", "note": null, "is_in": null, "addr:suburb": null, "name:ta": null, "name:en": null, "name:hi": null, "internet_access": null, "internet_access:fee": null, "opening_hours": null, "addr:full": null, "grades": null, "operator:type": "government", "operator:wikidata": "Q5260332", "level": null, "education": null, "instagram": null, "mobile": null, "contact:facebook": null, "contact:instagram": null, "contact:twitter": null, "start_date": null, "layer": null, "building": null, "barrier": null, "school:gender": null, "landuse": null, "name:ml": null, "addr:country": null, "addr:state": null, "denomination": null, "religion": null, "brand:wikipedia": null, "height": null, "branch": null, "type": null, "image": null, "int_name": null, "bus_covered": false, "true_metro_dist": 971.04492056812376, "metro_covered": false, "metro_covered_red_only": false, "metro_covered_either_line": false }, "geometry": { "type": "Point", "coordinates": [ 80.2208615, 12.8739625 ] } },
{ "type": "Feature", "properties": { "element": "node", "id": 11848217943, "amenity": "school", "created_by": null, "name": "Department of Electrical & Electronics Engg.", "wheelchair": null, "old_name": null, "phone": null, "short_name": null, "website": null, "wikidata": null, "wikimedia_commons": null, "wikipedia": null, "name:etymology:wikidata": null, "fax": null, "addr:housename": null, "addr:housenumber": null, "addr:postcode": null, "alt_name": null, "source": null, "addr:city": null, "email": null, "designation": null, "addr:street": null, "brand": null, "brand:wikidata": null, "shop": null, "check_date": null, "operator": "Department of Higher Education", "note": null, "is_in": null, "addr:suburb": null, "name:ta": null, "name:en": null, "name:hi": null, "internet_access": null, "internet_access:fee": null, "opening_hours": null, "addr:full": null, "grades": null, "operator:type": "government", "operator:wikidata": "Q5260332", "level": null, "education": null, "instagram": null, "mobile": null, "contact:facebook": null, "contact:instagram": null, "contact:twitter": null, "start_date": null, "layer": null, "building": null, "barrier": null, "school:gender": null, "landuse": null, "name:ml": null, "addr:country": null, "addr:state": null, "denomination": null, "religion": null, "brand:wikipedia": null, "height": null, "branch": null, "type": null, "image": null, "int_name": null, "bus_covered": false, "true_metro_dist": 969.39177765317538, "metro_covered": false, "metro_covered_red_only": false, "metro_covered_either_line": false }, "geometry": { "type": "Point", "coordinates": [ 80.2207237, 12.8739858 ] } },
{ "type": "Feature", "properties": { "element": "node", "id": 11848217944, "amenity": "school", "created_by": null, "name": "Department of Mechanical Engg.", "wheelchair": null, "old_name": null, "phone": null, "short_name": null, "website": null, "wikidata": null, "wikimedia_commons": null, "wikipedia": null, "name:etymology:wikidata": null, "fax": null, "addr:housename": null, "addr:housenumber": null, "addr:postcode": null, "alt_name": null, "source": null, "addr:city": null, "email": null, "designation": null, "addr:street": null, "brand": null, "brand:wikidata": null, "shop": null, "check_date": null, "operator": "Department of Higher Education", "note": null, "is_in": null, "addr:suburb": null, "name:ta": null, "name:en": null, "name:hi": null, "internet_access": null, "internet_access:fee": null, "opening_hours": null, "addr:full": null, "grades": null, "operator:type": "government", "operator:wikidata": "Q5260332", "level": null, "education": null, "instagram": null, "mobile": null, "contact:facebook": null, "contact:instagram": null, "contact:twitter": null, "start_date": null, "layer": null, "building": null, "barrier": null, "school:gender": null, "landuse": null, "name:ml": null, "addr:country": null, "addr:state": null, "denomination": null, "religion": null, "brand:wikipedia": null, "height": null, "branch": null, "type": null, "image": null, "int_name": null, "bus_covered": false, "true_metro_dist": 982.6599395740717, "metro_covered": false, "metro_covered_red_only": false, "metro_covered_either_line": false }, "geometry": { "type": "Point", "coordinates": [ 80.2203054, 12.8737589 ] } },
{ "type": "Feature", "properties": { "element": "node", "id": 11848217946, "amenity": "school", "created_by": null, "name": "Machine Shop & Drawing Hall", "wheelchair": null, "old_name": null, "phone": null, "short_name": null, "website": null, "wikidata": null, "wikimedia_commons": null, "wikipedia": null, "name:etymology:wikidata": null, "fax": null, "addr:housename": null, "addr:housenumber": null, "addr:postcode": null, "alt_name": null, "source": null, "addr:city": null, "email": null, "designation": null, "addr:street": null, "brand": null, "brand:wikidata": null, "shop": null, "check_date": null, "operator": "Department of Higher Education", "note": null, "is_in": null, "addr:suburb": null, "name:ta": null, "name:en": null, "name:hi": null, "internet_access": null, "internet_access:fee": null, "opening_hours": null, "addr:full": null, "grades": null, "operator:type": "government", "operator:wikidata": "Q5260332", "level": null, "education": null, "instagram": null, "mobile": null, "contact:facebook": null, "contact:instagram": null, "contact:twitter": null, "start_date": null, "layer": null, "building": null, "barrier": null, "school:gender": null, "landuse": null, "name:ml": null, "addr:country": null, "addr:state": null, "denomination": null, "religion": null, "brand:wikipedia": null, "height": null, "branch": null, "type": null, "image": null, "int_name": null, "bus_covered": false, "true_metro_dist": 1006.5563546432491, "metro_covered": false, "metro_covered_red_only": false, "metro_covered_either_line": false }, "geometry": { "type": "Point", "coordinates": [ 80.2202971, 12.8739875 ] } },
{ "type": "Feature", "properties": { "element": "node", "id": 11848217947, "amenity": "school", "created_by": null, "name": "Bio Medical Laboratory", "wheelchair": null, "old_name": null, "phone": null, "short_name": null, "website": null, "wikidata": null, "wikimedia_commons": null, "wikipedia": null, "name:etymology:wikidata": null, "fax": null, "addr:housename": null, "addr:housenumber": null, "addr:postcode": null, "alt_name": null, "source": null, "addr:city": null, "email": null, "designation": null, "addr:street": null, "brand": null, "brand:wikidata": null, "shop": null, "check_date": null, "operator": "Department of Higher Education", "note": null, "is_in": null, "addr:suburb": null, "name:ta": null, "name:en": null, "name:hi": null, "internet_access": null, "internet_access:fee": null, "opening_hours": null, "addr:full": null, "grades": null, "operator:type": "government", "operator:wikidata": "Q5260332", "level": null, "education": null, "instagram": null, "mobile": null, "contact:facebook": null, "contact:instagram": null, "contact:twitter": null, "start_date": null, "layer": null, "building": null, "barrier": null, "school:gender": null, "landuse": null, "name:ml": null, "addr:country": null, "addr:state": null, "denomination": null, "religion": null, "brand:wikipedia": null, "height": null, "branch": null, "type": null, "image": null, "int_name": null, "bus_covered": false, "true_metro_dist": 1088.040340961074, "metro_covered": false, "metro_covered_red_only": false, "metro_covered_either_line": false }, "geometry": { "type": "Point", "coordinates": [ 80.2203513, 12.8741787 ] } },
{ "type": "Feature", "properties": { "element": "node", "id": 12407599025, "amenity": "school", "created_by": null, "name": "Chemical department", "wheelchair": null, "old_name": null, "phone": null, "short_name": null, "website": null, "wikidata": null, "wikimedia_commons": null, "wikipedia": null, "name:etymology:wikidata": null, "fax": null, "addr:housename": null, "addr:housenumber": null, "addr:postcode": null, "alt_name": null, "source": null, "addr:city": null, "email": null, "designation": null, "addr:street": null, "brand": null, "brand:wikidata": null, "shop": null, "check_date": null, "operator": "Department of Higher Education", "note": null, "is_in": null, "addr:suburb": null, "name:ta": null, "name:en": null, "name:hi": null, "internet_access": null, "internet_access:fee": null, "opening_hours": null, "addr:full": null, "grades": null, "operator:type": "government", "operator:wikidata": "Q5260332", "level": null, "education": null, "instagram": null, "mobile": null, "contact:facebook": null, "contact:instagram": null, "contact:twitter": null, "start_date": null, "layer": null, "building": null, "barrier": null, "school:gender": null, "landuse": null, "name:ml": null, "addr:country": null, "addr:state": null, "denomination": null, "religion": null, "brand:wikipedia": null, "height": null, "branch": null, "type": null, "image": null, "int_name": null, "bus_covered": false, "true_metro_dist": 999999.0, "metro_covered": false, "metro_covered_red_only": false, "metro_covered_either_line": false }, "geometry": { "type": "Point", "coordinates": [ 80.215186, 12.8703348 ] } },
{ "type": "Feature", "properties": { "element": "node", "id": 12523043426, "amenity": "college", "created_by": null, "name": "st.joseph's college of engineering", "wheelchair": null, "old_name": null, "phone": null, "short_name": null, "website": null, "wikidata": null, "wikimedia_commons": null, "wikipedia": null, "name:etymology:wikidata": null, "fax": null, "addr:housename": null, "addr:housenumber": null, "addr:postcode": null, "alt_name": null, "source": null, "addr:city": null, "email": null, "designation": null, "addr:street": null, "brand": null, "brand:wikidata": null, "shop": null, "check_date": null, "operator": null, "note": null, "is_in": null, "addr:suburb": null, "name:ta": null, "name:en": null, "name:hi": null, "internet_access": null, "internet_access:fee": null, "opening_hours": null, "addr:full": null, "grades": null, "operator:type": null, "operator:wikidata": null, "level": null, "education": null, "instagram": null, "mobile": null, "contact:facebook": null, "contact:instagram": null, "contact:twitter": null, "start_date": null, "layer": null, "building": null, "barrier": null, "school:gender": null, "landuse": null, "name:ml": null, "addr:country": null, "addr:state": null, "denomination": null, "religion": null, "brand:wikipedia": null, "height": null, "branch": null, "type": null, "image": null, "int_name": null, "bus_covered": false, "true_metro_dist": 881.82634680476656, "metro_covered": false, "metro_covered_red_only": false, "metro_covered_either_line": false }, "geometry": { "type": "Point", "coordinates": [ 80.2263607, 12.870235 ] } },
{ "type": "Feature", "properties": { "element": "node", "id": 13378366146, "amenity": "college", "created_by": null, "name": "Center of Advanced studies", "wheelchair": null, "old_name": null, "phone": null, "short_name": null, "website": null, "wikidata": null, "wikimedia_commons": null, "wikipedia": null, "name:etymology:wikidata": null, "fax": null, "addr:housename": null, "addr:housenumber": null, "addr:postcode": null, "alt_name": null, "source": null, "addr:city": null, "email": null, "designation": null, "addr:street": null, "brand": null, "brand:wikidata": null, "shop": null, "check_date": null, "operator": null, "note": null, "is_in": null, "addr:suburb": null, "name:ta": null, "name:en": null, "name:hi": null, "internet_access": null, "internet_access:fee": null, "opening_hours": null, "addr:full": null, "grades": null, "operator:type": null, "operator:wikidata": null, "level": null, "education": "college", "instagram": null, "mobile": null, "contact:facebook": null, "contact:instagram": null, "contact:twitter": null, "start_date": null, "layer": null, "building": null, "barrier": null, "school:gender": null, "landuse": null, "name:ml": null, "addr:country": null, "addr:state": null, "denomination": null, "religion": null, "brand:wikipedia": null, "height": null, "branch": null, "type": null, "image": null, "int_name": null, "bus_covered": false, "true_metro_dist": 100.52482832427162, "metro_covered": true, "metro_covered_red_only": false, "metro_covered_either_line": true }, "geometry": { "type": "Point", "coordinates": [ 80.2253568, 12.8713321 ] } },
{ "type": "Feature", "properties": { "element": "way", "id": 27768551, "amenity": "school", "created_by": null, "name": "Kendriya Vidyalaya IIT Chennai", "wheelchair": null, "old_name": null, "phone": null, "short_name": null, "website": "https://chennaiiit.kvs.ac.in/en/", "wikidata": "Q55615537", "wikimedia_commons": null, "wikipedia": "en:KV IIT Chennai", "name:etymology:wikidata": null, "fax": null, "addr:housename": null, "addr:housenumber": null, "addr:postcode": null, "alt_name": null, "source": null, "addr:city": null, "email": null, "designation": null, "addr:street": null, "brand": "Kendriya Vidyalaya", "brand:wikidata": "Q1156653", "shop": null, "check_date": null, "operator": null, "note": null, "is_in": null, "addr:suburb": null, "name:ta": null, "name:en": null, "name:hi": null, "internet_access": null, "internet_access:fee": null, "opening_hours": null, "addr:full": null, "grades": null, "operator:type": null, "operator:wikidata": null, "level": null, "education": "school", "instagram": null, "mobile": null, "contact:facebook": null, "contact:instagram": null, "contact:twitter": null, "start_date": null, "layer": "1", "building": null, "barrier": null, "school:gender": null, "landuse": null, "name:ml": null, "addr:country": null, "addr:state": null, "denomination": null, "religion": null, "brand:wikipedia": null, "height": null, "branch": null, "type": null, "image": null, "int_name": null, "bus_covered": false, "true_metro_dist": 999999.0, "metro_covered": false, "metro_covered_red_only": false, "metro_covered_either_line": false }, "geometry": { "type": "Polygon", "coordinates": [ [ [ 80.2318072, 12.9925595 ], [ 80.232066, 12.9923454 ], [ 80.23267, 12.991827 ], [ 80.2335452, 12.9918508 ], [ 80.2336822, 12.9918394 ], [ 80.2337967, 12.9928125 ], [ 80.2338463, 12.9930567 ], [ 80.2340478, 12.9933933 ], [ 80.2324909, 12.9937108 ], [ 80.2323169, 12.9936528 ], [ 80.2318072, 12.9925595 ] ] ] } },
{ "type": "Feature", "properties": { "element": "way", "id": 28234120, "amenity": "college", "created_by": null, "name": null, "wheelchair": null, "old_name": null, "phone": null, "short_name": null, "website": null, "wikidata": null, "wikimedia_commons": null, "wikipedia": null, "name:etymology:wikidata": null, "fax": null, "addr:housename": null, "addr:housenumber": null, "addr:postcode": null, "alt_name": null, "source": null, "addr:city": null, "email": null, "designation": null, "addr:street": null, "brand": null, "brand:wikidata": null, "shop": null, "check_date": null, "operator": null, "note": null, "is_in": null, "addr:suburb": null, "name:ta": null, "name:en": null, "name:hi": null, "internet_access": null, "internet_access:fee": null, "opening_hours": null, "addr:full": null, "grades": null, "operator:type": null, "operator:wikidata": null, "level": null, "education": null, "instagram": null, "mobile": null, "contact:facebook": null, "contact:instagram": null, "contact:twitter": null, "start_date": null, "layer": null, "building": null, "barrier": null, "school:gender": null, "landuse": null, "name:ml": null, "addr:country": null, "addr:state": null, "denomination": null, "religion": null, "brand:wikipedia": null, "height": null, "branch": null, "type": null, "image": null, "int_name": null, "bus_covered": false, "true_metro_dist": 999999.0, "metro_covered": false, "metro_covered_red_only": false, "metro_covered_either_line": false }, "geometry": { "type": "Polygon", "coordinates": [ [ [ 80.2449996, 13.0065297 ], [ 80.244864, 13.0056726 ], [ 80.2447749, 13.005109 ], [ 80.2451205, 13.0051038 ], [ 80.2451827, 13.0039549 ], [ 80.2453299, 13.0012372 ], [ 80.2453343, 13.0011553 ], [ 80.2437072, 13.0010658 ], [ 80.2436454, 13.0009287 ], [ 80.2437241, 13.000172 ], [ 80.2435532, 12.9988595 ], [ 80.2435484, 12.998823 ], [ 80.2433078, 12.9977095 ], [ 80.2436732, 12.9977248 ], [ 80.2437991, 12.9966538 ], [ 80.2443518, 12.996619 ], [ 80.2443672, 12.9940361 ], [ 80.2434467, 12.9940098 ], [ 80.2434042, 12.993082 ], [ 80.244282400000017, 12.9929049 ], [ 80.2439425, 12.9922675 ], [ 80.244238, 12.9919536 ], [ 80.2497779, 12.9918812 ], [ 80.2501352, 12.9918801 ], [ 80.2483823, 12.9988033 ], [ 80.24779620000001, 13.0013499 ], [ 80.247596, 13.0021468 ], [ 80.2474701, 13.0027711 ], [ 80.2474131, 13.0031365 ], [ 80.2472889, 13.0038098 ], [ 80.2472329, 13.004424 ], [ 80.2471607, 13.005086 ], [ 80.2471265, 13.0053995 ], [ 80.2469962, 13.0058882 ], [ 80.2468898, 13.0060773 ], [ 80.2467756, 13.0062795 ], [ 80.2465323, 13.0064373 ], [ 80.2461211, 13.0065903 ], [ 80.2454609, 13.0065546 ], [ 80.2453179, 13.0065469 ], [ 80.2449996, 13.0065297 ] ] ] } },
{ "type": "Feature", "properties": { "element": "way", "id": 28405760, "amenity": "school", "created_by": null, "name": "The Hindu Senior Secondary School", "wheelchair": null, "old_name": null, "phone": null, "short_name": null, "website": null, "wikidata": null, "wikimedia_commons": null, "wikipedia": null, "name:etymology:wikidata": null, "fax": null, "addr:housename": null, "addr:housenumber": "1", "addr:postcode": "600020", "alt_name": null, "source": null, "addr:city": "Chennai", "email": null, "designation": null, "addr:street": "Indira Nagar 2nd Main Road", "brand": null, "brand:wikidata": null, "shop": null, "check_date": null, "operator": null, "note": null, "is_in": null, "addr:suburb": null, "name:ta": null, "name:en": null, "name:hi": null, "internet_access": null, "internet_access:fee": null, "opening_hours": null, "addr:full": null, "grades": null, "operator:type": null, "operator:wikidata": null, "level": null, "education": null, "instagram": null, "mobile": null, "contact:facebook": null, "contact:instagram": null, "contact:twitter": null, "start_date": null, "layer": null, "building": null, "barrier": null, "school:gender": null, "landuse": null, "name:ml": null, "addr:country": null, "addr:state": null, "denomination": null, "religion": null, "brand:wikipedia": null, "height": null, "branch": null, "type": null, "image": null, "int_name": null, "bus_covered": false, "true_metro_dist": 391.41212863425852, "metro_covered": true, "metro_covered_red_only": false, "metro_covered_either_line": true }, "geometry": { "type": "Polygon", "coordinates": [ [ [ 80.2531092, 12.9976112 ], [ 80.2536931, 12.998122 ], [ 80.2540422, 12.9981127 ], [ 80.2540337, 12.9973608 ], [ 80.2533557, 12.9966643 ], [ 80.2531092, 12.9976112 ] ] ] } },
{ "type": "Feature", "properties": { "element": "way", "id": 29046739, "amenity": "school", "created_by": null, "name": "Corporation School", "wheelchair": null, "old_name": null, "phone": null, "short_name": null, "website": null, "wikidata": null, "wikimedia_commons": null, "wikipedia": null, "name:etymology:wikidata": null, "fax": null, "addr:housename": null, "addr:housenumber": null, "addr:postcode": null, "alt_name": null, "source": null, "addr:city": null, "email": null, "designation": null, "addr:street": null, "brand": null, "brand:wikidata": null, "shop": null, "check_date": null, "operator": null, "note": null, "is_in": null, "addr:suburb": null, "name:ta": null, "name:en": null, "name:hi": null, "internet_access": null, "internet_access:fee": null, "opening_hours": null, "addr:full": null, "grades": null, "operator:type": null, "operator:wikidata": null, "level": null, "education": null, "instagram": null, "mobile": null, "contact:facebook": null, "contact:instagram": null, "contact:twitter": null, "start_date": null, "layer": null, "building": null, "barrier": null, "school:gender": null, "landuse": null, "name:ml": null, "addr:country": null, "addr:state": null, "denomination": null, "religion": null, "brand:wikipedia": null, "height": null, "branch": null, "type": null, "image": null, "int_name": null, "bus_covered": false, "true_metro_dist": 357.02988656253973, "metro_covered": true, "metro_covered_red_only": false, "metro_covered_either_line": true }, "geometry": { "type": "Polygon", "coordinates": [ [ [ 80.2544363, 12.9901518 ], [ 80.2551123, 12.9901105 ], [ 80.2546357, 12.9896826 ], [ 80.2544242, 12.989916 ], [ 80.2544363, 12.9901518 ] ] ] } },
{ "type": "Feature", "properties": { "element": "way", "id": 29046944, "amenity": "college", "created_by": null, "name": "Kalakshetra School of Fine Arts", "wheelchair": null, "old_name": null, "phone": null, "short_name": null, "website": null, "wikidata": null, "wikimedia_commons": null, "wikipedia": null, "name:etymology:wikidata": null, "fax": null, "addr:housename": null, "addr:housenumber": null, "addr:postcode": "600041", "alt_name": null, "source": null, "addr:city": "Thiruvaanmiyur", "email": null, "designation": null, "addr:street": "Kalakshetra Rd", "brand": null, "brand:wikidata": null, "shop": null, "check_date": null, "operator": "Trust", "note": null, "is_in": null, "addr:suburb": null, "name:ta": null, "name:en": null, "name:hi": null, "internet_access": "yes", "internet_access:fee": "customers", "opening_hours": null, "addr:full": null, "grades": null, "operator:type": "private", "operator:wikidata": null, "level": null, "education": null, "instagram": null, "mobile": null, "contact:facebook": null, "contact:instagram": null, "contact:twitter": null, "start_date": null, "layer": null, "building": null, "barrier": null, "school:gender": null, "landuse": null, "name:ml": null, "addr:country": null, "addr:state": null, "denomination": null, "religion": null, "brand:wikipedia": null, "height": null, "branch": null, "type": null, "image": null, "int_name": null, "bus_covered": false, "true_metro_dist": 999999.0, "metro_covered": false, "metro_covered_red_only": false, "metro_covered_either_line": false }, "geometry": { "type": "Polygon", "coordinates": [ [ [ 80.2627223, 12.9855336 ], [ 80.2627596, 12.9861638 ], [ 80.2629227, 12.9870821 ], [ 80.2630442, 12.9877665 ], [ 80.2622673, 12.9879108 ], [ 80.2626063, 12.9898649 ], [ 80.2639405, 12.9896842 ], [ 80.2646334, 12.9896016 ], [ 80.264666500000018, 12.989878 ], [ 80.2648628, 12.9898535 ], [ 80.2648193, 12.9895615 ], [ 80.2654397, 12.9894543 ], [ 80.2662855, 12.9893005 ], [ 80.2670634, 12.9891519 ], [ 80.2673454, 12.9890454 ], [ 80.2693326, 12.988684 ], [ 80.2688883, 12.9869367 ], [ 80.2685745, 12.9868134 ], [ 80.2681817, 12.985994 ], [ 80.2680297, 12.9853647 ], [ 80.2673158, 12.9856139 ], [ 80.2670709, 12.9849761 ], [ 80.2667847, 12.985082 ], [ 80.2667059, 12.9849468 ], [ 80.2659528, 12.9851379 ], [ 80.2662464, 12.9860596 ], [ 80.265626, 12.9863072 ], [ 80.2653732, 12.9864987 ], [ 80.2648932, 12.985434 ], [ 80.2643895, 12.9854922 ], [ 80.2643559, 12.9853315 ], [ 80.2627223, 12.9855336 ] ] ] } },
{ "type": "Feature", "properties": { "element": "way", "id": 29047565, "amenity": "school", "created_by": null, "name": "Besant Theosophical High School", "wheelchair": null, "old_name": null, "phone": null, "short_name": null, "website": null, "wikidata": null, "wikimedia_commons": null, "wikipedia": null, "name:etymology:wikidata": null, "fax": null, "addr:housename": null, "addr:housenumber": null, "addr:postcode": null, "alt_name": null, "source": null, "addr:city": null, "email": null, "designation": null, "addr:street": null, "brand": null, "brand:wikidata": null, "shop": null, "check_date": null, "operator": null, "note": null, "is_in": null, "addr:suburb": null, "name:ta": null, "name:en": null, "name:hi": null, "internet_access": null, "internet_access:fee": null, "opening_hours": null, "addr:full": null, "grades": null, "operator:type": null, "operator:wikidata": null, "level": null, "education": null, "instagram": null, "mobile": null, "contact:facebook": null, "contact:instagram": null, "contact:twitter": null, "start_date": null, "layer": null, "building": null, "barrier": null, "school:gender": null, "landuse": null, "name:ml": null, "addr:country": null, "addr:state": null, "denomination": null, "religion": null, "brand:wikipedia": null, "height": null, "branch": null, "type": null, "image": null, "int_name": null, "bus_covered": false, "true_metro_dist": 999999.0, "metro_covered": false, "metro_covered_red_only": false, "metro_covered_either_line": false }, "geometry": { "type": "Polygon", "coordinates": [ [ [ 80.2627139, 12.9905796 ], [ 80.2640223, 12.9904095 ], [ 80.264724, 12.9903468 ], [ 80.2655242, 12.9902708 ], [ 80.2659422, 12.9915988 ], [ 80.2660493, 12.9924438 ], [ 80.2630482, 12.9927234 ], [ 80.2627139, 12.9905796 ] ] ] } },
{ "type": "Feature", "properties": { "element": "way", "id": 30026135, "amenity": "school", "created_by": null, "name": "Vanavani Matriculation Higher Secondary School", "wheelchair": null, "old_name": null, "phone": null, "short_name": null, "website": "https://vanavani.iitm.ac.in/", "wikidata": "Q7913984", "wikimedia_commons": null, "wikipedia": "en:Vanavani Matriculation Higher Secondary School", "name:etymology:wikidata": null, "fax": null, "addr:housename": null, "addr:housenumber": null, "addr:postcode": null, "alt_name": null, "source": null, "addr:city": null, "email": "vanavani_iit@yahoo.com", "designation": null, "addr:street": null, "brand": null, "brand:wikidata": null, "shop": null, "check_date": null, "operator": null, "note": null, "is_in": null, "addr:suburb": null, "name:ta": null, "name:en": null, "name:hi": null, "internet_access": null, "internet_access:fee": null, "opening_hours": null, "addr:full": null, "grades": null, "operator:type": null, "operator:wikidata": null, "level": null, "education": null, "instagram": null, "mobile": null, "contact:facebook": null, "contact:instagram": null, "contact:twitter": null, "start_date": "1963-07-08", "layer": null, "building": null, "barrier": null, "school:gender": null, "landuse": null, "name:ml": null, "addr:country": null, "addr:state": null, "denomination": null, "religion": null, "brand:wikipedia": null, "height": null, "branch": null, "type": null, "image": null, "int_name": null, "bus_covered": false, "true_metro_dist": 999999.0, "metro_covered": false, "metro_covered_red_only": false, "metro_covered_either_line": false }, "geometry": { "type": "Polygon", "coordinates": [ [ [ 80.2387652, 12.9989899 ], [ 80.2391942, 12.9987895 ], [ 80.2388936, 12.9980411 ], [ 80.2384802, 12.9975871 ], [ 80.2381076, 12.9973585 ], [ 80.2376285, 12.9976497 ], [ 80.2387652, 12.9989899 ] ] ] } },
{ "type": "Feature", "properties": { "element": "way", "id": 30026139, "amenity": "school", "created_by": null, "name": null, "wheelchair": null, "old_name": null, "phone": null, "short_name": null, "website": null, "wikidata": null, "wikimedia_commons": null, "wikipedia": null, "name:etymology:wikidata": null, "fax": null, "addr:housename": null, "addr:housenumber": null, "addr:postcode": null, "alt_name": null, "source": null, "addr:city": null, "email": null, "designation": null, "addr:street": null, "brand": null, "brand:wikidata": null, "shop": null, "check_date": null, "operator": null, "note": null, "is_in": null, "addr:suburb": null, "name:ta": null, "name:en": null, "name:hi": null, "internet_access": null, "internet_access:fee": null, "opening_hours": null, "addr:full": null, "grades": null, "operator:type": null, "operator:wikidata": null, "level": null, "education": null, "instagram": null, "mobile": null, "contact:facebook": null, "contact:instagram": null, "contact:twitter": null, "start_date": null, "layer": null, "building": null, "barrier": null, "school:gender": null, "landuse": null, "name:ml": null, "addr:country": null, "addr:state": null, "denomination": null, "religion": null, "brand:wikipedia": null, "height": null, "branch": null, "type": null, "image": null, "int_name": null, "bus_covered": false, "true_metro_dist": 999999.0, "metro_covered": false, "metro_covered_red_only": false, "metro_covered_either_line": false }, "geometry": { "type": "Polygon", "coordinates": [ [ [ 80.2384276, 12.9987318 ], [ 80.2379987, 12.9994732 ], [ 80.2382101, 13.0000523 ], [ 80.2387922, 12.9996295 ], [ 80.2389424, 12.9994119 ], [ 80.2384276, 12.9987318 ] ] ] } },
{ "type": "Feature", "properties": { "element": "way", "id": 30342333, "amenity": "school", "created_by": null, "name": "Thiruvanmiyur Corporation School", "wheelchair": null, "old_name": null, "phone": null, "short_name": null, "website": null, "wikidata": null, "wikimedia_commons": null, "wikipedia": null, "name:etymology:wikidata": null, "fax": null, "addr:housename": null, "addr:housenumber": null, "addr:postcode": null, "alt_name": null, "source": null, "addr:city": null, "email": null, "designation": null, "addr:street": null, "brand": null, "brand:wikidata": null, "shop": null, "check_date": null, "operator": null, "note": null, "is_in": null, "addr:suburb": null, "name:ta": null, "name:en": null, "name:hi": null, "internet_access": null, "internet_access:fee": null, "opening_hours": null, "addr:full": null, "grades": null, "operator:type": null, "operator:wikidata": null, "level": null, "education": null, "instagram": null, "mobile": null, "contact:facebook": null, "contact:instagram": null, "contact:twitter": null, "start_date": null, "layer": null, "building": null, "barrier": null, "school:gender": null, "landuse": null, "name:ml": null, "addr:country": null, "addr:state": null, "denomination": null, "religion": null, "brand:wikipedia": null, "height": null, "branch": null, "type": null, "image": null, "int_name": null, "bus_covered": false, "true_metro_dist": 999999.0, "metro_covered": false, "metro_covered_red_only": false, "metro_covered_either_line": false }, "geometry": { "type": "Polygon", "coordinates": [ [ [ 80.2608053, 12.9822773 ], [ 80.26114, 12.9822387 ], [ 80.2611229, 12.9819726 ], [ 80.2615864, 12.981904 ], [ 80.2614448, 12.9807366 ], [ 80.2606259, 12.9807965 ], [ 80.2606533, 12.9819941 ], [ 80.2607742, 12.9820023 ], [ 80.2608053, 12.9822773 ] ] ] } },
{ "type": "Feature", "properties": { "element": "way", "id": 30342450, "amenity": "school", "created_by": null, "name": "Sankara School", "wheelchair": null, "old_name": null, "phone": null, "short_name": null, "website": null, "wikidata": null, "wikimedia_commons": null, "wikipedia": null, "name:etymology:wikidata": null, "fax": null, "addr:housename": null, "addr:housenumber": null, "addr:postcode": null, "alt_name": null, "source": null, "addr:city": null, "email": null, "designation": null, "addr:street": null, "brand": null, "brand:wikidata": null, "shop": null, "check_date": null, "operator": null, "note": null, "is_in": null, "addr:suburb": null, "name:ta": null, "name:en": null, "name:hi": null, "internet_access": null, "internet_access:fee": null, "opening_hours": null, "addr:full": null, "grades": null, "operator:type": null, "operator:wikidata": null, "level": null, "education": null, "instagram": null, "mobile": null, "contact:facebook": null, "contact:instagram": null, "contact:twitter": null, "start_date": null, "layer": null, "building": null, "barrier": null, "school:gender": null, "landuse": null, "name:ml": null, "addr:country": null, "addr:state": null, "denomination": null, "religion": null, "brand:wikipedia": null, "height": null, "branch": null, "type": null, "image": null, "int_name": null, "bus_covered": true, "true_metro_dist": 999999.0, "metro_covered": false, "metro_covered_red_only": false, "metro_covered_either_line": false }, "geometry": { "type": "Polygon", "coordinates": [ [ [ 80.2597568, 12.9763369 ], [ 80.2597876, 12.9767324 ], [ 80.2601483, 12.9767045 ], [ 80.260122700000011, 12.976309 ], [ 80.2597568, 12.9763369 ] ] ] } },
{ "type": "Feature", "properties": { "element": "way", "id": 30342858, "amenity": "school", "created_by": null, "name": "Nellai Nadar Matric HSS", "wheelchair": null, "old_name": null, "phone": null, "short_name": null, "website": null, "wikidata": null, "wikimedia_commons": null, "wikipedia": null, "name:etymology:wikidata": null, "fax": null, "addr:housename": null, "addr:housenumber": null, "addr:postcode": null, "alt_name": null, "source": null, "addr:city": null, "email": null, "designation": null, "addr:street": null, "brand": null, "brand:wikidata": null, "shop": null, "check_date": null, "operator": null, "note": null, "is_in": null, "addr:suburb": null, "name:ta": null, "name:en": null, "name:hi": null, "internet_access": null, "internet_access:fee": null, "opening_hours": null, "addr:full": null, "grades": null, "operator:type": null, "operator:wikidata": null, "level": null, "education": null, "instagram": null, "mobile": null, "contact:facebook": null, "contact:instagram": null, "contact:twitter": null, "start_date": null, "layer": null, "building": null, "barrier": null, "school:gender": null, "landuse": null, "name:ml": null, "addr:country": null, "addr:state": null, "denomination": null, "religion": null, "brand:wikipedia": null, "height": null, "branch": null, "type": null, "image": null, "int_name": null, "bus_covered": false, "true_metro_dist": 999999.0, "metro_covered": false, "metro_covered_red_only": false, "metro_covered_either_line": false }, "geometry": { "type": "Polygon", "coordinates": [ [ [ 80.2621825, 12.9740453 ], [ 80.2616597, 12.9720482 ], [ 80.2626763, 12.9717976 ], [ 80.2629772, 12.9735284 ], [ 80.2627843, 12.9735573 ], [ 80.262891100000019, 12.9739572 ], [ 80.2621825, 12.9740453 ] ] ] } },
{ "type": "Feature", "properties": { "element": "way", "id": 30343118, "amenity": "school", "created_by": null, "name": "Sri Sankara Vidyashram HSS", "wheelchair": null, "old_name": null, "phone": null, "short_name": null, "website": null, "wikidata": null, "wikimedia_commons": null, "wikipedia": null, "name:etymology:wikidata": null, "fax": null, "addr:housename": null, "addr:housenumber": null, "addr:postcode": null, "alt_name": null, "source": null, "addr:city": null, "email": null, "designation": null, "addr:street": null, "brand": null, "brand:wikidata": null, "shop": null, "check_date": null, "operator": null, "note": null, "is_in": null, "addr:suburb": null, "name:ta": null, "name:en": null, "name:hi": null, "internet_access": null, "internet_access:fee": null, "opening_hours": null, "addr:full": null, "grades": null, "operator:type": null, "operator:wikidata": null, "level": null, "education": null, "instagram": null, "mobile": null, "contact:facebook": null, "contact:instagram": null, "contact:twitter": null, "start_date": null, "layer": null, "building": null, "barrier": null, "school:gender": null, "landuse": null, "name:ml": null, "addr:country": null, "addr:state": null, "denomination": null, "religion": null, "brand:wikipedia": null, "height": null, "branch": null, "type": null, "image": null, "int_name": null, "bus_covered": false, "true_metro_dist": 1227.2005905314816, "metro_covered": false, "metro_covered_red_only": false, "metro_covered_either_line": false }, "geometry": { "type": "Polygon", "coordinates": [ [ [ 80.2563709, 12.985744 ], [ 80.2577939, 12.9855704 ], [ 80.2576985, 12.9848112 ], [ 80.2562798, 12.9849717 ], [ 80.2563709, 12.985744 ] ] ] } },
{ "type": "Feature", "properties": { "element": "way", "id": 30347103, "amenity": "college", "created_by": null, "name": "Patrician College of Arts & Science", "wheelchair": null, "old_name": null, "phone": null, "short_name": null, "website": null, "wikidata": null, "wikimedia_commons": null, "wikipedia": null, "name:etymology:wikidata": null, "fax": null, "addr:housename": null, "addr:housenumber": null, "addr:postcode": null, "alt_name": null, "source": null, "addr:city": null, "email": null, "designation": null, "addr:street": null, "brand": null, "brand:wikidata": null, "shop": null, "check_date": null, "operator": null, "note": null, "is_in": null, "addr:suburb": null, "name:ta": null, "name:en": null, "name:hi": null, "internet_access": null, "internet_access:fee": null, "opening_hours": null, "addr:full": null, "grades": null, "operator:type": null, "operator:wikidata": null, "level": null, "education": null, "instagram": null, "mobile": null, "contact:facebook": null, "contact:instagram": null, "contact:twitter": null, "start_date": null, "layer": null, "building": null, "barrier": null, "school:gender": null, "landuse": null, "name:ml": null, "addr:country": null, "addr:state": null, "denomination": null, "religion": null, "brand:wikipedia": null, "height": null, "branch": null, "type": null, "image": null, "int_name": null, "bus_covered": false, "true_metro_dist": 999999.0, "metro_covered": false, "metro_covered_red_only": false, "metro_covered_either_line": false }, "geometry": { "type": "Polygon", "coordinates": [ [ [ 80.2491993, 13.0141012 ], [ 80.24961140000002, 13.0138154 ], [ 80.2501034, 13.0136558 ], [ 80.2506111, 13.0135669 ], [ 80.2505008, 13.0130226 ], [ 80.2499054, 13.0131408 ], [ 80.2493099, 13.0132551 ], [ 80.2492541, 13.0132225 ], [ 80.2491967, 13.0135235 ], [ 80.2492363, 13.0135466 ], [ 80.2490081, 13.013917 ], [ 80.2490243, 13.0139265 ], [ 80.2491993, 13.0141012 ] ] ] } },
{ "type": "Feature", "properties": { "element": "way", "id": 30347104, "amenity": "school", "created_by": null, "name": "Saint Louis School for the Deaf and Blind", "wheelchair": null, "old_name": null, "phone": null, "short_name": null, "website": null, "wikidata": null, "wikimedia_commons": null, "wikipedia": null, "name:etymology:wikidata": null, "fax": null, "addr:housename": null, "addr:housenumber": null, "addr:postcode": null, "alt_name": null, "source": null, "addr:city": null, "email": null, "designation": null, "addr:street": null, "brand": null, "brand:wikidata": null, "shop": null, "check_date": null, "operator": null, "note": null, "is_in": null, "addr:suburb": null, "name:ta": null, "name:en": null, "name:hi": null, "internet_access": null, "internet_access:fee": null, "opening_hours": null, "addr:full": null, "grades": null, "operator:type": null, "operator:wikidata": null, "level": null, "education": null, "instagram": null, "mobile": null, "contact:facebook": null, "contact:instagram": null, "contact:twitter": null, "start_date": null, "layer": null, "building": null, "barrier": null, "school:gender": null, "landuse": null, "name:ml": null, "addr:country": null, "addr:state": null, "denomination": null, "religion": null, "brand:wikipedia": null, "height": null, "branch": null, "type": null, "image": null, "int_name": null, "bus_covered": false, "true_metro_dist": 1568.0079419540145, "metro_covered": false, "metro_covered_red_only": false, "metro_covered_either_line": false }, "geometry": { "type": "Polygon", "coordinates": [ [ [ 80.2493099, 13.0132551 ], [ 80.2490301, 13.0111616 ], [ 80.2496692, 13.0110911 ], [ 80.2496873, 13.0112338 ], [ 80.2496266, 13.0112403 ], [ 80.2499054, 13.0131408 ], [ 80.2493099, 13.0132551 ] ] ] } },
{ "type": "Feature", "properties": { "element": "way", "id": 30347107, "amenity": "school", "created_by": null, "name": "Saint Michaels Academy", "wheelchair": null, "old_name": null, "phone": null, "short_name": null, "website": null, "wikidata": null, "wikimedia_commons": null, "wikipedia": null, "name:etymology:wikidata": null, "fax": null, "addr:housename": null, "addr:housenumber": null, "addr:postcode": null, "alt_name": null, "source": null, "addr:city": null, "email": null, "designation": null, "addr:street": null, "brand": null, "brand:wikidata": null, "shop": null, "check_date": null, "operator": null, "note": null, "is_in": null, "addr:suburb": null, "name:ta": null, "name:en": null, "name:hi": null, "internet_access": null, "internet_access:fee": null, "opening_hours": null, "addr:full": null, "grades": null, "operator:type": null, "operator:wikidata": null, "level": null, "education": null, "instagram": null, "mobile": null, "contact:facebook": null, "contact:instagram": null, "contact:twitter": null, "start_date": null, "layer": null, "building": null, "barrier": null, "school:gender": null, "landuse": null, "name:ml": null, "addr:country": null, "addr:state": null, "denomination": null, "religion": null, "brand:wikipedia": null, "height": null, "branch": null, "type": null, "image": null, "int_name": null, "bus_covered": false, "true_metro_dist": 1179.5805432361544, "metro_covered": false, "metro_covered_red_only": false, "metro_covered_either_line": false }, "geometry": { "type": "Polygon", "coordinates": [ [ [ 80.2503754, 13.0103464 ], [ 80.25019570000002, 13.0103673 ], [ 80.2496037, 13.0104464 ], [ 80.2496923, 13.0111518 ], [ 80.2505725, 13.0110521 ], [ 80.2511468, 13.0107681 ], [ 80.2507934, 13.0102994 ], [ 80.2503754, 13.0103464 ] ] ] } },
{ "type": "Feature", "properties": { "element": "way", "id": 30347109, "amenity": "school", "created_by": null, "name": "Saint Patricks HSS", "wheelchair": null, "old_name": null, "phone": null, "short_name": null, "website": null, "wikidata": null, "wikimedia_commons": null, "wikipedia": null, "name:etymology:wikidata": null, "fax": null, "addr:housename": null, "addr:housenumber": null, "addr:postcode": null, "alt_name": null, "source": null, "addr:city": null, "email": null, "designation": null, "addr:street": null, "brand": null, "brand:wikidata": null, "shop": null, "check_date": null, "operator": null, "note": null, "is_in": null, "addr:suburb": null, "name:ta": null, "name:en": null, "name:hi": null, "internet_access": null, "internet_access:fee": null, "opening_hours": null, "addr:full": null, "grades": null, "operator:type": null, "operator:wikidata": null, "level": null, "education": null, "instagram": null, "mobile": null, "contact:facebook": null, "contact:instagram": null, "contact:twitter": null, "start_date": null, "layer": null, "building": null, "barrier": null, "school:gender": null, "landuse": null, "name:ml": null, "addr:country": null, "addr:state": null, "denomination": null, "religion": null, "brand:wikipedia": null, "height": null, "branch": null, "type": null, "image": null, "int_name": null, "bus_covered": false, "true_metro_dist": 1142.1180733239244, "metro_covered": false, "metro_covered_red_only": false, "metro_covered_either_line": false }, "geometry": { "type": "Polygon", "coordinates": [ [ [ 80.2506111, 13.0135669 ], [ 80.2517218, 13.0134264 ], [ 80.2519143, 13.0134021 ], [ 80.2527833, 13.0129035 ], [ 80.2512015, 13.0108377 ], [ 80.2506197, 13.0111239 ], [ 80.2496873, 13.0112338 ], [ 80.2496265, 13.0112403 ], [ 80.2499054, 13.0131408 ], [ 80.2505008, 13.0130226 ], [ 80.2506111, 13.0135669 ] ] ] } },
{ "type": "Feature", "properties": { "element": "way", "id": 30347111, "amenity": "college", "created_by": null, "name": "KRMM School and Kumararani Meena Mutthaiah College", "wheelchair": null, "old_name": null, "phone": null, "short_name": null, "website": null, "wikidata": null, "wikimedia_commons": null, "wikipedia": null, "name:etymology:wikidata": null, "fax": null, "addr:housename": null, "addr:housenumber": null, "addr:postcode": null, "alt_name": null, "source": null, "addr:city": null, "email": null, "designation": null, "addr:street": null, "brand": null, "brand:wikidata": null, "shop": null, "check_date": "2025-02-23", "operator": null, "note": null, "is_in": null, "addr:suburb": null, "name:ta": null, "name:en": null, "name:hi": null, "internet_access": null, "internet_access:fee": null, "opening_hours": null, "addr:full": null, "grades": null, "operator:type": null, "operator:wikidata": null, "level": null, "education": null, "instagram": null, "mobile": null, "contact:facebook": null, "contact:instagram": null, "contact:twitter": null, "start_date": null, "layer": null, "building": null, "barrier": null, "school:gender": null, "landuse": null, "name:ml": null, "addr:country": null, "addr:state": null, "denomination": null, "religion": null, "brand:wikipedia": null, "height": null, "branch": null, "type": null, "image": null, "int_name": null, "bus_covered": false, "true_metro_dist": 982.62613711766392, "metro_covered": false, "metro_covered_red_only": false, "metro_covered_either_line": false }, "geometry": { "type": "Polygon", "coordinates": [ [ [ 80.2519499, 13.0117162 ], [ 80.2519759, 13.0117629 ], [ 80.2527666, 13.0111958 ], [ 80.2520853, 13.0102916 ], [ 80.2512002, 13.0103752 ], [ 80.2511895, 13.0102602 ], [ 80.251066100000017, 13.0102184 ], [ 80.2508354, 13.0103282 ], [ 80.2519499, 13.0117162 ] ] ] } },
{ "type": "Feature", "properties": { "element": "way", "id": 30347113, "amenity": "school", "created_by": null, "name": "Bala Vidya Mandir", "wheelchair": null, "old_name": null, "phone": null, "short_name": null, "website": null, "wikidata": null, "wikimedia_commons": null, "wikipedia": null, "name:etymology:wikidata": null, "fax": null, "addr:housename": null, "addr:housenumber": null, "addr:postcode": null, "alt_name": null, "source": null, "addr:city": null, "email": null, "designation": null, "addr:street": null, "brand": null, "brand:wikidata": null, "shop": null, "check_date": null, "operator": null, "note": null, "is_in": null, "addr:suburb": null, "name:ta": null, "name:en": null, "name:hi": null, "internet_access": null, "internet_access:fee": null, "opening_hours": null, "addr:full": null, "grades": null, "operator:type": null, "operator:wikidata": null, "level": null, "education": null, "instagram": null, "mobile": null, "contact:facebook": null, "contact:instagram": null, "contact:twitter": null, "start_date": null, "layer": null, "building": null, "barrier": null, "school:gender": null, "landuse": null, "name:ml": null, "addr:country": null, "addr:state": null, "denomination": null, "religion": null, "brand:wikipedia": null, "height": null, "branch": null, "type": null, "image": null, "int_name": null, "bus_covered": false, "true_metro_dist": 1215.0978626428155, "metro_covered": false, "metro_covered_red_only": false, "metro_covered_either_line": false }, "geometry": { "type": "Polygon", "coordinates": [ [ [ 80.2503227, 13.009696 ], [ 80.2503706, 13.0102816 ], [ 80.2503767, 13.0103269 ], [ 80.2509052, 13.0102812 ], [ 80.2510554, 13.0101923 ], [ 80.2511358, 13.010208 ], [ 80.2512056, 13.010208 ], [ 80.2512195, 13.0103517 ], [ 80.2517366, 13.0102916 ], [ 80.2520907, 13.0102602 ], [ 80.2520102, 13.0101609 ], [ 80.251761300000013, 13.0101845 ], [ 80.2517259, 13.0100355 ], [ 80.2512463, 13.0100695 ], [ 80.2512378, 13.0096696 ], [ 80.2503227, 13.009696 ] ] ] } },
{ "type": "Feature", "properties": { "element": "way", "id": 30348389, "amenity": "college", "created_by": null, "name": "Rani Meyammai School", "wheelchair": null, "old_name": null, "phone": null, "short_name": null, "website": null, "wikidata": null, "wikimedia_commons": null, "wikipedia": null, "name:etymology:wikidata": null, "fax": null, "addr:housename": null, "addr:housenumber": null, "addr:postcode": null, "alt_name": null, "source": null, "addr:city": null, "email": null, "designation": null, "addr:street": null, "brand": null, "brand:wikidata": null, "shop": null, "check_date": null, "operator": null, "note": null, "is_in": null, "addr:suburb": null, "name:ta": null, "name:en": null, "name:hi": null, "internet_access": null, "internet_access:fee": null, "opening_hours": null, "addr:full": null, "grades": null, "operator:type": null, "operator:wikidata": null, "level": null, "education": null, "instagram": null, "mobile": null, "contact:facebook": null, "contact:instagram": null, "contact:twitter": null, "start_date": null, "layer": null, "building": null, "barrier": null, "school:gender": null, "landuse": null, "name:ml": null, "addr:country": null, "addr:state": null, "denomination": null, "religion": null, "brand:wikipedia": null, "height": null, "branch": null, "type": null, "image": null, "int_name": null, "bus_covered": true, "true_metro_dist": 515.43259234686468, "metro_covered": false, "metro_covered_red_only": false, "metro_covered_either_line": false }, "geometry": { "type": "Polygon", "coordinates": [ [ [ 80.257951, 13.0103177 ], [ 80.2574001, 13.0102583 ], [ 80.2567076, 13.0104327 ], [ 80.2566279, 13.0094862 ], [ 80.2579216, 13.0094216 ], [ 80.257951, 13.0103177 ] ] ] } },
{ "type": "Feature", "properties": { "element": "way", "id": 30394432, "amenity": "school", "created_by": null, "name": "Corporation High School", "wheelchair": null, "old_name": null, "phone": null, "short_name": null, "website": null, "wikidata": null, "wikimedia_commons": null, "wikipedia": null, "name:etymology:wikidata": null, "fax": null, "addr:housename": null, "addr:housenumber": null, "addr:postcode": null, "alt_name": null, "source": null, "addr:city": null, "email": null, "designation": null, "addr:street": null, "brand": null, "brand:wikidata": null, "shop": null, "check_date": null, "operator": null, "note": null, "is_in": null, "addr:suburb": null, "name:ta": null, "name:en": null, "name:hi": null, "internet_access": null, "internet_access:fee": null, "opening_hours": null, "addr:full": null, "grades": null, "operator:type": null, "operator:wikidata": null, "level": null, "education": null, "instagram": null, "mobile": null, "contact:facebook": null, "contact:instagram": null, "contact:twitter": null, "start_date": null, "layer": null, "building": null, "barrier": null, "school:gender": null, "landuse": null, "name:ml": null, "addr:country": null, "addr:state": null, "denomination": null, "religion": null, "brand:wikipedia": null, "height": null, "branch": null, "type": null, "image": null, "int_name": null, "bus_covered": false, "true_metro_dist": 755.05407638628526, "metro_covered": false, "metro_covered_red_only": false, "metro_covered_either_line": false }, "geometry": { "type": "Polygon", "coordinates": [ [ [ 80.2540166, 13.0021211 ], [ 80.2535483, 13.0021294 ], [ 80.2536063, 13.0014871 ], [ 80.2540083, 13.001483 ], [ 80.2540166, 13.0021211 ] ] ] } },
{ "type": "Feature", "properties": { "element": "way", "id": 30394613, "amenity": "school", "created_by": null, "name": "Corporation Primary School", "wheelchair": null, "old_name": null, "phone": null, "short_name": null, "website": null, "wikidata": null, "wikimedia_commons": null, "wikipedia": null, "name:etymology:wikidata": null, "fax": null, "addr:housename": null, "addr:housenumber": null, "addr:postcode": null, "alt_name": null, "source": null, "addr:city": null, "email": null, "designation": null, "addr:street": null, "brand": null, "brand:wikidata": null, "shop": null, "check_date": null, "operator": null, "note": null, "is_in": null, "addr:suburb": null, "name:ta": null, "name:en": null, "name:hi": null, "internet_access": null, "internet_access:fee": null, "opening_hours": null, "addr:full": null, "grades": null, "operator:type": null, "operator:wikidata": null, "level": null, "education": null, "instagram": null, "mobile": null, "contact:facebook": null, "contact:instagram": null, "contact:twitter": null, "start_date": null, "layer": null, "building": null, "barrier": null, "school:gender": null, "landuse": null, "name:ml": null, "addr:country": null, "addr:state": null, "denomination": null, "religion": null, "brand:wikipedia": null, "height": null, "branch": null, "type": null, "image": null, "int_name": null, "bus_covered": false, "true_metro_dist": 779.12543845192329, "metro_covered": false, "metro_covered_red_only": false, "metro_covered_either_line": false }, "geometry": { "type": "Polygon", "coordinates": [ [ [ 80.2558297, 13.0050882 ], [ 80.2558339, 13.0047734 ], [ 80.2566534, 13.0048107 ], [ 80.2566488, 13.0050866 ], [ 80.2558297, 13.0050882 ] ] ] } },
{ "type": "Feature", "properties": { "element": "way", "id": 30394615, "amenity": "school", "created_by": null, "name": "Bharath HSS", "wheelchair": null, "old_name": null, "phone": null, "short_name": null, "website": null, "wikidata": null, "wikimedia_commons": null, "wikipedia": null, "name:etymology:wikidata": null, "fax": null, "addr:housename": null, "addr:housenumber": null, "addr:postcode": null, "alt_name": null, "source": null, "addr:city": null, "email": null, "designation": null, "addr:street": null, "brand": null, "brand:wikidata": null, "shop": null, "check_date": null, "operator": null, "note": null, "is_in": null, "addr:suburb": null, "name:ta": null, "name:en": null, "name:hi": null, "internet_access": null, "internet_access:fee": null, "opening_hours": null, "addr:full": null, "grades": null, "operator:type": null, "operator:wikidata": null, "level": null, "education": null, "instagram": null, "mobile": null, "contact:facebook": null, "contact:instagram": null, "contact:twitter": null, "start_date": null, "layer": null, "building": null, "barrier": null, "school:gender": null, "landuse": null, "name:ml": null, "addr:country": null, "addr:state": null, "denomination": null, "religion": null, "brand:wikipedia": null, "height": null, "branch": null, "type": null, "image": null, "int_name": null, "bus_covered": true, "true_metro_dist": 669.39480909123779, "metro_covered": false, "metro_covered_red_only": false, "metro_covered_either_line": false }, "geometry": { "type": "Polygon", "coordinates": [ [ [ 80.255757, 13.0019982 ], [ 80.2557296, 13.0013309 ], [ 80.2561226, 13.0013218 ], [ 80.2561409, 13.0019982 ], [ 80.255757, 13.0019982 ] ] ] } },
{ "type": "Feature", "properties": { "element": "way", "id": 33300163, "amenity": "school", "created_by": null, "name": "American International School Chennai", "wheelchair": null, "old_name": null, "phone": "+91 44 2254 9000", "short_name": "AISC", "website": "https://www.aischennai.org/", "wikidata": "Q17511664", "wikimedia_commons": null, "wikipedia": "en:American International School Chennai", "name:etymology:wikidata": null, "fax": null, "addr:housename": null, "addr:housenumber": null, "addr:postcode": null, "alt_name": null, "source": null, "addr:city": null, "email": null, "designation": null, "addr:street": null, "brand": null, "brand:wikidata": null, "shop": null, "check_date": null, "operator": null, "note": null, "is_in": null, "addr:suburb": null, "name:ta": null, "name:en": null, "name:hi": null, "internet_access": null, "internet_access:fee": null, "opening_hours": null, "addr:full": "100 Feet Road, Taramani, Chennai - 600113", "grades": null, "operator:type": null, "operator:wikidata": null, "level": null, "education": null, "instagram": null, "mobile": null, "contact:facebook": null, "contact:instagram": null, "contact:twitter": null, "start_date": "1995", "layer": null, "building": null, "barrier": "wall", "school:gender": null, "landuse": null, "name:ml": null, "addr:country": null, "addr:state": null, "denomination": null, "religion": null, "brand:wikipedia": null, "height": null, "branch": null, "type": null, "image": null, "int_name": null, "bus_covered": false, "true_metro_dist": 999999.0, "metro_covered": false, "metro_covered_red_only": false, "metro_covered_either_line": false }, "geometry": { "type": "Polygon", "coordinates": [ [ [ 80.2452628, 12.9812753 ], [ 80.245261700000015, 12.9814732 ], [ 80.245388300000016, 12.9814732 ], [ 80.2453306, 12.9834798 ], [ 80.2458036, 12.9831503 ], [ 80.2469582, 12.9831618 ], [ 80.246965, 12.9826485 ], [ 80.2478059, 12.9824016 ], [ 80.2477945, 12.9820848 ], [ 80.2475901, 12.9819168 ], [ 80.2477308, 12.9818254 ], [ 80.2473214, 12.9810261 ], [ 80.245638, 12.9812241 ], [ 80.2452628, 12.9812753 ] ] ] } },
{ "type": "Feature", "properties": { "element": "way", "id": 35015054, "amenity": "school", "created_by": null, "name": "AMM School", "wheelchair": null, "old_name": null, "phone": null, "short_name": null, "website": null, "wikidata": null, "wikimedia_commons": null, "wikipedia": null, "name:etymology:wikidata": null, "fax": null, "addr:housename": null, "addr:housenumber": null, "addr:postcode": null, "alt_name": null, "source": null, "addr:city": null, "email": null, "designation": null, "addr:street": null, "brand": null, "brand:wikidata": null, "shop": null, "check_date": null, "operator": null, "note": null, "is_in": null, "addr:suburb": null, "name:ta": null, "name:en": null, "name:hi": null, "internet_access": null, "internet_access:fee": null, "opening_hours": null, "addr:full": null, "grades": null, "operator:type": null, "operator:wikidata": null, "level": null, "education": null, "instagram": null, "mobile": null, "contact:facebook": null, "contact:instagram": null, "contact:twitter": null, "start_date": null, "layer": null, "building": null, "barrier": null, "school:gender": null, "landuse": null, "name:ml": null, "addr:country": null, "addr:state": null, "denomination": null, "religion": null, "brand:wikipedia": null, "height": null, "branch": null, "type": null, "image": null, "int_name": null, "bus_covered": false, "true_metro_dist": 999999.0, "metro_covered": false, "metro_covered_red_only": false, "metro_covered_either_line": false }, "geometry": { "type": "Polygon", "coordinates": [ [ [ 80.241851, 13.0201565 ], [ 80.2427208, 13.0198926 ], [ 80.2424921, 13.0194149 ], [ 80.2421753, 13.0195065 ], [ 80.241863, 13.0191984 ], [ 80.2417493, 13.0187913 ], [ 80.2415251, 13.0179613 ], [ 80.241309, 13.0180946 ], [ 80.2412792, 13.0181294 ], [ 80.2412801, 13.0181699 ], [ 80.241851, 13.0201565 ] ] ] } },
{ "type": "Feature", "properties": { "element": "way", "id": 35457616, "amenity": "college", "created_by": null, "name": "MNM Jain Engineering College", "wheelchair": null, "old_name": null, "phone": null, "short_name": null, "website": "https://mnmjec.ac.in/", "wikidata": "Q6875951", "wikimedia_commons": null, "wikipedia": "en:Misrimal Navajee Munoth Jain Engineering College", "name:etymology:wikidata": null, "fax": null, "addr:housename": null, "addr:housenumber": null, "addr:postcode": null, "alt_name": "Misrimal Navajee Munoth Jain Engineering College", "source": null, "addr:city": null, "email": null, "designation": null, "addr:street": null, "brand": null, "brand:wikidata": null, "shop": null, "check_date": null, "operator": null, "note": null, "is_in": null, "addr:suburb": null, "name:ta": null, "name:en": null, "name:hi": null, "internet_access": null, "internet_access:fee": null, "opening_hours": null, "addr:full": null, "grades": null, "operator:type": null, "operator:wikidata": null, "level": null, "education": null, "instagram": null, "mobile": null, "contact:facebook": null, "contact:instagram": null, "contact:twitter": null, "start_date": null, "layer": null, "building": null, "barrier": null, "school:gender": null, "landuse": "education", "name:ml": null, "addr:country": null, "addr:state": null, "denomination": null, "religion": null, "brand:wikipedia": null, "height": null, "branch": null, "type": null, "image": null, "int_name": null, "bus_covered": false, "true_metro_dist": 999999.0, "metro_covered": false, "metro_covered_red_only": false, "metro_covered_either_line": false }, "geometry": { "type": "Polygon", "coordinates": [ [ [ 80.2461435, 12.9428555 ], [ 80.2433293, 12.9434546 ], [ 80.2433547, 12.9450586 ], [ 80.2435305, 12.9459492 ], [ 80.2428648, 12.9460769 ], [ 80.2404579, 12.9465384 ], [ 80.2406591, 12.9472154 ], [ 80.2413189, 12.9470586 ], [ 80.244135300000011, 12.9466194 ], [ 80.2470937, 12.9461779 ], [ 80.2468964, 12.9451293 ], [ 80.2466032, 12.9451884 ], [ 80.2461435, 12.9428555 ] ] ] } },
{ "type": "Feature", "properties": { "element": "way", "id": 35572295, "amenity": "school", "created_by": null, "name": "Spastic Society of india", "wheelchair": null, "old_name": null, "phone": null, "short_name": null, "website": null, "wikidata": null, "wikimedia_commons": null, "wikipedia": null, "name:etymology:wikidata": null, "fax": null, "addr:housename": null, "addr:housenumber": null, "addr:postcode": null, "alt_name": null, "source": null, "addr:city": null, "email": null, "designation": null, "addr:street": null, "brand": null, "brand:wikidata": null, "shop": null, "check_date": null, "operator": null, "note": null, "is_in": null, "addr:suburb": null, "name:ta": null, "name:en": null, "name:hi": null, "internet_access": null, "internet_access:fee": null, "opening_hours": null, "addr:full": null, "grades": null, "operator:type": null, "operator:wikidata": null, "level": null, "education": null, "instagram": null, "mobile": null, "contact:facebook": null, "contact:instagram": null, "contact:twitter": null, "start_date": null, "layer": null, "building": null, "barrier": "wall", "school:gender": null, "landuse": null, "name:ml": null, "addr:country": null, "addr:state": null, "denomination": null, "religion": null, "brand:wikipedia": null, "height": null, "branch": null, "type": null, "image": null, "int_name": null, "bus_covered": false, "true_metro_dist": 999999.0, "metro_covered": false, "metro_covered_red_only": false, "metro_covered_either_line": false }, "geometry": { "type": "Polygon", "coordinates": [ [ [ 80.2495353, 12.9842426 ], [ 80.2504966, 12.9842707 ], [ 80.250477, 12.9854173 ], [ 80.2504765, 12.9861295 ], [ 80.2494989, 12.9861334 ], [ 80.2495353, 12.9842426 ] ] ] } },
{ "type": "Feature", "properties": { "element": "way", "id": 35572308, "amenity": "college", "created_by": null, "name": "National Institute of Fashion Technology - NIFT Chennai", "wheelchair": null, "old_name": null, "phone": null, "short_name": null, "website": null, "wikidata": null, "wikimedia_commons": null, "wikipedia": null, "name:etymology:wikidata": null, "fax": null, "addr:housename": null, "addr:housenumber": null, "addr:postcode": null, "alt_name": null, "source": null, "addr:city": null, "email": null, "designation": null, "addr:street": null, "brand": null, "brand:wikidata": null, "shop": null, "check_date": null, "operator": null, "note": null, "is_in": null, "addr:suburb": null, "name:ta": null, "name:en": null, "name:hi": null, "internet_access": null, "internet_access:fee": null, "opening_hours": null, "addr:full": null, "grades": null, "operator:type": null, "operator:wikidata": null, "level": null, "education": null, "instagram": null, "mobile": null, "contact:facebook": null, "contact:instagram": null, "contact:twitter": null, "start_date": null, "layer": null, "building": null, "barrier": "wall", "school:gender": null, "landuse": null, "name:ml": null, "addr:country": null, "addr:state": null, "denomination": null, "religion": null, "brand:wikipedia": null, "height": null, "branch": null, "type": null, "image": null, "int_name": null, "bus_covered": false, "true_metro_dist": 999999.0, "metro_covered": false, "metro_covered_red_only": false, "metro_covered_either_line": false }, "geometry": { "type": "Polygon", "coordinates": [ [ [ 80.2518161, 12.9853683 ], [ 80.2519636, 12.9848963 ], [ 80.2523559, 12.9834076 ], [ 80.2506607, 12.9836398 ], [ 80.2512592, 12.9844423 ], [ 80.2518161, 12.9853683 ] ] ] } },
{ "type": "Feature", "properties": { "element": "way", "id": 35572368, "amenity": "college", "created_by": null, "name": "National Institute of Technical Teachers' Training and Research", "wheelchair": null, "old_name": null, "phone": null, "short_name": null, "website": "https://www.nitttrc.ac.in/", "wikidata": "Q85846751", "wikimedia_commons": null, "wikipedia": "en:National Institute of Technical Teachers' Training and Research, Chennai", "name:etymology:wikidata": null, "fax": null, "addr:housename": null, "addr:housenumber": null, "addr:postcode": null, "alt_name": "NITTTR;NITTTR Chennai", "source": null, "addr:city": null, "email": null, "designation": null, "addr:street": null, "brand": null, "brand:wikidata": null, "shop": null, "check_date": null, "operator": "Ministry of Education-Govt. of India", "note": null, "is_in": null, "addr:suburb": null, "name:ta": null, "name:en": null, "name:hi": null, "internet_access": null, "internet_access:fee": null, "opening_hours": null, "addr:full": null, "grades": null, "operator:type": "government", "operator:wikidata": null, "level": null, "education": null, "instagram": null, "mobile": null, "contact:facebook": null, "contact:instagram": null, "contact:twitter": null, "start_date": null, "layer": null, "building": null, "barrier": "wall", "school:gender": null, "landuse": null, "name:ml": null, "addr:country": null, "addr:state": null, "denomination": null, "religion": null, "brand:wikipedia": null, "height": null, "branch": null, "type": null, "image": null, "int_name": null, "bus_covered": false, "true_metro_dist": 999999.0, "metro_covered": false, "metro_covered_red_only": false, "metro_covered_either_line": false }, "geometry": { "type": "Polygon", "coordinates": [ [ [ 80.2478883, 12.9863663 ], [ 80.2479055, 12.9890761 ], [ 80.2491482, 12.9890545 ], [ 80.2494513, 12.9890613 ], [ 80.2494514, 12.9889274 ], [ 80.2504313, 12.9889022 ], [ 80.2505999, 12.9888717 ], [ 80.250729, 12.9887858 ], [ 80.2507975, 12.9887125 ], [ 80.250842, 12.9886229 ], [ 80.2508816, 12.9884518 ], [ 80.250859, 12.9883082 ], [ 80.2507198, 12.9880364 ], [ 80.2507114, 12.9879559 ], [ 80.2507509, 12.9878542 ], [ 80.2508267, 12.9877763 ], [ 80.2509349, 12.9877247 ], [ 80.2510198, 12.9877051 ], [ 80.2510922, 12.9877065 ], [ 80.2511679, 12.9876661 ], [ 80.251239, 12.9875868 ], [ 80.251511, 12.9865664 ], [ 80.2514797, 12.9864382 ], [ 80.251337, 12.9863579 ], [ 80.2478883, 12.9863663 ] ] ] } },
{ "type": "Feature", "properties": { "element": "way", "id": 35572405, "amenity": "college", "created_by": null, "name": "Council of Scientific and Industrial Research - CSIR Taramani", "wheelchair": null, "old_name": null, "phone": null, "short_name": null, "website": null, "wikidata": null, "wikimedia_commons": null, "wikipedia": null, "name:etymology:wikidata": null, "fax": null, "addr:housename": null, "addr:housenumber": null, "addr:postcode": null, "alt_name": null, "source": null, "addr:city": null, "email": null, "designation": null, "addr:street": null, "brand": null, "brand:wikidata": null, "shop": null, "check_date": null, "operator": null, "note": null, "is_in": null, "addr:suburb": null, "name:ta": null, "name:en": null, "name:hi": null, "internet_access": null, "internet_access:fee": null, "opening_hours": null, "addr:full": null, "grades": null, "operator:type": null, "operator:wikidata": null, "level": null, "education": null, "instagram": null, "mobile": null, "contact:facebook": null, "contact:instagram": null, "contact:twitter": null, "start_date": null, "layer": null, "building": null, "barrier": "wall", "school:gender": null, "landuse": null, "name:ml": null, "addr:country": null, "addr:state": null, "denomination": null, "religion": null, "brand:wikipedia": null, "height": null, "branch": null, "type": null, "image": null, "int_name": null, "bus_covered": false, "true_metro_dist": 999999.0, "metro_covered": false, "metro_covered_red_only": false, "metro_covered_either_line": false }, "geometry": { "type": "Polygon", "coordinates": [ [ [ 80.2478883, 12.9863663 ], [ 80.2475037, 12.9863695 ], [ 80.2430389, 12.986407 ], [ 80.2430303, 12.9870856 ], [ 80.241391, 12.9872947 ], [ 80.2414124, 12.9873745 ], [ 80.2419832, 12.9895026 ], [ 80.2478767, 12.9900662 ], [ 80.2479055, 12.9890761 ], [ 80.2478883, 12.9863663 ] ] ] } },
{ "type": "Feature", "properties": { "element": "way", "id": 35573178, "amenity": "college", "created_by": null, "name": "Shri A. M. M. Murugappa Chettiar Research Centre", "wheelchair": null, "old_name": null, "phone": null, "short_name": "MCRC", "website": "https://amm-mcrc.org/", "wikidata": null, "wikimedia_commons": null, "wikipedia": null, "name:etymology:wikidata": "Q22958779", "fax": null, "addr:housename": null, "addr:housenumber": null, "addr:postcode": null, "alt_name": null, "source": null, "addr:city": null, "email": null, "designation": null, "addr:street": null, "brand": null, "brand:wikidata": null, "shop": null, "check_date": null, "operator": null, "note": null, "is_in": null, "addr:suburb": null, "name:ta": null, "name:en": null, "name:hi": null, "internet_access": null, "internet_access:fee": null, "opening_hours": null, "addr:full": null, "grades": null, "operator:type": null, "operator:wikidata": null, "level": null, "education": null, "instagram": null, "mobile": null, "contact:facebook": null, "contact:instagram": null, "contact:twitter": null, "start_date": null, "layer": null, "building": null, "barrier": null, "school:gender": null, "landuse": null, "name:ml": null, "addr:country": null, "addr:state": null, "denomination": null, "religion": null, "brand:wikipedia": null, "height": null, "branch": null, "type": null, "image": null, "int_name": null, "bus_covered": false, "true_metro_dist": 999999.0, "metro_covered": false, "metro_covered_red_only": false, "metro_covered_either_line": false }, "geometry": { "type": "Polygon", "coordinates": [ [ [ 80.243047500000017, 12.9850031 ], [ 80.241451, 12.9849863 ], [ 80.2413395, 12.9842838 ], [ 80.243073200000012, 12.9843173 ], [ 80.243047500000017, 12.9850031 ] ] ] } },
{ "type": "Feature", "properties": { "element": "way", "id": 55570584, "amenity": "college", "created_by": null, "name": "Sacred Heart College", "wheelchair": null, "old_name": null, "phone": null, "short_name": null, "website": null, "wikidata": null, "wikimedia_commons": null, "wikipedia": null, "name:etymology:wikidata": null, "fax": null, "addr:housename": null, "addr:housenumber": null, "addr:postcode": null, "alt_name": null, "source": null, "addr:city": null, "email": null, "designation": null, "addr:street": null, "brand": null, "brand:wikidata": null, "shop": null, "check_date": null, "operator": null, "note": null, "is_in": null, "addr:suburb": null, "name:ta": null, "name:en": null, "name:hi": null, "internet_access": null, "internet_access:fee": null, "opening_hours": null, "addr:full": null, "grades": null, "operator:type": null, "operator:wikidata": null, "level": null, "education": null, "instagram": null, "mobile": null, "contact:facebook": null, "contact:instagram": null, "contact:twitter": null, "start_date": null, "layer": null, "building": null, "barrier": null, "school:gender": null, "landuse": null, "name:ml": null, "addr:country": null, "addr:state": null, "denomination": null, "religion": null, "brand:wikipedia": null, "height": null, "branch": null, "type": null, "image": null, "int_name": null, "bus_covered": false, "true_metro_dist": 1302.2687138874182, "metro_covered": false, "metro_covered_red_only": false, "metro_covered_either_line": false }, "geometry": { "type": "Polygon", "coordinates": [ [ [ 80.2542666, 12.9813164 ], [ 80.255039, 12.9810864 ], [ 80.2564707, 12.9810388 ], [ 80.256593, 12.9817433 ], [ 80.2565102, 12.9817539 ], [ 80.2565196, 12.9818182 ], [ 80.256584, 12.9822364 ], [ 80.2546635, 12.9824977 ], [ 80.2542666, 12.9813164 ] ] ] } },
{ "type": "Feature", "properties": { "element": "way", "id": 131961752, "amenity": "school", "created_by": null, "name": "Antony School", "wheelchair": null, "old_name": null, "phone": null, "short_name": null, "website": null, "wikidata": null, "wikimedia_commons": null, "wikipedia": null, "name:etymology:wikidata": null, "fax": null, "addr:housename": null, "addr:housenumber": null, "addr:postcode": null, "alt_name": null, "source": null, "addr:city": null, "email": null, "designation": null, "addr:street": null, "brand": null, "brand:wikidata": null, "shop": null, "check_date": null, "operator": null, "note": null, "is_in": null, "addr:suburb": null, "name:ta": null, "name:en": null, "name:hi": null, "internet_access": null, "internet_access:fee": null, "opening_hours": null, "addr:full": null, "grades": null, "operator:type": null, "operator:wikidata": null, "level": null, "education": null, "instagram": null, "mobile": null, "contact:facebook": null, "contact:instagram": null, "contact:twitter": null, "start_date": null, "layer": null, "building": null, "barrier": null, "school:gender": null, "landuse": null, "name:ml": null, "addr:country": null, "addr:state": null, "denomination": null, "religion": null, "brand:wikipedia": null, "height": null, "branch": null, "type": null, "image": null, "int_name": null, "bus_covered": false, "true_metro_dist": 1269.6467383558952, "metro_covered": false, "metro_covered_red_only": false, "metro_covered_either_line": false }, "geometry": { "type": "Polygon", "coordinates": [ [ [ 80.254964, 12.9718336 ], [ 80.2554124, 12.9717215 ], [ 80.2555038, 12.9721434 ], [ 80.2550602, 12.9722371 ], [ 80.254964, 12.9718336 ] ] ] } },
{ "type": "Feature", "properties": { "element": "way", "id": 132063266, "amenity": "school", "created_by": null, "name": "Govt School", "wheelchair": null, "old_name": null, "phone": null, "short_name": null, "website": null, "wikidata": null, "wikimedia_commons": null, "wikipedia": null, "name:etymology:wikidata": null, "fax": null, "addr:housename": null, "addr:housenumber": null, "addr:postcode": null, "alt_name": null, "source": null, "addr:city": null, "email": null, "designation": null, "addr:street": null, "brand": null, "brand:wikidata": null, "shop": null, "check_date": null, "operator": null, "note": null, "is_in": null, "addr:suburb": null, "name:ta": null, "name:en": null, "name:hi": null, "internet_access": null, "internet_access:fee": null, "opening_hours": null, "addr:full": null, "grades": null, "operator:type": null, "operator:wikidata": null, "level": null, "education": null, "instagram": null, "mobile": null, "contact:facebook": null, "contact:instagram": null, "contact:twitter": null, "start_date": null, "layer": null, "building": null, "barrier": null, "school:gender": null, "landuse": null, "name:ml": null, "addr:country": null, "addr:state": null, "denomination": null, "religion": null, "brand:wikipedia": null, "height": null, "branch": null, "type": null, "image": null, "int_name": null, "bus_covered": false, "true_metro_dist": 1193.8890054834851, "metro_covered": false, "metro_covered_red_only": false, "metro_covered_either_line": false }, "geometry": { "type": "Polygon", "coordinates": [ [ [ 80.2568219, 12.9667137 ], [ 80.2567664, 12.966429 ], [ 80.2565795, 12.9664689 ], [ 80.2566175, 12.9667535 ], [ 80.2568219, 12.9667137 ] ] ] } },
{ "type": "Feature", "properties": { "element": "way", "id": 132065414, "amenity": "school", "created_by": null, "name": "YMCA Boys Town Higher Secondary School", "wheelchair": null, "old_name": null, "phone": null, "short_name": null, "website": null, "wikidata": null, "wikimedia_commons": null, "wikipedia": null, "name:etymology:wikidata": null, "fax": null, "addr:housename": null, "addr:housenumber": null, "addr:postcode": null, "alt_name": null, "source": null, "addr:city": null, "email": null, "designation": null, "addr:street": null, "brand": null, "brand:wikidata": null, "shop": null, "check_date": null, "operator": null, "note": null, "is_in": null, "addr:suburb": null, "name:ta": null, "name:en": null, "name:hi": null, "internet_access": null, "internet_access:fee": null, "opening_hours": null, "addr:full": null, "grades": null, "operator:type": null, "operator:wikidata": null, "level": null, "education": null, "instagram": null, "mobile": null, "contact:facebook": null, "contact:instagram": null, "contact:twitter": null, "start_date": null, "layer": null, "building": null, "barrier": null, "school:gender": null, "landuse": null, "name:ml": null, "addr:country": null, "addr:state": null, "denomination": null, "religion": null, "brand:wikipedia": null, "height": null, "branch": null, "type": null, "image": null, "int_name": null, "bus_covered": false, "true_metro_dist": 563.90562319081278, "metro_covered": false, "metro_covered_red_only": false, "metro_covered_either_line": false }, "geometry": { "type": "Polygon", "coordinates": [ [ [ 80.2510905, 12.9768696 ], [ 80.2507875, 12.9758493 ], [ 80.2507306, 12.9756273 ], [ 80.2502303, 12.9757848 ], [ 80.25035, 12.9763973 ], [ 80.2504844, 12.977039 ], [ 80.2507624, 12.9769684 ], [ 80.2510905, 12.9768696 ] ] ] } },
{ "type": "Feature", "properties": { "element": "way", "id": 132073185, "amenity": "college", "created_by": null, "name": null, "wheelchair": null, "old_name": null, "phone": null, "short_name": null, "website": null, "wikidata": null, "wikimedia_commons": null, "wikipedia": null, "name:etymology:wikidata": null, "fax": null, "addr:housename": null, "addr:housenumber": null, "addr:postcode": null, "alt_name": null, "source": null, "addr:city": null, "email": null, "designation": null, "addr:street": null, "brand": null, "brand:wikidata": null, "shop": null, "check_date": null, "operator": null, "note": null, "is_in": null, "addr:suburb": null, "name:ta": null, "name:en": null, "name:hi": null, "internet_access": null, "internet_access:fee": null, "opening_hours": null, "addr:full": null, "grades": null, "operator:type": null, "operator:wikidata": null, "level": null, "education": null, "instagram": null, "mobile": null, "contact:facebook": null, "contact:instagram": null, "contact:twitter": null, "start_date": null, "layer": null, "building": null, "barrier": null, "school:gender": null, "landuse": null, "name:ml": null, "addr:country": null, "addr:state": null, "denomination": null, "religion": null, "brand:wikipedia": null, "height": null, "branch": null, "type": null, "image": null, "int_name": null, "bus_covered": true, "true_metro_dist": 999999.0, "metro_covered": false, "metro_covered_red_only": false, "metro_covered_either_line": false }, "geometry": { "type": "Polygon", "coordinates": [ [ [ 80.2434502, 12.9785697 ], [ 80.243523300000021, 12.9781205 ], [ 80.2436328, 12.9775245 ], [ 80.2443813, 12.9775868 ], [ 80.2442921, 12.9785446 ], [ 80.2442798, 12.9786331 ], [ 80.2434502, 12.9785697 ] ] ] } },
{ "type": "Feature", "properties": { "element": "way", "id": 132510315, "amenity": "college", "created_by": null, "name": "The Institute of Road Transport", "wheelchair": null, "old_name": null, "phone": null, "short_name": "IRT", "website": "https://irtchennai.in/index.php/en/", "wikidata": null, "wikimedia_commons": null, "wikipedia": null, "name:etymology:wikidata": null, "fax": null, "addr:housename": null, "addr:housenumber": null, "addr:postcode": null, "alt_name": null, "source": null, "addr:city": null, "email": null, "designation": null, "addr:street": null, "brand": null, "brand:wikidata": null, "shop": null, "check_date": null, "operator": null, "note": null, "is_in": null, "addr:suburb": null, "name:ta": null, "name:en": null, "name:hi": null, "internet_access": null, "internet_access:fee": null, "opening_hours": null, "addr:full": null, "grades": null, "operator:type": null, "operator:wikidata": null, "level": null, "education": null, "instagram": null, "mobile": null, "contact:facebook": null, "contact:instagram": null, "contact:twitter": null, "start_date": null, "layer": null, "building": null, "barrier": "wall", "school:gender": null, "landuse": null, "name:ml": null, "addr:country": null, "addr:state": null, "denomination": null, "religion": null, "brand:wikipedia": null, "height": null, "branch": null, "type": null, "image": null, "int_name": null, "bus_covered": true, "true_metro_dist": 999999.0, "metro_covered": false, "metro_covered_red_only": false, "metro_covered_either_line": false }, "geometry": { "type": "Polygon", "coordinates": [ [ [ 80.245332, 12.9835912 ], [ 80.2434358, 12.9835568 ], [ 80.2435037, 12.9815068 ], [ 80.244416, 12.9813834 ], [ 80.2452628, 12.9812753 ], [ 80.245261700000015, 12.9814732 ], [ 80.245388300000016, 12.9814732 ], [ 80.2453306, 12.9834798 ], [ 80.245332, 12.9835912 ] ] ] } },
{ "type": "Feature", "properties": { "element": "way", "id": 211121332, "amenity": "college", "created_by": null, "name": "Balaji Seamen Training Institute", "wheelchair": null, "old_name": null, "phone": null, "short_name": null, "website": null, "wikidata": null, "wikimedia_commons": null, "wikipedia": null, "name:etymology:wikidata": null, "fax": null, "addr:housename": null, "addr:housenumber": null, "addr:postcode": null, "alt_name": null, "source": null, "addr:city": null, "email": null, "designation": null, "addr:street": null, "brand": null, "brand:wikidata": null, "shop": null, "check_date": null, "operator": null, "note": null, "is_in": null, "addr:suburb": null, "name:ta": null, "name:en": null, "name:hi": null, "internet_access": null, "internet_access:fee": null, "opening_hours": null, "addr:full": null, "grades": null, "operator:type": null, "operator:wikidata": null, "level": null, "education": null, "instagram": null, "mobile": null, "contact:facebook": null, "contact:instagram": null, "contact:twitter": null, "start_date": null, "layer": null, "building": null, "barrier": null, "school:gender": null, "landuse": null, "name:ml": null, "addr:country": null, "addr:state": null, "denomination": null, "religion": null, "brand:wikipedia": null, "height": null, "branch": null, "type": null, "image": null, "int_name": null, "bus_covered": false, "true_metro_dist": 999999.0, "metro_covered": false, "metro_covered_red_only": false, "metro_covered_either_line": false }, "geometry": { "type": "Polygon", "coordinates": [ [ [ 80.2281353, 12.8656888 ], [ 80.2280753, 12.8654284 ], [ 80.2282856, 12.8653823 ], [ 80.228345600000011, 12.8656427 ], [ 80.2281353, 12.8656888 ] ] ] } },
{ "type": "Feature", "properties": { "element": "way", "id": 211900030, "amenity": "college", "created_by": null, "name": "Central Leather Research Institute", "wheelchair": null, "old_name": null, "phone": null, "short_name": "CLRI", "website": "https://www.clri.org/", "wikidata": "Q5061353", "wikimedia_commons": "Category:Central Leather Research Institute", "wikipedia": "en:Central Leather Research Institute", "name:etymology:wikidata": null, "fax": null, "addr:housename": null, "addr:housenumber": null, "addr:postcode": null, "alt_name": null, "source": null, "addr:city": null, "email": null, "designation": null, "addr:street": null, "brand": null, "brand:wikidata": null, "shop": null, "check_date": null, "operator": "Govt. of India", "note": null, "is_in": null, "addr:suburb": null, "name:ta": "மத்திய தோல் ஆராய்ச்சி நிறுவனம்", "name:en": null, "name:hi": null, "internet_access": null, "internet_access:fee": null, "opening_hours": null, "addr:full": null, "grades": null, "operator:type": "government", "operator:wikidata": null, "level": null, "education": null, "instagram": null, "mobile": null, "contact:facebook": null, "contact:instagram": null, "contact:twitter": null, "start_date": null, "layer": null, "building": null, "barrier": null, "school:gender": null, "landuse": null, "name:ml": "സെൻട്രൽ ലെതർ റിസർച്ച് ഇൻസ്റ്റിറ്റ്യൂട്ട്, ചെന്നൈ", "addr:country": null, "addr:state": null, "denomination": null, "religion": null, "brand:wikipedia": null, "height": null, "branch": null, "type": null, "image": null, "int_name": null, "bus_covered": false, "true_metro_dist": 999999.0, "metro_covered": false, "metro_covered_red_only": false, "metro_covered_either_line": false }, "geometry": { "type": "Polygon", "coordinates": [ [ [ 80.24712150000002, 13.0069086 ], [ 80.2473928, 13.0069614 ], [ 80.2475311, 13.0099717 ], [ 80.2462098, 13.0100765 ], [ 80.2451579, 13.0101655 ], [ 80.2446739, 13.010482 ], [ 80.2446993, 13.010665 ], [ 80.2448672, 13.011425 ], [ 80.2405727, 13.0107683 ], [ 80.2405691, 13.0100519 ], [ 80.2405591, 13.0080492 ], [ 80.2405469, 13.0080161 ], [ 80.2405276, 13.007652 ], [ 80.2403935, 13.0070097 ], [ 80.2404118, 13.0069572 ], [ 80.2406069, 13.0069104 ], [ 80.241071, 13.0068276 ], [ 80.2413419, 13.0068204 ], [ 80.2419807, 13.006762 ], [ 80.2426616, 13.0067549 ], [ 80.2433122, 13.0067566 ], [ 80.2441174, 13.0067994 ], [ 80.2454215, 13.0068338 ], [ 80.24712150000002, 13.0069086 ] ] ] } },
{ "type": "Feature", "properties": { "element": "way", "id": 211900080, "amenity": "school", "created_by": null, "name": null, "wheelchair": null, "old_name": null, "phone": null, "short_name": null, "website": null, "wikidata": null, "wikimedia_commons": null, "wikipedia": null, "name:etymology:wikidata": null, "fax": null, "addr:housename": null, "addr:housenumber": null, "addr:postcode": null, "alt_name": null, "source": null, "addr:city": null, "email": null, "designation": null, "addr:street": null, "brand": null, "brand:wikidata": null, "shop": null, "check_date": null, "operator": null, "note": null, "is_in": null, "addr:suburb": null, "name:ta": null, "name:en": null, "name:hi": null, "internet_access": null, "internet_access:fee": null, "opening_hours": null, "addr:full": null, "grades": null, "operator:type": null, "operator:wikidata": null, "level": null, "education": null, "instagram": null, "mobile": null, "contact:facebook": null, "contact:instagram": null, "contact:twitter": null, "start_date": null, "layer": null, "building": null, "barrier": null, "school:gender": null, "landuse": null, "name:ml": null, "addr:country": null, "addr:state": null, "denomination": null, "religion": null, "brand:wikipedia": null, "height": null, "branch": null, "type": null, "image": null, "int_name": null, "bus_covered": false, "true_metro_dist": 999999.0, "metro_covered": false, "metro_covered_red_only": false, "metro_covered_either_line": false }, "geometry": { "type": "Polygon", "coordinates": [ [ [ 80.2457357, 13.010345 ], [ 80.245703, 13.0104866 ], [ 80.2458184, 13.0112629 ], [ 80.2463302, 13.0112446 ], [ 80.2462559, 13.0106334 ], [ 80.2459136, 13.0106785 ], [ 80.2458798, 13.0103341 ], [ 80.2457357, 13.010345 ] ] ] } },
{ "type": "Feature", "properties": { "element": "way", "id": 348495070, "amenity": "school", "created_by": null, "name": "Chennai Primary School", "wheelchair": null, "old_name": null, "phone": null, "short_name": null, "website": null, "wikidata": null, "wikimedia_commons": null, "wikipedia": null, "name:etymology:wikidata": null, "fax": null, "addr:housename": null, "addr:housenumber": null, "addr:postcode": "600085", "alt_name": null, "source": null, "addr:city": "Chennai", "email": null, "designation": null, "addr:street": "New Street", "brand": null, "brand:wikidata": null, "shop": null, "check_date": null, "operator": "Corporation of Chennai", "note": null, "is_in": null, "addr:suburb": null, "name:ta": null, "name:en": null, "name:hi": null, "internet_access": null, "internet_access:fee": null, "opening_hours": null, "addr:full": null, "grades": null, "operator:type": null, "operator:wikidata": null, "level": null, "education": null, "instagram": null, "mobile": null, "contact:facebook": null, "contact:instagram": null, "contact:twitter": null, "start_date": null, "layer": null, "building": null, "barrier": null, "school:gender": null, "landuse": null, "name:ml": null, "addr:country": null, "addr:state": null, "denomination": null, "religion": null, "brand:wikipedia": null, "height": null, "branch": null, "type": null, "image": null, "int_name": null, "bus_covered": false, "true_metro_dist": 999999.0, "metro_covered": false, "metro_covered_red_only": false, "metro_covered_either_line": false }, "geometry": { "type": "Polygon", "coordinates": [ [ [ 80.244361, 13.016845 ], [ 80.2448224, 13.0166538 ], [ 80.2446612, 13.0162846 ], [ 80.2443606, 13.0164092 ], [ 80.244393300000013, 13.0164841 ], [ 80.2442325, 13.0165507 ], [ 80.244361, 13.016845 ] ] ] } },
{ "type": "Feature", "properties": { "element": "way", "id": 348495071, "amenity": "school", "created_by": null, "name": "Advent Primary School", "wheelchair": null, "old_name": null, "phone": null, "short_name": null, "website": null, "wikidata": null, "wikimedia_commons": null, "wikipedia": null, "name:etymology:wikidata": null, "fax": null, "addr:housename": null, "addr:housenumber": null, "addr:postcode": "600085", "alt_name": null, "source": null, "addr:city": "chennai", "email": null, "designation": null, "addr:street": "Naidu Street", "brand": null, "brand:wikidata": null, "shop": null, "check_date": null, "operator": "Advent Christian Confrence", "note": null, "is_in": null, "addr:suburb": null, "name:ta": null, "name:en": null, "name:hi": null, "internet_access": null, "internet_access:fee": null, "opening_hours": null, "addr:full": null, "grades": null, "operator:type": null, "operator:wikidata": null, "level": null, "education": null, "instagram": null, "mobile": null, "contact:facebook": null, "contact:instagram": null, "contact:twitter": null, "start_date": null, "layer": null, "building": null, "barrier": null, "school:gender": null, "landuse": null, "name:ml": null, "addr:country": null, "addr:state": null, "denomination": null, "religion": null, "brand:wikipedia": null, "height": null, "branch": null, "type": null, "image": null, "int_name": null, "bus_covered": true, "true_metro_dist": 999999.0, "metro_covered": false, "metro_covered_red_only": false, "metro_covered_either_line": false }, "geometry": { "type": "Polygon", "coordinates": [ [ [ 80.2450825, 13.0184782 ], [ 80.2449036, 13.0184889 ], [ 80.2449919, 13.0191583 ], [ 80.2451848, 13.019162 ], [ 80.245282, 13.0191383 ], [ 80.2451605, 13.0189381 ], [ 80.245176, 13.0187918 ], [ 80.2452466, 13.0187444 ], [ 80.2450825, 13.0184782 ] ] ] } },
{ "type": "Feature", "properties": { "element": "way", "id": 355020654, "amenity": "school", "created_by": null, "name": "Panchayat School", "wheelchair": null, "old_name": null, "phone": null, "short_name": null, "website": null, "wikidata": null, "wikimedia_commons": null, "wikipedia": null, "name:etymology:wikidata": null, "fax": null, "addr:housename": null, "addr:housenumber": null, "addr:postcode": null, "alt_name": null, "source": null, "addr:city": null, "email": null, "designation": null, "addr:street": null, "brand": null, "brand:wikidata": null, "shop": null, "check_date": null, "operator": null, "note": null, "is_in": null, "addr:suburb": null, "name:ta": null, "name:en": null, "name:hi": null, "internet_access": null, "internet_access:fee": null, "opening_hours": null, "addr:full": null, "grades": null, "operator:type": null, "operator:wikidata": null, "level": null, "education": null, "instagram": null, "mobile": null, "contact:facebook": null, "contact:instagram": null, "contact:twitter": null, "start_date": null, "layer": null, "building": "yes", "barrier": null, "school:gender": null, "landuse": null, "name:ml": null, "addr:country": null, "addr:state": null, "denomination": null, "religion": null, "brand:wikipedia": null, "height": null, "branch": null, "type": null, "image": null, "int_name": null, "bus_covered": false, "true_metro_dist": 1130.3474392183564, "metro_covered": false, "metro_covered_red_only": false, "metro_covered_either_line": false }, "geometry": { "type": "Polygon", "coordinates": [ [ [ 80.2399896, 12.9597445 ], [ 80.2403013, 12.9596968 ], [ 80.2402316, 12.9595087 ], [ 80.2402043, 12.9593989 ], [ 80.2400064, 12.9594477 ], [ 80.2400319, 12.9595454 ], [ 80.2399465, 12.9595709 ], [ 80.2399896, 12.9597445 ] ] ] } },
{ "type": "Feature", "properties": { "element": "way", "id": 396836344, "amenity": "school", "created_by": null, "name": null, "wheelchair": null, "old_name": null, "phone": null, "short_name": null, "website": null, "wikidata": null, "wikimedia_commons": null, "wikipedia": null, "name:etymology:wikidata": null, "fax": null, "addr:housename": null, "addr:housenumber": null, "addr:postcode": null, "alt_name": null, "source": null, "addr:city": null, "email": null, "designation": null, "addr:street": null, "brand": null, "brand:wikidata": null, "shop": null, "check_date": null, "operator": null, "note": null, "is_in": null, "addr:suburb": null, "name:ta": null, "name:en": null, "name:hi": null, "internet_access": null, "internet_access:fee": null, "opening_hours": null, "addr:full": null, "grades": null, "operator:type": null, "operator:wikidata": null, "level": null, "education": null, "instagram": null, "mobile": null, "contact:facebook": null, "contact:instagram": null, "contact:twitter": null, "start_date": null, "layer": null, "building": null, "barrier": null, "school:gender": null, "landuse": null, "name:ml": null, "addr:country": null, "addr:state": null, "denomination": null, "religion": null, "brand:wikipedia": null, "height": null, "branch": null, "type": null, "image": null, "int_name": null, "bus_covered": false, "true_metro_dist": 1480.4540751387574, "metro_covered": false, "metro_covered_red_only": false, "metro_covered_either_line": false }, "geometry": { "type": "Polygon", "coordinates": [ [ [ 80.2171315, 12.8962734 ], [ 80.2171984, 12.8964356 ], [ 80.2173062, 12.8963967 ], [ 80.2172633, 12.896245 ], [ 80.2171315, 12.8962734 ] ] ] } },
{ "type": "Feature", "properties": { "element": "way", "id": 438356555, "amenity": "school", "created_by": null, "name": null, "wheelchair": null, "old_name": null, "phone": null, "short_name": null, "website": null, "wikidata": null, "wikimedia_commons": null, "wikipedia": null, "name:etymology:wikidata": null, "fax": null, "addr:housename": null, "addr:housenumber": null, "addr:postcode": null, "alt_name": null, "source": null, "addr:city": null, "email": null, "designation": null, "addr:street": null, "brand": null, "brand:wikidata": null, "shop": null, "check_date": null, "operator": null, "note": null, "is_in": null, "addr:suburb": null, "name:ta": null, "name:en": null, "name:hi": null, "internet_access": null, "internet_access:fee": null, "opening_hours": null, "addr:full": null, "grades": null, "operator:type": null, "operator:wikidata": null, "level": null, "education": null, "instagram": null, "mobile": null, "contact:facebook": null, "contact:instagram": null, "contact:twitter": null, "start_date": null, "layer": null, "building": null, "barrier": null, "school:gender": null, "landuse": null, "name:ml": null, "addr:country": null, "addr:state": null, "denomination": null, "religion": null, "brand:wikipedia": null, "height": null, "branch": null, "type": null, "image": null, "int_name": null, "bus_covered": false, "true_metro_dist": 999999.0, "metro_covered": false, "metro_covered_red_only": false, "metro_covered_either_line": false }, "geometry": { "type": "Polygon", "coordinates": [ [ [ 80.2472703, 12.9196781 ], [ 80.2478114, 12.9195815 ], [ 80.2481634, 12.9195186 ], [ 80.2482359, 12.9195343 ], [ 80.2489815, 12.9194428 ], [ 80.2489171, 12.9189826 ], [ 80.248442400000016, 12.9190532 ], [ 80.2483539, 12.9185539 ], [ 80.2471281, 12.9187369 ], [ 80.2472703, 12.9196781 ] ] ] } },
{ "type": "Feature", "properties": { "element": "way", "id": 438356558, "amenity": "school", "created_by": null, "name": "Pon Vidhyashram School", "wheelchair": null, "old_name": null, "phone": null, "short_name": null, "website": null, "wikidata": null, "wikimedia_commons": null, "wikipedia": null, "name:etymology:wikidata": null, "fax": null, "addr:housename": null, "addr:housenumber": null, "addr:postcode": null, "alt_name": null, "source": null, "addr:city": null, "email": null, "designation": null, "addr:street": null, "brand": null, "brand:wikidata": null, "shop": null, "check_date": null, "operator": null, "note": null, "is_in": null, "addr:suburb": null, "name:ta": null, "name:en": null, "name:hi": null, "internet_access": null, "internet_access:fee": null, "opening_hours": null, "addr:full": null, "grades": null, "operator:type": null, "operator:wikidata": null, "level": null, "education": null, "instagram": null, "mobile": null, "contact:facebook": null, "contact:instagram": null, "contact:twitter": null, "start_date": null, "layer": null, "building": null, "barrier": null, "school:gender": null, "landuse": null, "name:ml": null, "addr:country": null, "addr:state": null, "denomination": null, "religion": null, "brand:wikipedia": null, "height": null, "branch": null, "type": null, "image": null, "int_name": null, "bus_covered": false, "true_metro_dist": 999999.0, "metro_covered": false, "metro_covered_red_only": false, "metro_covered_either_line": false }, "geometry": { "type": "Polygon", "coordinates": [ [ [ 80.2468894, 12.9174768 ], [ 80.2470155, 12.9185068 ], [ 80.2476297, 12.9184441 ], [ 80.2475921, 12.9181487 ], [ 80.2483056, 12.9180467 ], [ 80.2482278, 12.9174141 ], [ 80.247635, 12.9175239 ], [ 80.247619, 12.917367 ], [ 80.2468894, 12.9174768 ] ] ] } },
{ "type": "Feature", "properties": { "element": "way", "id": 440897489, "amenity": "school", "created_by": null, "name": "AMM School", "wheelchair": null, "old_name": null, "phone": null, "short_name": null, "website": null, "wikidata": null, "wikimedia_commons": null, "wikipedia": null, "name:etymology:wikidata": null, "fax": null, "addr:housename": null, "addr:housenumber": null, "addr:postcode": null, "alt_name": null, "source": null, "addr:city": null, "email": null, "designation": null, "addr:street": null, "brand": null, "brand:wikidata": null, "shop": null, "check_date": null, "operator": null, "note": null, "is_in": null, "addr:suburb": null, "name:ta": null, "name:en": null, "name:hi": null, "internet_access": null, "internet_access:fee": null, "opening_hours": null, "addr:full": null, "grades": null, "operator:type": null, "operator:wikidata": null, "level": null, "education": null, "instagram": null, "mobile": null, "contact:facebook": null, "contact:instagram": null, "contact:twitter": null, "start_date": null, "layer": null, "building": null, "barrier": null, "school:gender": null, "landuse": null, "name:ml": null, "addr:country": null, "addr:state": null, "denomination": null, "religion": null, "brand:wikipedia": null, "height": null, "branch": null, "type": null, "image": null, "int_name": null, "bus_covered": false, "true_metro_dist": 999999.0, "metro_covered": false, "metro_covered_red_only": false, "metro_covered_either_line": false }, "geometry": { "type": "Polygon", "coordinates": [ [ [ 80.2580684, 12.9652317 ], [ 80.258827, 12.965117 ], [ 80.258624200000014, 12.9640254 ], [ 80.2578388, 12.9641593 ], [ 80.2580684, 12.9652317 ] ] ] } },
{ "type": "Feature", "properties": { "element": "way", "id": 509668153, "amenity": "college", "created_by": null, "name": "St Joseph's Institute of Technology", "wheelchair": null, "old_name": null, "phone": "044 2450 3132", "short_name": null, "website": "https://stjosephstechnology.ac.in/web/index.html", "wikidata": null, "wikimedia_commons": null, "wikipedia": null, "name:etymology:wikidata": null, "fax": null, "addr:housename": null, "addr:housenumber": null, "addr:postcode": null, "alt_name": null, "source": null, "addr:city": null, "email": null, "designation": null, "addr:street": null, "brand": null, "brand:wikidata": null, "shop": null, "check_date": null, "operator": "Anna University", "note": null, "is_in": null, "addr:suburb": null, "name:ta": null, "name:en": null, "name:hi": null, "internet_access": "wired", "internet_access:fee": null, "opening_hours": null, "addr:full": null, "grades": null, "operator:type": null, "operator:wikidata": null, "level": null, "education": null, "instagram": null, "mobile": null, "contact:facebook": null, "contact:instagram": null, "contact:twitter": null, "start_date": null, "layer": null, "building": null, "barrier": null, "school:gender": null, "landuse": null, "name:ml": null, "addr:country": null, "addr:state": null, "denomination": null, "religion": null, "brand:wikipedia": null, "height": null, "branch": null, "type": null, "image": null, "int_name": null, "bus_covered": false, "true_metro_dist": 999999.0, "metro_covered": false, "metro_covered_red_only": false, "metro_covered_either_line": false }, "geometry": { "type": "Polygon", "coordinates": [ [ [ 80.2179847, 12.8703574 ], [ 80.2173935, 12.8704819 ], [ 80.2174495, 12.8703753 ], [ 80.2174824, 12.8702794 ], [ 80.21749, 12.8702573 ], [ 80.2175063, 12.8701727 ], [ 80.2174981, 12.8700362 ], [ 80.2174868, 12.8698998 ], [ 80.2175113, 12.8697621 ], [ 80.2175736, 12.8695876 ], [ 80.2176492, 12.8694282 ], [ 80.2177854, 12.8691803 ], [ 80.2177659, 12.8688908 ], [ 80.2176959, 12.8687619 ], [ 80.2176118, 12.8686547 ], [ 80.2175177, 12.8685931 ], [ 80.2173704, 12.8685324 ], [ 80.2172416, 12.8684712 ], [ 80.2171272, 12.8683854 ], [ 80.2170355, 12.8682899 ], [ 80.2169534, 12.8681283 ], [ 80.2169172, 12.8680065 ], [ 80.2167912, 12.8674212 ], [ 80.2166784, 12.8673723 ], [ 80.2164808, 12.8664653 ], [ 80.2162378, 12.8665139 ], [ 80.2161159, 12.8659692 ], [ 80.2145619, 12.8663069 ], [ 80.214477200000019, 12.8658962 ], [ 80.2157279, 12.8656828 ], [ 80.215670300000014, 12.8653987 ], [ 80.2147566, 12.8654668 ], [ 80.2147075, 12.8643969 ], [ 80.2165697, 12.8642337 ], [ 80.2165717, 12.8636831 ], [ 80.2168332, 12.8636804 ], [ 80.217216, 12.8649142 ], [ 80.217512, 12.8662714 ], [ 80.217294600000017, 12.8662749 ], [ 80.2165584, 12.8662868 ], [ 80.216674, 12.8668463 ], [ 80.2171434, 12.8667598 ], [ 80.2171737, 12.8668554 ], [ 80.218135700000019, 12.8667696 ], [ 80.2180856, 12.8676021 ], [ 80.218912, 12.8674296 ], [ 80.2189683, 12.8676517 ], [ 80.2194505, 12.867545 ], [ 80.2196436, 12.8683351 ], [ 80.2197816, 12.8683058 ], [ 80.2197986, 12.8683975 ], [ 80.2201023, 12.8684531 ], [ 80.2200855, 12.8685445 ], [ 80.2212194, 12.8688026 ], [ 80.2213977, 12.8696753 ], [ 80.220111, 12.8699247 ], [ 80.2195404, 12.8700401 ], [ 80.2185914, 12.8702351 ], [ 80.2179847, 12.8703574 ] ] ] } },
{ "type": "Feature", "properties": { "element": "way", "id": 540117491, "amenity": "college", "created_by": null, "name": "St. Joseph's College of Engineering", "wheelchair": "limited", "old_name": null, "phone": null, "short_name": null, "website": "https://www.stjosephs.ac.in/;https://stjosephs.ac.in/index.html", "wikidata": "Q7589148", "wikimedia_commons": null, "wikipedia": "en:St. Joseph's College of Engineering", "name:etymology:wikidata": null, "fax": null, "addr:housename": null, "addr:housenumber": null, "addr:postcode": "600119", "alt_name": null, "source": null, "addr:city": "Chennai", "email": "jprstjosephs@stjosephs.ac.in", "designation": null, "addr:street": null, "brand": null, "brand:wikidata": null, "shop": null, "check_date": null, "operator": null, "note": null, "is_in": null, "addr:suburb": null, "name:ta": null, "name:en": null, "name:hi": null, "internet_access": null, "internet_access:fee": null, "opening_hours": null, "addr:full": null, "grades": null, "operator:type": null, "operator:wikidata": null, "level": null, "education": null, "instagram": null, "mobile": null, "contact:facebook": null, "contact:instagram": null, "contact:twitter": null, "start_date": "1994", "layer": null, "building": null, "barrier": null, "school:gender": null, "landuse": null, "name:ml": null, "addr:country": "IN", "addr:state": "Tamil Nadu", "denomination": null, "religion": null, "brand:wikipedia": null, "height": null, "branch": null, "type": null, "image": null, "int_name": null, "bus_covered": false, "true_metro_dist": 999999.0, "metro_covered": false, "metro_covered_red_only": false, "metro_covered_either_line": false }, "geometry": { "type": "Polygon", "coordinates": [ [ [ 80.2118959, 12.8660392 ], [ 80.2138698, 12.8656143 ], [ 80.2139675, 12.8659998 ], [ 80.214477200000019, 12.8658962 ], [ 80.2145619, 12.8663069 ], [ 80.2161159, 12.8659692 ], [ 80.2162378, 12.8665139 ], [ 80.2164808, 12.8664653 ], [ 80.2166784, 12.8673723 ], [ 80.2167912, 12.8674212 ], [ 80.2169172, 12.8680065 ], [ 80.2169534, 12.8681283 ], [ 80.2170355, 12.8682899 ], [ 80.2171272, 12.8683854 ], [ 80.2172416, 12.8684712 ], [ 80.2173704, 12.8685324 ], [ 80.2175177, 12.8685931 ], [ 80.2176118, 12.8686547 ], [ 80.2176959, 12.8687619 ], [ 80.2177659, 12.8688908 ], [ 80.2177854, 12.8691803 ], [ 80.2176492, 12.8694282 ], [ 80.2175736, 12.8695876 ], [ 80.2175113, 12.8697621 ], [ 80.2174868, 12.8698998 ], [ 80.2174981, 12.8700362 ], [ 80.2175063, 12.8701727 ], [ 80.2174824, 12.8702794 ], [ 80.2174495, 12.8703753 ], [ 80.2173935, 12.8704819 ], [ 80.2174629, 12.8708647 ], [ 80.2175908, 12.8708655 ], [ 80.217277700000011, 12.8716111 ], [ 80.2168718, 12.8718317 ], [ 80.2161471, 12.8721768 ], [ 80.2161164, 12.8720613 ], [ 80.2153508, 12.8722156 ], [ 80.2133015, 12.8726379 ], [ 80.212645, 12.8703858 ], [ 80.2124236, 12.8704286 ], [ 80.2121852, 12.8695174 ], [ 80.2121523, 12.8693855 ], [ 80.212594900000013, 12.8693039 ], [ 80.2118959, 12.8660392 ] ] ] } },
{ "type": "Feature", "properties": { "element": "way", "id": 589722657, "amenity": "school", "created_by": null, "name": "Babaji School Play Ground", "wheelchair": null, "old_name": null, "phone": null, "short_name": null, "website": null, "wikidata": null, "wikimedia_commons": null, "wikipedia": null, "name:etymology:wikidata": null, "fax": null, "addr:housename": null, "addr:housenumber": "89-91,", "addr:postcode": "600119", "alt_name": null, "source": null, "addr:city": "Chennai", "email": null, "designation": null, "addr:street": "Classic farms Avenue", "brand": null, "brand:wikidata": null, "shop": null, "check_date": null, "operator": "Babaji Vidhyaharam", "note": null, "is_in": null, "addr:suburb": null, "name:ta": null, "name:en": null, "name:hi": null, "internet_access": null, "internet_access:fee": null, "opening_hours": null, "addr:full": null, "grades": null, "operator:type": null, "operator:wikidata": null, "level": null, "education": null, "instagram": null, "mobile": null, "contact:facebook": null, "contact:instagram": null, "contact:twitter": null, "start_date": null, "layer": null, "building": null, "barrier": null, "school:gender": null, "landuse": "education", "name:ml": null, "addr:country": null, "addr:state": null, "denomination": "united", "religion": "hindu", "brand:wikipedia": null, "height": null, "branch": null, "type": null, "image": null, "int_name": null, "bus_covered": false, "true_metro_dist": 1519.7041802258443, "metro_covered": false, "metro_covered_red_only": false, "metro_covered_either_line": false }, "geometry": { "type": "Polygon", "coordinates": [ [ [ 80.2175505, 12.8968893 ], [ 80.2173362, 12.8962136 ], [ 80.2188697, 12.8962104 ], [ 80.2190372, 12.8968501 ], [ 80.2175505, 12.8968893 ] ] ] } },
{ "type": "Feature", "properties": { "element": "way", "id": 775868429, "amenity": "college", "created_by": null, "name": "Central Polytechnic College", "wheelchair": null, "old_name": null, "phone": "+91 44 2254 2666", "short_name": null, "website": "http://cptchennai.ac.in/", "wikidata": "Q5061688", "wikimedia_commons": null, "wikipedia": "en:Central Polytechnic Chennai", "name:etymology:wikidata": null, "fax": null, "addr:housename": null, "addr:housenumber": null, "addr:postcode": null, "alt_name": null, "source": null, "addr:city": null, "email": "cptcchennai@yahoo.co.in", "designation": null, "addr:street": null, "brand": null, "brand:wikidata": null, "shop": null, "check_date": null, "operator": null, "note": null, "is_in": null, "addr:suburb": null, "name:ta": "மையப் பாலிடெக்னிக் கல்லூரி", "name:en": null, "name:hi": null, "internet_access": null, "internet_access:fee": null, "opening_hours": null, "addr:full": null, "grades": null, "operator:type": null, "operator:wikidata": null, "level": null, "education": null, "instagram": null, "mobile": null, "contact:facebook": null, "contact:instagram": null, "contact:twitter": null, "start_date": null, "layer": null, "building": null, "barrier": null, "school:gender": null, "landuse": null, "name:ml": null, "addr:country": null, "addr:state": null, "denomination": null, "religion": null, "brand:wikipedia": null, "height": null, "branch": null, "type": null, "image": null, "int_name": null, "bus_covered": false, "true_metro_dist": 999999.0, "metro_covered": false, "metro_covered_red_only": false, "metro_covered_either_line": false }, "geometry": { "type": "Polygon", "coordinates": [ [ [ 80.2482766, 12.9989963 ], [ 80.248066, 13.000111 ], [ 80.2478327, 13.0011407 ], [ 80.245583600000018, 13.0010923 ], [ 80.2456427, 12.9989336 ], [ 80.2465278, 12.9989547 ], [ 80.2482766, 12.9989963 ] ] ] } },
{ "type": "Feature", "properties": { "element": "way", "id": 1019183969, "amenity": "school", "created_by": null, "name": "Government High School Grounds", "wheelchair": null, "old_name": null, "phone": null, "short_name": null, "website": null, "wikidata": null, "wikimedia_commons": null, "wikipedia": null, "name:etymology:wikidata": null, "fax": null, "addr:housename": null, "addr:housenumber": null, "addr:postcode": null, "alt_name": null, "source": null, "addr:city": "Chennai", "email": null, "designation": null, "addr:street": null, "brand": null, "brand:wikidata": null, "shop": null, "check_date": null, "operator": null, "note": null, "is_in": null, "addr:suburb": null, "name:ta": null, "name:en": null, "name:hi": null, "internet_access": null, "internet_access:fee": null, "opening_hours": null, "addr:full": null, "grades": null, "operator:type": null, "operator:wikidata": null, "level": null, "education": null, "instagram": null, "mobile": null, "contact:facebook": null, "contact:instagram": null, "contact:twitter": null, "start_date": null, "layer": null, "building": null, "barrier": null, "school:gender": null, "landuse": null, "name:ml": null, "addr:country": null, "addr:state": null, "denomination": null, "religion": null, "brand:wikipedia": null, "height": null, "branch": null, "type": null, "image": null, "int_name": null, "bus_covered": false, "true_metro_dist": 999999.0, "metro_covered": false, "metro_covered_red_only": false, "metro_covered_either_line": false }, "geometry": { "type": "Polygon", "coordinates": [ [ [ 80.1994819, 12.9266957 ], [ 80.1991419, 12.9266976 ], [ 80.1991161, 12.9266647 ], [ 80.1989789, 12.9266879 ], [ 80.1989491, 12.9266298 ], [ 80.1988676, 12.9266589 ], [ 80.1988616, 12.9266027 ], [ 80.1984083, 12.9267131 ], [ 80.1983844, 12.9266201 ], [ 80.1980683, 12.9266802 ], [ 80.1979649, 12.9265019 ], [ 80.1979272, 12.9263682 ], [ 80.1978039, 12.9263876 ], [ 80.1977204, 12.9259438 ], [ 80.1991976, 12.9255892 ], [ 80.19946, 12.9262422 ], [ 80.199627, 12.9266879 ], [ 80.1994819, 12.9266957 ] ] ] } },
{ "type": "Feature", "properties": { "element": "way", "id": 1067904862, "amenity": "college", "created_by": null, "name": "Jeppiaar Engineering College", "wheelchair": null, "old_name": null, "phone": null, "short_name": null, "website": "https://jeppiaarcollege.org/jeppiaar/", "wikidata": "Q6180452", "wikimedia_commons": null, "wikipedia": "en:Jeppiaar Engineering College", "name:etymology:wikidata": null, "fax": null, "addr:housename": null, "addr:housenumber": null, "addr:postcode": null, "alt_name": null, "source": null, "addr:city": null, "email": null, "designation": null, "addr:street": null, "brand": null, "brand:wikidata": null, "shop": null, "check_date": null, "operator": null, "note": null, "is_in": null, "addr:suburb": null, "name:ta": null, "name:en": null, "name:hi": null, "internet_access": null, "internet_access:fee": null, "opening_hours": null, "addr:full": null, "grades": null, "operator:type": null, "operator:wikidata": null, "level": null, "education": null, "instagram": null, "mobile": null, "contact:facebook": null, "contact:instagram": null, "contact:twitter": null, "start_date": null, "layer": null, "building": null, "barrier": null, "school:gender": null, "landuse": null, "name:ml": "ஜேப்பியார் பொறியியல் கல்லூரி", "addr:country": null, "addr:state": null, "denomination": null, "religion": null, "brand:wikipedia": null, "height": null, "branch": null, "type": null, "image": null, "int_name": null, "bus_covered": false, "true_metro_dist": 1158.1926749269505, "metro_covered": false, "metro_covered_red_only": false, "metro_covered_either_line": false }, "geometry": { "type": "Polygon", "coordinates": [ [ [ 80.223821, 12.8656594 ], [ 80.2236084, 12.8656955 ], [ 80.2236053, 12.8657976 ], [ 80.2228535, 12.8659177 ], [ 80.2228998, 12.8652028 ], [ 80.22249, 12.8652089 ], [ 80.2219724, 12.8652479 ], [ 80.2216425, 12.8652914 ], [ 80.2216068, 12.8651135 ], [ 80.2215733, 12.8651199 ], [ 80.2212587, 12.863558 ], [ 80.2210382, 12.863353 ], [ 80.2210075, 12.8632154 ], [ 80.2208235, 12.8632545 ], [ 80.2208543, 12.8633921 ], [ 80.2204386, 12.8634822 ], [ 80.2203392, 12.8630061 ], [ 80.220184, 12.86304 ], [ 80.219057, 12.8632768 ], [ 80.217296600000012, 12.8636724 ], [ 80.2171706, 12.8632761 ], [ 80.2167437, 12.8633791 ], [ 80.2168332, 12.8636804 ], [ 80.217216, 12.8649142 ], [ 80.217512, 12.8662714 ], [ 80.217294600000017, 12.8662749 ], [ 80.2165584, 12.8662868 ], [ 80.216674, 12.8668463 ], [ 80.2171434, 12.8667598 ], [ 80.2171737, 12.8668554 ], [ 80.218135700000019, 12.8667696 ], [ 80.2180856, 12.8676021 ], [ 80.218912, 12.8674296 ], [ 80.2189683, 12.8676517 ], [ 80.2194505, 12.867545 ], [ 80.2196436, 12.8683351 ], [ 80.2197816, 12.8683058 ], [ 80.2197986, 12.8683975 ], [ 80.2201023, 12.8684531 ], [ 80.2200855, 12.8685445 ], [ 80.2212194, 12.8688026 ], [ 80.2213977, 12.8696753 ], [ 80.2214464, 12.8696663 ], [ 80.2215471, 12.869648 ], [ 80.2220937, 12.869559 ], [ 80.2229932, 12.8693539 ], [ 80.2235967, 12.8692101 ], [ 80.2244013, 12.8689565 ], [ 80.2241381, 12.8678261 ], [ 80.2239765, 12.8664138 ], [ 80.223958, 12.8659051 ], [ 80.2240172, 12.8657904 ], [ 80.223821, 12.8656594 ] ] ] } },
{ "type": "Feature", "properties": { "element": "way", "id": 1149331619, "amenity": "school", "created_by": null, "name": "Bharath Dass Matriculation Higher Secondary School", "wheelchair": null, "old_name": null, "phone": null, "short_name": null, "website": null, "wikidata": null, "wikimedia_commons": null, "wikipedia": null, "name:etymology:wikidata": null, "fax": null, "addr:housename": null, "addr:housenumber": null, "addr:postcode": null, "alt_name": null, "source": null, "addr:city": null, "email": null, "designation": null, "addr:street": null, "brand": null, "brand:wikidata": null, "shop": null, "check_date": null, "operator": null, "note": null, "is_in": null, "addr:suburb": null, "name:ta": null, "name:en": null, "name:hi": null, "internet_access": null, "internet_access:fee": null, "opening_hours": null, "addr:full": null, "grades": null, "operator:type": null, "operator:wikidata": null, "level": null, "education": null, "instagram": null, "mobile": null, "contact:facebook": null, "contact:instagram": null, "contact:twitter": null, "start_date": null, "layer": null, "building": "school", "barrier": null, "school:gender": null, "landuse": null, "name:ml": null, "addr:country": null, "addr:state": null, "denomination": null, "religion": null, "brand:wikipedia": null, "height": "3", "branch": null, "type": null, "image": null, "int_name": null, "bus_covered": false, "true_metro_dist": 817.82427537853039, "metro_covered": false, "metro_covered_red_only": false, "metro_covered_either_line": false }, "geometry": { "type": "Polygon", "coordinates": [ [ [ 80.2427859, 12.9602755 ], [ 80.24281520000001, 12.9598882 ], [ 80.2431726, 12.9599092 ], [ 80.2431841, 12.9601697 ], [ 80.2432815, 12.9601776 ], [ 80.2432819, 12.9603011 ], [ 80.2427859, 12.9602755 ] ] ] } },
{ "type": "Feature", "properties": { "element": "way", "id": 1149362735, "amenity": "school", "created_by": null, "name": "Montfort Matriculation School", "wheelchair": null, "old_name": null, "phone": null, "short_name": null, "website": null, "wikidata": null, "wikimedia_commons": null, "wikipedia": null, "name:etymology:wikidata": null, "fax": null, "addr:housename": null, "addr:housenumber": null, "addr:postcode": null, "alt_name": null, "source": null, "addr:city": null, "email": null, "designation": null, "addr:street": null, "brand": null, "brand:wikidata": null, "shop": null, "check_date": null, "operator": null, "note": null, "is_in": null, "addr:suburb": null, "name:ta": null, "name:en": null, "name:hi": null, "internet_access": null, "internet_access:fee": null, "opening_hours": null, "addr:full": null, "grades": null, "operator:type": null, "operator:wikidata": null, "level": null, "education": null, "instagram": null, "mobile": null, "contact:facebook": null, "contact:instagram": null, "contact:twitter": null, "start_date": null, "layer": null, "building": null, "barrier": null, "school:gender": null, "landuse": null, "name:ml": null, "addr:country": null, "addr:state": null, "denomination": null, "religion": null, "brand:wikipedia": null, "height": null, "branch": null, "type": null, "image": null, "int_name": null, "bus_covered": false, "true_metro_dist": 999999.0, "metro_covered": false, "metro_covered_red_only": false, "metro_covered_either_line": false }, "geometry": { "type": "Polygon", "coordinates": [ [ [ 80.2345596, 12.9637062 ], [ 80.2354844, 12.9636467 ], [ 80.2354714, 12.9627749 ], [ 80.2351287, 12.9627672 ], [ 80.2351206, 12.9626563 ], [ 80.2345535, 12.9627256 ], [ 80.2345596, 12.9637062 ] ] ] } },
{ "type": "Feature", "properties": { "element": "way", "id": 1353938227, "amenity": "school", "created_by": null, "name": null, "wheelchair": null, "old_name": null, "phone": null, "short_name": null, "website": null, "wikidata": null, "wikimedia_commons": null, "wikipedia": null, "name:etymology:wikidata": null, "fax": null, "addr:housename": null, "addr:housenumber": null, "addr:postcode": null, "alt_name": null, "source": null, "addr:city": null, "email": null, "designation": null, "addr:street": null, "brand": null, "brand:wikidata": null, "shop": null, "check_date": null, "operator": null, "note": null, "is_in": null, "addr:suburb": null, "name:ta": null, "name:en": null, "name:hi": null, "internet_access": null, "internet_access:fee": null, "opening_hours": null, "addr:full": null, "grades": null, "operator:type": null, "operator:wikidata": null, "level": null, "education": null, "instagram": null, "mobile": null, "contact:facebook": null, "contact:instagram": null, "contact:twitter": null, "start_date": null, "layer": null, "building": null, "barrier": null, "school:gender": null, "landuse": null, "name:ml": null, "addr:country": null, "addr:state": null, "denomination": null, "religion": null, "brand:wikipedia": null, "height": null, "branch": null, "type": null, "image": null, "int_name": null, "bus_covered": false, "true_metro_dist": 999999.0, "metro_covered": false, "metro_covered_red_only": false, "metro_covered_either_line": false }, "geometry": { "type": "Polygon", "coordinates": [ [ [ 80.2421322, 12.9654985 ], [ 80.2412588, 12.9656793 ], [ 80.2413464, 12.9670423 ], [ 80.2423574, 12.9669773 ], [ 80.2421322, 12.9654985 ] ] ] } },
{ "type": "Feature", "properties": { "element": "way", "id": 1354435845, "amenity": "school", "created_by": null, "name": null, "wheelchair": null, "old_name": null, "phone": null, "short_name": null, "website": null, "wikidata": null, "wikimedia_commons": null, "wikipedia": null, "name:etymology:wikidata": null, "fax": null, "addr:housename": null, "addr:housenumber": null, "addr:postcode": null, "alt_name": null, "source": null, "addr:city": null, "email": null, "designation": null, "addr:street": null, "brand": null, "brand:wikidata": null, "shop": null, "check_date": null, "operator": null, "note": null, "is_in": null, "addr:suburb": null, "name:ta": null, "name:en": null, "name:hi": null, "internet_access": null, "internet_access:fee": null, "opening_hours": null, "addr:full": null, "grades": null, "operator:type": null, "operator:wikidata": null, "level": null, "education": null, "instagram": null, "mobile": null, "contact:facebook": null, "contact:instagram": null, "contact:twitter": null, "start_date": null, "layer": null, "building": null, "barrier": null, "school:gender": null, "landuse": null, "name:ml": null, "addr:country": null, "addr:state": null, "denomination": null, "religion": null, "brand:wikipedia": null, "height": null, "branch": null, "type": null, "image": null, "int_name": null, "bus_covered": false, "true_metro_dist": 1567.3441021614055, "metro_covered": false, "metro_covered_red_only": false, "metro_covered_either_line": false }, "geometry": { "type": "Polygon", "coordinates": [ [ [ 80.2327788, 12.9442302 ], [ 80.2326661, 12.9435819 ], [ 80.2322584, 12.9429911 ], [ 80.2314436, 12.9431857 ], [ 80.2316294, 12.9440963 ], [ 80.2316643, 12.9443752 ], [ 80.2327788, 12.9442302 ] ] ] } },
{ "type": "Feature", "properties": { "element": "way", "id": 1373636175, "amenity": "school", "created_by": null, "name": null, "wheelchair": null, "old_name": null, "phone": null, "short_name": null, "website": null, "wikidata": null, "wikimedia_commons": null, "wikipedia": null, "name:etymology:wikidata": null, "fax": null, "addr:housename": null, "addr:housenumber": null, "addr:postcode": null, "alt_name": null, "source": null, "addr:city": null, "email": null, "designation": null, "addr:street": null, "brand": null, "brand:wikidata": null, "shop": null, "check_date": null, "operator": null, "note": null, "is_in": null, "addr:suburb": null, "name:ta": null, "name:en": null, "name:hi": null, "internet_access": null, "internet_access:fee": null, "opening_hours": null, "addr:full": null, "grades": null, "operator:type": null, "operator:wikidata": null, "level": null, "education": null, "instagram": null, "mobile": null, "contact:facebook": null, "contact:instagram": null, "contact:twitter": null, "start_date": null, "layer": null, "building": null, "barrier": null, "school:gender": null, "landuse": null, "name:ml": null, "addr:country": null, "addr:state": null, "denomination": null, "religion": null, "brand:wikipedia": null, "height": null, "branch": null, "type": null, "image": null, "int_name": null, "bus_covered": false, "true_metro_dist": 1191.9234262450134, "metro_covered": false, "metro_covered_red_only": false, "metro_covered_either_line": false }, "geometry": { "type": "Polygon", "coordinates": [ [ [ 80.2377811, 12.9549083 ], [ 80.2392429, 12.9547894 ], [ 80.2391906, 12.954494 ], [ 80.2377529, 12.9547214 ], [ 80.2377811, 12.9549083 ] ] ] } },
{ "type": "Feature", "properties": { "element": "way", "id": 1373636348, "amenity": "school", "created_by": null, "name": "St. George Matric Higher Secondary School", "wheelchair": null, "old_name": null, "phone": null, "short_name": null, "website": null, "wikidata": null, "wikimedia_commons": null, "wikipedia": null, "name:etymology:wikidata": null, "fax": null, "addr:housename": null, "addr:housenumber": null, "addr:postcode": null, "alt_name": null, "source": null, "addr:city": null, "email": null, "designation": null, "addr:street": null, "brand": null, "brand:wikidata": null, "shop": null, "check_date": null, "operator": null, "note": null, "is_in": null, "addr:suburb": null, "name:ta": null, "name:en": null, "name:hi": null, "internet_access": null, "internet_access:fee": null, "opening_hours": null, "addr:full": null, "grades": null, "operator:type": null, "operator:wikidata": null, "level": null, "education": null, "instagram": null, "mobile": null, "contact:facebook": null, "contact:instagram": null, "contact:twitter": null, "start_date": null, "layer": null, "building": null, "barrier": null, "school:gender": null, "landuse": null, "name:ml": null, "addr:country": null, "addr:state": null, "denomination": null, "religion": null, "brand:wikipedia": null, "height": null, "branch": null, "type": null, "image": null, "int_name": null, "bus_covered": false, "true_metro_dist": 1430.3692125405753, "metro_covered": false, "metro_covered_red_only": false, "metro_covered_either_line": false }, "geometry": { "type": "Polygon", "coordinates": [ [ [ 80.2351182, 12.9511856 ], [ 80.2351136, 12.9507495 ], [ 80.2341735, 12.9509247 ], [ 80.2341769, 12.9511959 ], [ 80.2351182, 12.9511856 ] ] ] } },
{ "type": "Feature", "properties": { "element": "way", "id": 1373636360, "amenity": "school", "created_by": null, "name": "Government Higher Secondary School, Okkiam Thuraipakkam", "wheelchair": null, "old_name": null, "phone": null, "short_name": null, "website": null, "wikidata": null, "wikimedia_commons": null, "wikipedia": null, "name:etymology:wikidata": null, "fax": null, "addr:housename": null, "addr:housenumber": null, "addr:postcode": "600097", "alt_name": null, "source": null, "addr:city": "Chennai", "email": null, "designation": null, "addr:street": null, "brand": null, "brand:wikidata": null, "shop": null, "check_date": null, "operator": null, "note": null, "is_in": null, "addr:suburb": null, "name:ta": null, "name:en": null, "name:hi": null, "internet_access": null, "internet_access:fee": null, "opening_hours": null, "addr:full": null, "grades": null, "operator:type": null, "operator:wikidata": null, "level": null, "education": null, "instagram": null, "mobile": null, "contact:facebook": null, "contact:instagram": null, "contact:twitter": null, "start_date": null, "layer": null, "building": null, "barrier": null, "school:gender": null, "landuse": "education", "name:ml": null, "addr:country": null, "addr:state": null, "denomination": null, "religion": null, "brand:wikipedia": null, "height": null, "branch": "Okkiam Thuraipakkam", "type": null, "image": null, "int_name": null, "bus_covered": false, "true_metro_dist": 690.36806384225167, "metro_covered": false, "metro_covered_red_only": false, "metro_covered_either_line": false }, "geometry": { "type": "Polygon", "coordinates": [ [ [ 80.2420726, 12.9487969 ], [ 80.2411151, 12.9489981 ], [ 80.240992800000015, 12.9491629 ], [ 80.2413323, 12.9502509 ], [ 80.2423321, 12.949988 ], [ 80.2420726, 12.9487969 ] ] ] } },
{ "type": "Feature", "properties": { "element": "way", "id": 1373821405, "amenity": "school", "created_by": null, "name": null, "wheelchair": null, "old_name": null, "phone": null, "short_name": null, "website": null, "wikidata": null, "wikimedia_commons": null, "wikipedia": null, "name:etymology:wikidata": null, "fax": null, "addr:housename": null, "addr:housenumber": null, "addr:postcode": null, "alt_name": null, "source": null, "addr:city": null, "email": null, "designation": null, "addr:street": null, "brand": null, "brand:wikidata": null, "shop": null, "check_date": null, "operator": null, "note": null, "is_in": null, "addr:suburb": null, "name:ta": null, "name:en": null, "name:hi": null, "internet_access": null, "internet_access:fee": null, "opening_hours": null, "addr:full": null, "grades": null, "operator:type": null, "operator:wikidata": null, "level": null, "education": null, "instagram": null, "mobile": null, "contact:facebook": null, "contact:instagram": null, "contact:twitter": null, "start_date": null, "layer": null, "building": null, "barrier": null, "school:gender": null, "landuse": null, "name:ml": null, "addr:country": null, "addr:state": null, "denomination": null, "religion": null, "brand:wikipedia": null, "height": null, "branch": null, "type": null, "image": null, "int_name": null, "bus_covered": false, "true_metro_dist": 999999.0, "metro_covered": false, "metro_covered_red_only": false, "metro_covered_either_line": false }, "geometry": { "type": "Polygon", "coordinates": [ [ [ 80.2570085, 12.9457332 ], [ 80.2564533, 12.9458705 ], [ 80.256491, 12.9461298 ], [ 80.2564982, 12.946179 ], [ 80.2565566, 12.9465802 ], [ 80.2571788, 12.9465018 ], [ 80.2570085, 12.9457332 ] ] ] } },
{ "type": "Feature", "properties": { "element": "way", "id": 1544629589, "amenity": "school", "created_by": null, "name": null, "wheelchair": null, "old_name": null, "phone": null, "short_name": null, "website": null, "wikidata": null, "wikimedia_commons": null, "wikipedia": null, "name:etymology:wikidata": null, "fax": null, "addr:housename": null, "addr:housenumber": null, "addr:postcode": null, "alt_name": null, "source": null, "addr:city": null, "email": null, "designation": null, "addr:street": null, "brand": null, "brand:wikidata": null, "shop": null, "check_date": null, "operator": null, "note": null, "is_in": null, "addr:suburb": null, "name:ta": null, "name:en": null, "name:hi": null, "internet_access": null, "internet_access:fee": null, "opening_hours": null, "addr:full": null, "grades": null, "operator:type": null, "operator:wikidata": null, "level": null, "education": "school", "instagram": null, "mobile": null, "contact:facebook": null, "contact:instagram": null, "contact:twitter": null, "start_date": null, "layer": null, "building": null, "barrier": null, "school:gender": null, "landuse": null, "name:ml": null, "addr:country": null, "addr:state": null, "denomination": null, "religion": null, "brand:wikipedia": null, "height": null, "branch": null, "type": null, "image": null, "int_name": null, "bus_covered": false, "true_metro_dist": 1100.8506885979248, "metro_covered": false, "metro_covered_red_only": false, "metro_covered_either_line": false }, "geometry": { "type": "Polygon", "coordinates": [ [ [ 80.2285854, 12.9250505 ], [ 80.228506, 12.9248176 ], [ 80.2284922, 12.9247773 ], [ 80.2273571, 12.9250717 ], [ 80.227412, 12.9253522 ], [ 80.2285854, 12.9250505 ] ] ] } }
]
}
