{
"type": "FeatureCollection",
"name": "output_hospitals_final",
"crs": { "type": "name", "properties": { "name": "urn:ogc:def:crs:OGC:1.3:CRS84" } },
"features": [
{ "type": "Feature", "properties": { "element": "node", "id": 312000326, "addr:block": null, "addr:city": null, "addr:district": null, "addr:full": null, "addr:postcode": null, "addr:state": null, "amenity": "hospital", "healthcare": "hospital", "name": "Cancer Institute", "source": null, "check_date": null, "created_by": null, "addr:subdistrict": null, "email": null, "operator:type": null, "website": null, "addr:street": null, "phone": null, "wheelchair": null, "opening_hours": null, "addr:interpolation": null, "designation": null, "emergency": null, "addr:housename": null, "addr:housenumber": null, "note": null, "operator": null, "is_in": null, "name:en": null, "healthcare:speciality": null, "health_facility:type": null, "operator:wikidata": null, "wikidata": null, "wikipedia": null, "internet_access": null, "payment:cash": null, "payment:credit_cards": null, "payment:debit_cards": null, "name:ta": null, "description": null, "level": null, "addr:suburb": null, "image": null, "building": null, "alt_name": null, "name:tn": null, "comment": null, "mobile": null, "contact:phone": null, "short_name": null, "bus_covered": true, "true_metro_dist": 999999.0, "metro_covered": false, "metro_covered_red_only": false, "metro_covered_either_line": false }, "geometry": { "type": "Point", "coordinates": [ 80.239884, 13.0061338 ] } },
{ "type": "Feature", "properties": { "element": "node", "id": 1446415367, "addr:block": null, "addr:city": "CHENNAI", "addr:district": null, "addr:full": null, "addr:postcode": "600096", "addr:state": null, "amenity": "hospital", "healthcare": null, "name": "Bhadra Homeo", "source": null, "check_date": null, "created_by": null, "addr:subdistrict": null, "email": null, "operator:type": null, "website": null, "addr:street": "PERUNGUDI", "phone": null, "wheelchair": null, "opening_hours": null, "addr:interpolation": "KANDANCHAVADI", "designation": null, "emergency": null, "addr:housename": null, "addr:housenumber": null, "note": null, "operator": null, "is_in": null, "name:en": null, "healthcare:speciality": null, "health_facility:type": null, "operator:wikidata": null, "wikidata": null, "wikipedia": null, "internet_access": null, "payment:cash": null, "payment:credit_cards": null, "payment:debit_cards": null, "name:ta": null, "description": null, "level": null, "addr:suburb": null, "image": null, "building": null, "alt_name": null, "name:tn": null, "comment": null, "mobile": null, "contact:phone": null, "short_name": null, "bus_covered": false, "true_metro_dist": 307.41264632822021, "metro_covered": true, "metro_covered_red_only": false, "metro_covered_either_line": true }, "geometry": { "type": "Point", "coordinates": [ 80.2474724, 12.9663879 ] } },
{ "type": "Feature", "properties": { "element": "node", "id": 1560720462, "addr:block": null, "addr:city": null, "addr:district": null, "addr:full": null, "addr:postcode": null, "addr:state": null, "amenity": "hospital", "healthcare": "hospital", "name": "Vasan Eye Care Hospital", "source": "survey", "check_date": null, "created_by": null, "addr:subdistrict": null, "email": null, "operator:type": null, "website": null, "addr:street": null, "phone": null, "wheelchair": null, "opening_hours": null, "addr:interpolation": null, "designation": "Hospital", "emergency": "no", "addr:housename": null, "addr:housenumber": null, "note": null, "operator": null, "is_in": null, "name:en": null, "healthcare:speciality": null, "health_facility:type": null, "operator:wikidata": null, "wikidata": null, "wikipedia": null, "internet_access": null, "payment:cash": null, "payment:credit_cards": null, "payment:debit_cards": null, "name:ta": null, "description": null, "level": null, "addr:suburb": null, "image": null, "building": null, "alt_name": null, "name:tn": null, "comment": null, "mobile": null, "contact:phone": null, "short_name": null, "bus_covered": true, "true_metro_dist": 706.66664174672928, "metro_covered": false, "metro_covered_red_only": false, "metro_covered_either_line": false }, "geometry": { "type": "Point", "coordinates": [ 80.2552541, 13.0015307 ] } },
{ "type": "Feature", "properties": { "element": "node", "id": 2124734395, "addr:block": null, "addr:city": null, "addr:district": null, "addr:full": null, "addr:postcode": null, "addr:state": null, "amenity": "hospital", "healthcare": null, "name": "Fourtts India Laboratories", "source": null, "check_date": null, "created_by": null, "addr:subdistrict": null, "email": null, "operator:type": null, "website": null, "addr:street": null, "phone": null, "wheelchair": null, "opening_hours": null, "addr:interpolation": null, "designation": null, "emergency": null, "addr:housename": null, "addr:housenumber": null, "note": null, "operator": null, "is_in": null, "name:en": null, "healthcare:speciality": null, "health_facility:type": null, "operator:wikidata": null, "wikidata": null, "wikipedia": null, "internet_access": null, "payment:cash": null, "payment:credit_cards": null, "payment:debit_cards": null, "name:ta": null, "description": null, "level": null, "addr:suburb": null, "image": null, "building": null, "alt_name": null, "name:tn": null, "comment": null, "mobile": null, "contact:phone": null, "short_name": null, "bus_covered": true, "true_metro_dist": 536.08525941649657, "metro_covered": false, "metro_covered_red_only": false, "metro_covered_either_line": false }, "geometry": { "type": "Point", "coordinates": [ 80.2337388, 12.9321684 ] } },
{ "type": "Feature", "properties": { "element": "node", "id": 6914764653, "addr:block": null, "addr:city": null, "addr:district": "Chennai", "addr:full": "12, First Main Road Kasturba Nagar Adyar", "addr:postcode": "600001", "addr:state": "Tamil Nadu", "amenity": "hospital", "healthcare": "hospital", "name": "Sri Kalyan Hospital", "source": "OpenGovernmentData", "check_date": null, "created_by": null, "addr:subdistrict": null, "email": null, "operator:type": null, "website": null, "addr:street": null, "phone": null, "wheelchair": null, "opening_hours": null, "addr:interpolation": null, "designation": null, "emergency": null, "addr:housename": null, "addr:housenumber": null, "note": null, "operator": null, "is_in": null, "name:en": null, "healthcare:speciality": null, "health_facility:type": null, "operator:wikidata": null, "wikidata": null, "wikipedia": null, "internet_access": null, "payment:cash": null, "payment:credit_cards": null, "payment:debit_cards": null, "name:ta": null, "description": null, "level": null, "addr:suburb": null, "image": null, "building": null, "alt_name": null, "name:tn": null, "comment": null, "mobile": null, "contact:phone": null, "short_name": null, "bus_covered": false, "true_metro_dist": 1453.612015984377, "metro_covered": false, "metro_covered_red_only": false, "metro_covered_either_line": false }, "geometry": { "type": "Point", "coordinates": [ 80.2507134, 13.0063976 ] } },
{ "type": "Feature", "properties": { "element": "node", "id": 6916164281, "addr:block": null, "addr:city": null, "addr:district": "Chennai", "addr:full": "No.3,Third Street Malavia Avenue, Thiruvanmiyur", "addr:postcode": "600041", "addr:state": "Tamil Nadu", "amenity": "clinic", "healthcare": "clinic", "name": "Balaji Nursing Home - Chennai", "source": "OpenGovernmentData", "check_date": null, "created_by": null, "addr:subdistrict": null, "email": null, "operator:type": null, "website": null, "addr:street": null, "phone": null, "wheelchair": null, "opening_hours": null, "addr:interpolation": null, "designation": null, "emergency": null, "addr:housename": null, "addr:housenumber": null, "note": null, "operator": null, "is_in": null, "name:en": null, "healthcare:speciality": null, "health_facility:type": null, "operator:wikidata": null, "wikidata": null, "wikipedia": null, "internet_access": null, "payment:cash": null, "payment:credit_cards": null, "payment:debit_cards": null, "name:ta": null, "description": null, "level": null, "addr:suburb": null, "image": null, "building": null, "alt_name": null, "name:tn": null, "comment": null, "mobile": null, "contact:phone": null, "short_name": null, "bus_covered": true, "true_metro_dist": 1064.8107171805852, "metro_covered": false, "metro_covered_red_only": false, "metro_covered_either_line": false }, "geometry": { "type": "Point", "coordinates": [ 80.2586031, 12.9959072 ] } },
{ "type": "Feature", "properties": { "element": "node", "id": 6926808792, "addr:block": null, "addr:city": null, "addr:district": "Chennai", "addr:full": "Old No 3, New 11, North Mada Street, Near Marundeeswarar Temple, Near Thiruvanmiyur Bus Terminus", "addr:postcode": "600041", "addr:state": "Tamil Nadu", "amenity": "hospital", "healthcare": "hospital", "name": "Starlight Hospitals Pvt Ltd", "source": "OpenGovernmentData", "check_date": null, "created_by": null, "addr:subdistrict": null, "email": null, "operator:type": null, "website": null, "addr:street": null, "phone": null, "wheelchair": null, "opening_hours": null, "addr:interpolation": null, "designation": null, "emergency": null, "addr:housename": null, "addr:housenumber": null, "note": null, "operator": null, "is_in": null, "name:en": null, "healthcare:speciality": null, "health_facility:type": null, "operator:wikidata": null, "wikidata": null, "wikipedia": null, "internet_access": null, "payment:cash": null, "payment:credit_cards": null, "payment:debit_cards": null, "name:ta": null, "description": null, "level": null, "addr:suburb": null, "image": null, "building": null, "alt_name": null, "name:tn": null, "comment": null, "mobile": null, "contact:phone": null, "short_name": null, "bus_covered": false, "true_metro_dist": 1161.2560071633463, "metro_covered": false, "metro_covered_red_only": false, "metro_covered_either_line": false }, "geometry": { "type": "Point", "coordinates": [ 80.2601581, 12.9864526 ] } },
{ "type": "Feature", "properties": { "element": "node", "id": 6928779096, "addr:block": null, "addr:city": null, "addr:district": "Chennai", "addr:full": "Rajiv Gandhi Salai, Old Mahabalipuram Road", "addr:postcode": "603103", "addr:state": "Tamil Nadu", "amenity": "hospital", "healthcare": "hospital", "name": "Chettinad Super Speciality Hospital", "source": "OpenGovernmentData", "check_date": null, "created_by": null, "addr:subdistrict": "Kelambakkam", "email": "cssh@chettinadhealthcity.com", "operator:type": "private", "website": "http://www.chettinadhealthcity.com/", "addr:street": null, "phone": null, "wheelchair": null, "opening_hours": null, "addr:interpolation": null, "designation": null, "emergency": null, "addr:housename": null, "addr:housenumber": null, "note": null, "operator": null, "is_in": null, "name:en": null, "healthcare:speciality": null, "health_facility:type": null, "operator:wikidata": null, "wikidata": null, "wikipedia": null, "internet_access": null, "payment:cash": null, "payment:credit_cards": null, "payment:debit_cards": null, "name:ta": null, "description": null, "level": null, "addr:suburb": null, "image": null, "building": null, "alt_name": null, "name:tn": null, "comment": null, "mobile": null, "contact:phone": null, "short_name": null, "bus_covered": true, "true_metro_dist": 548.58136166514601, "metro_covered": false, "metro_covered_red_only": false, "metro_covered_either_line": false }, "geometry": { "type": "Point", "coordinates": [ 80.228211, 12.9109406 ] } },
{ "type": "Feature", "properties": { "element": "node", "id": 6928920472, "addr:block": null, "addr:city": null, "addr:district": "Chennai", "addr:full": "6/13, 3rd Cross Street, Kasthuribai Nagar, Adyar", "addr:postcode": "600020", "addr:state": "Tamil Nadu", "amenity": "hospital", "healthcare": "hospital", "name": "Dr.Kamakshi Memorial Hospital", "source": "OpenGovernmentData", "check_date": null, "created_by": null, "addr:subdistrict": null, "email": "info@drkmh.com", "operator:type": "private", "website": "https://www.drkmh.com/", "addr:street": null, "phone": null, "wheelchair": null, "opening_hours": null, "addr:interpolation": null, "designation": null, "emergency": null, "addr:housename": null, "addr:housenumber": null, "note": null, "operator": null, "is_in": null, "name:en": null, "healthcare:speciality": null, "health_facility:type": null, "operator:wikidata": null, "wikidata": null, "wikipedia": null, "internet_access": null, "payment:cash": null, "payment:credit_cards": null, "payment:debit_cards": null, "name:ta": null, "description": null, "level": null, "addr:suburb": null, "image": null, "building": null, "alt_name": null, "name:tn": null, "comment": null, "mobile": null, "contact:phone": null, "short_name": null, "bus_covered": false, "true_metro_dist": 918.70344442729208, "metro_covered": false, "metro_covered_red_only": false, "metro_covered_either_line": false }, "geometry": { "type": "Point", "coordinates": [ 80.2520867, 13.0022187 ] } },
{ "type": "Feature", "properties": { "element": "node", "id": 6929234791, "addr:block": null, "addr:city": null, "addr:district": "Chennai", "addr:full": "Chennai", "addr:postcode": "600113", "addr:state": "Tamil Nadu", "amenity": "clinic", "healthcare": null, "name": "Voluntary Health Services Medical Centre", "source": "OpenGovernmentData", "check_date": null, "created_by": null, "addr:subdistrict": null, "email": null, "operator:type": null, "website": null, "addr:street": null, "phone": null, "wheelchair": null, "opening_hours": null, "addr:interpolation": null, "designation": null, "emergency": null, "addr:housename": null, "addr:housenumber": null, "note": null, "operator": null, "is_in": null, "name:en": null, "healthcare:speciality": null, "health_facility:type": null, "operator:wikidata": null, "wikidata": "Q20047293", "wikipedia": "en:Voluntary Health Services hospital, Chennai", "internet_access": null, "payment:cash": null, "payment:credit_cards": null, "payment:debit_cards": null, "name:ta": null, "description": null, "level": null, "addr:suburb": null, "image": null, "building": null, "alt_name": null, "name:tn": null, "comment": null, "mobile": null, "contact:phone": null, "short_name": null, "bus_covered": false, "true_metro_dist": 999999.0, "metro_covered": false, "metro_covered_red_only": false, "metro_covered_either_line": false }, "geometry": { "type": "Point", "coordinates": [ 80.2469087, 13.0027257 ] } },
{ "type": "Feature", "properties": { "element": "node", "id": 6929266356, "addr:block": null, "addr:city": null, "addr:district": "Kanchipuram", "addr:full": "168, Chandrasekaran Avenue, O.M.R, Thoraipakkam , Opposite To P.T.C Bus Stop", "addr:postcode": "600096", "addr:state": "Tamil Nadu", "amenity": "hospital", "healthcare": "hospital", "name": "நந்தினி மருத்துவமனை", "source": "OpenGovernmentData", "check_date": null, "created_by": null, "addr:subdistrict": null, "email": null, "operator:type": null, "website": null, "addr:street": null, "phone": "+919445627717", "wheelchair": null, "opening_hours": null, "addr:interpolation": null, "designation": null, "emergency": "yes", "addr:housename": null, "addr:housenumber": null, "note": null, "operator": null, "is_in": null, "name:en": "Nanthini Hospital", "healthcare:speciality": null, "health_facility:type": null, "operator:wikidata": null, "wikidata": null, "wikipedia": null, "internet_access": null, "payment:cash": null, "payment:credit_cards": null, "payment:debit_cards": null, "name:ta": null, "description": null, "level": null, "addr:suburb": null, "image": null, "building": null, "alt_name": null, "name:tn": null, "comment": null, "mobile": null, "contact:phone": null, "short_name": null, "bus_covered": true, "true_metro_dist": 974.26692285917215, "metro_covered": false, "metro_covered_red_only": false, "metro_covered_either_line": false }, "geometry": { "type": "Point", "coordinates": [ 80.2315475, 12.9327959 ] } },
{ "type": "Feature", "properties": { "element": "node", "id": 6932203729, "addr:block": null, "addr:city": "சென்னை - Chennai", "addr:district": "Chennai", "addr:full": "#18, East Coast Road,Near Neelangarai Bus Stop,Neelangarai", "addr:postcode": "600115", "addr:state": "Tamil Nadu", "amenity": "hospital", "healthcare": "hospital", "name": "Santhi Hospital", "source": "local knowledge", "check_date": null, "created_by": null, "addr:subdistrict": null, "email": null, "operator:type": "private", "website": null, "addr:street": "East Coast Road SH49", "phone": null, "wheelchair": null, "opening_hours": null, "addr:interpolation": null, "designation": null, "emergency": "yes", "addr:housename": null, "addr:housenumber": null, "note": null, "operator": "Private", "is_in": null, "name:en": null, "healthcare:speciality": "general", "health_facility:type": null, "operator:wikidata": null, "wikidata": null, "wikipedia": null, "internet_access": null, "payment:cash": null, "payment:credit_cards": null, "payment:debit_cards": null, "name:ta": null, "description": null, "level": null, "addr:suburb": null, "image": null, "building": null, "alt_name": null, "name:tn": null, "comment": null, "mobile": null, "contact:phone": null, "short_name": null, "bus_covered": true, "true_metro_dist": 999999.0, "metro_covered": false, "metro_covered_red_only": false, "metro_covered_either_line": false }, "geometry": { "type": "Point", "coordinates": [ 80.255186, 12.9507835 ] } },
{ "type": "Feature", "properties": { "element": "node", "id": 6933279103, "addr:block": null, "addr:city": null, "addr:district": "Chennai", "addr:full": "No 20, Thamirabarani Towers, Ecr Road, Kabaliswarer Nagar, Neelankarai", "addr:postcode": "600041", "addr:state": "Tamil Nadu", "amenity": "hospital", "healthcare": "hospital", "name": "Vasan Eye Care Hospital, Neelankarai", "source": "OpenGovernmentData", "check_date": null, "created_by": null, "addr:subdistrict": null, "email": null, "operator:type": null, "website": null, "addr:street": null, "phone": null, "wheelchair": null, "opening_hours": null, "addr:interpolation": null, "designation": null, "emergency": null, "addr:housename": null, "addr:housenumber": null, "note": null, "operator": null, "is_in": null, "name:en": null, "healthcare:speciality": null, "health_facility:type": null, "operator:wikidata": null, "wikidata": null, "wikipedia": null, "internet_access": null, "payment:cash": null, "payment:credit_cards": null, "payment:debit_cards": null, "name:ta": null, "description": null, "level": null, "addr:suburb": null, "image": null, "building": null, "alt_name": null, "name:tn": null, "comment": null, "mobile": null, "contact:phone": null, "short_name": null, "bus_covered": true, "true_metro_dist": 999999.0, "metro_covered": false, "metro_covered_red_only": false, "metro_covered_either_line": false }, "geometry": { "type": "Point", "coordinates": [ 80.2551001, 12.9504267 ] } },
{ "type": "Feature", "properties": { "element": "node", "id": 6933510877, "addr:block": null, "addr:city": null, "addr:district": "Chennai", "addr:full": "No-58, M G Road, Thiruvanmiyur", "addr:postcode": "600041", "addr:state": "Tamil Nadu", "amenity": "hospital", "healthcare": "hospital", "name": "Jayam Polyclinc", "source": "OpenGovernmentData", "check_date": null, "created_by": null, "addr:subdistrict": null, "email": null, "operator:type": null, "website": null, "addr:street": null, "phone": null, "wheelchair": null, "opening_hours": null, "addr:interpolation": null, "designation": null, "emergency": null, "addr:housename": null, "addr:housenumber": null, "note": null, "operator": null, "is_in": null, "name:en": null, "healthcare:speciality": null, "health_facility:type": null, "operator:wikidata": null, "wikidata": null, "wikipedia": null, "internet_access": null, "payment:cash": null, "payment:credit_cards": null, "payment:debit_cards": null, "name:ta": null, "description": null, "level": null, "addr:suburb": null, "image": null, "building": null, "alt_name": null, "name:tn": null, "comment": null, "mobile": null, "contact:phone": null, "short_name": null, "bus_covered": false, "true_metro_dist": 1280.8441917802661, "metro_covered": false, "metro_covered_red_only": false, "metro_covered_either_line": false }, "geometry": { "type": "Point", "coordinates": [ 80.2603345, 12.9958562 ] } },
{ "type": "Feature", "properties": { "element": "node", "id": 6934018874, "addr:block": null, "addr:city": null, "addr:district": "Chennai", "addr:full": "1/28, Vasudevan Street East Coast Road", "addr:postcode": "600041", "addr:state": "Tamil Nadu", "amenity": "clinic", "healthcare": "clinic", "name": "S.S Nursing Home", "source": "OpenGovernmentData", "check_date": null, "created_by": null, "addr:subdistrict": null, "email": null, "operator:type": null, "website": null, "addr:street": null, "phone": null, "wheelchair": null, "opening_hours": null, "addr:interpolation": null, "designation": null, "emergency": null, "addr:housename": null, "addr:housenumber": null, "note": null, "operator": null, "is_in": null, "name:en": null, "healthcare:speciality": null, "health_facility:type": null, "operator:wikidata": null, "wikidata": null, "wikipedia": null, "internet_access": null, "payment:cash": null, "payment:credit_cards": null, "payment:debit_cards": null, "name:ta": null, "description": null, "level": null, "addr:suburb": null, "image": null, "building": null, "alt_name": null, "name:tn": null, "comment": null, "mobile": null, "contact:phone": null, "short_name": null, "bus_covered": true, "true_metro_dist": 1473.4094663543822, "metro_covered": false, "metro_covered_red_only": false, "metro_covered_either_line": false }, "geometry": { "type": "Point", "coordinates": [ 80.2573344, 12.969346 ] } },
{ "type": "Feature", "properties": { "element": "node", "id": 6934340766, "addr:block": null, "addr:city": null, "addr:district": "Chennai", "addr:full": "No. -28, 1st Avenue, Indira Nagar, Adyar", "addr:postcode": "600020", "addr:state": "Tamil Nadu", "amenity": "hospital", "healthcare": "hospital", "name": "Padmapriya Hospital Pvt. Ltd.", "source": "OpenGovernmentData", "check_date": null, "created_by": null, "addr:subdistrict": null, "email": null, "operator:type": null, "website": null, "addr:street": null, "phone": null, "wheelchair": null, "opening_hours": null, "addr:interpolation": null, "designation": null, "emergency": null, "addr:housename": null, "addr:housenumber": null, "note": null, "operator": null, "is_in": null, "name:en": null, "healthcare:speciality": null, "health_facility:type": null, "operator:wikidata": null, "wikidata": null, "wikipedia": null, "internet_access": null, "payment:cash": null, "payment:credit_cards": null, "payment:debit_cards": null, "name:ta": null, "description": null, "level": null, "addr:suburb": null, "image": null, "building": null, "alt_name": null, "name:tn": null, "comment": null, "mobile": null, "contact:phone": null, "short_name": null, "bus_covered": true, "true_metro_dist": 456.04943868153907, "metro_covered": true, "metro_covered_red_only": false, "metro_covered_either_line": true }, "geometry": { "type": "Point", "coordinates": [ 80.2537027, 12.9996223 ] } },
{ "type": "Feature", "properties": { "element": "node", "id": 6934912413, "addr:block": null, "addr:city": null, "addr:district": "Chennai", "addr:full": "T.T.T.I Post", "addr:postcode": "600113", "addr:state": "Tamil Nadu", "amenity": "clinic", "healthcare": null, "name": "Vhs Diabeted Research Centre", "source": "OpenGovernmentData", "check_date": null, "created_by": null, "addr:subdistrict": null, "email": null, "operator:type": null, "website": null, "addr:street": null, "phone": null, "wheelchair": null, "opening_hours": null, "addr:interpolation": null, "designation": null, "emergency": null, "addr:housename": null, "addr:housenumber": null, "note": null, "operator": null, "is_in": null, "name:en": null, "healthcare:speciality": null, "health_facility:type": null, "operator:wikidata": null, "wikidata": null, "wikipedia": null, "internet_access": null, "payment:cash": null, "payment:credit_cards": null, "payment:debit_cards": null, "name:ta": null, "description": null, "level": null, "addr:suburb": null, "image": null, "building": null, "alt_name": null, "name:tn": null, "comment": null, "mobile": null, "contact:phone": null, "short_name": null, "bus_covered": true, "true_metro_dist": 999999.0, "metro_covered": false, "metro_covered_red_only": false, "metro_covered_either_line": false }, "geometry": { "type": "Point", "coordinates": [ 80.2463347, 13.0029165 ] } },
{ "type": "Feature", "properties": { "element": "node", "id": 6935067323, "addr:block": null, "addr:city": null, "addr:district": "Chennai", "addr:full": "138/2 L B Road,Thiruvanmiyur", "addr:postcode": "600002", "addr:state": "Tamil Nadu", "amenity": "clinic", "healthcare": "clinic", "name": "Ponraj Eye Clinic", "source": "OpenGovernmentData", "check_date": null, "created_by": null, "addr:subdistrict": null, "email": null, "operator:type": null, "website": null, "addr:street": null, "phone": null, "wheelchair": null, "opening_hours": null, "addr:interpolation": null, "designation": null, "emergency": null, "addr:housename": null, "addr:housenumber": null, "note": null, "operator": null, "is_in": null, "name:en": null, "healthcare:speciality": null, "health_facility:type": null, "operator:wikidata": null, "wikidata": null, "wikipedia": null, "internet_access": null, "payment:cash": null, "payment:credit_cards": null, "payment:debit_cards": null, "name:ta": null, "description": null, "level": null, "addr:suburb": null, "image": null, "building": null, "alt_name": null, "name:tn": null, "comment": null, "mobile": null, "contact:phone": null, "short_name": null, "bus_covered": true, "true_metro_dist": 627.2531798012958, "metro_covered": false, "metro_covered_red_only": false, "metro_covered_either_line": false }, "geometry": { "type": "Point", "coordinates": [ 80.2554783, 12.9892035 ] } },
{ "type": "Feature", "properties": { "element": "node", "id": 6936271569, "addr:block": null, "addr:city": null, "addr:district": "Kanchipuram", "addr:full": "5/91, Church Road, Perungudi, Near Andrew Yulex Colony, Chengalpattu", "addr:postcode": "600096", "addr:state": "Tamil Nadu", "amenity": "hospital", "healthcare": null, "name": "Sri Lakshmi Multi Speciality Hospital Pvt Ltd", "source": "OpenGovernmentData", "check_date": null, "created_by": null, "addr:subdistrict": null, "email": null, "operator:type": null, "website": null, "addr:street": null, "phone": null, "wheelchair": null, "opening_hours": null, "addr:interpolation": null, "designation": null, "emergency": null, "addr:housename": null, "addr:housenumber": null, "note": null, "operator": null, "is_in": null, "name:en": null, "healthcare:speciality": null, "health_facility:type": null, "operator:wikidata": null, "wikidata": null, "wikipedia": null, "internet_access": null, "payment:cash": null, "payment:credit_cards": null, "payment:debit_cards": null, "name:ta": null, "description": null, "level": null, "addr:suburb": null, "image": null, "building": null, "alt_name": null, "name:tn": null, "comment": null, "mobile": null, "contact:phone": null, "short_name": null, "bus_covered": true, "true_metro_dist": 1243.9308632550835, "metro_covered": false, "metro_covered_red_only": false, "metro_covered_either_line": false }, "geometry": { "type": "Point", "coordinates": [ 80.2461429, 12.9640779 ] } },
{ "type": "Feature", "properties": { "element": "node", "id": 6936359940, "addr:block": null, "addr:city": null, "addr:district": "Chennai", "addr:full": "New No.10, Old No.20, 3Road Avenue, Indira Nagar, Adyar", "addr:postcode": "600020", "addr:state": "Tamil Nadu", "amenity": "hospital", "healthcare": "hospital", "name": "Lakshmi Maternity Hospital", "source": "OpenGovernmentData", "check_date": null, "created_by": null, "addr:subdistrict": null, "email": null, "operator:type": null, "website": null, "addr:street": null, "phone": null, "wheelchair": null, "opening_hours": null, "addr:interpolation": null, "designation": null, "emergency": null, "addr:housename": null, "addr:housenumber": null, "note": null, "operator": null, "is_in": null, "name:en": null, "healthcare:speciality": null, "health_facility:type": null, "operator:wikidata": null, "wikidata": null, "wikipedia": null, "internet_access": null, "payment:cash": null, "payment:credit_cards": null, "payment:debit_cards": null, "name:ta": null, "description": null, "level": null, "addr:suburb": null, "image": null, "building": null, "alt_name": null, "name:tn": null, "comment": null, "mobile": null, "contact:phone": null, "short_name": null, "bus_covered": true, "true_metro_dist": 534.9659019693147, "metro_covered": false, "metro_covered_red_only": false, "metro_covered_either_line": false }, "geometry": { "type": "Point", "coordinates": [ 80.2528444, 12.9938673 ] } },
{ "type": "Feature", "properties": { "element": "node", "id": 6950288001, "addr:block": null, "addr:city": null, "addr:district": "Chennai", "addr:full": "No.2/614A,Philios Street,Neelangarai", "addr:postcode": "600002", "addr:state": "Tamil Nadu", "amenity": "hospital", "healthcare": "hospital", "name": "Sahishnatha Indtitute Of Maternal And Child Health", "source": "OpenGovernmentData", "check_date": null, "created_by": null, "addr:subdistrict": null, "email": null, "operator:type": null, "website": null, "addr:street": null, "phone": null, "wheelchair": null, "opening_hours": null, "addr:interpolation": null, "designation": null, "emergency": null, "addr:housename": null, "addr:housenumber": null, "note": null, "operator": null, "is_in": null, "name:en": null, "healthcare:speciality": null, "health_facility:type": null, "operator:wikidata": null, "wikidata": null, "wikipedia": null, "internet_access": null, "payment:cash": null, "payment:credit_cards": null, "payment:debit_cards": null, "name:ta": null, "description": null, "level": null, "addr:suburb": null, "image": null, "building": null, "alt_name": null, "name:tn": null, "comment": null, "mobile": null, "contact:phone": null, "short_name": null, "bus_covered": true, "true_metro_dist": 999999.0, "metro_covered": false, "metro_covered_red_only": false, "metro_covered_either_line": false }, "geometry": { "type": "Point", "coordinates": [ 80.2541614, 12.9531897 ] } },
{ "type": "Feature", "properties": { "element": "node", "id": 7181579342, "addr:block": null, "addr:city": null, "addr:district": "Chennai", "addr:full": "Block No l.122/169-170,CPWD Quarters, Indira Nagar, Adyar", "addr:postcode": "600020", "addr:state": "Tamil Nadu", "amenity": "clinic", "healthcare": "centre", "name": "Adyar Dispensary", "source": "OpenGovernmentData", "check_date": null, "created_by": null, "addr:subdistrict": null, "email": null, "operator:type": "government", "website": "http://nb.bsf.gov.in/CGHS%20DIspenseries.pdf", "addr:street": null, "phone": null, "wheelchair": null, "opening_hours": null, "addr:interpolation": null, "designation": null, "emergency": null, "addr:housename": null, "addr:housenumber": null, "note": null, "operator": null, "is_in": null, "name:en": null, "healthcare:speciality": null, "health_facility:type": "dispensary", "operator:wikidata": null, "wikidata": null, "wikipedia": null, "internet_access": null, "payment:cash": null, "payment:credit_cards": null, "payment:debit_cards": null, "name:ta": null, "description": null, "level": null, "addr:suburb": null, "image": null, "building": null, "alt_name": null, "name:tn": null, "comment": null, "mobile": null, "contact:phone": null, "short_name": null, "bus_covered": false, "true_metro_dist": 699.16137612028626, "metro_covered": false, "metro_covered_red_only": false, "metro_covered_either_line": false }, "geometry": { "type": "Point", "coordinates": [ 80.2533312, 12.991685 ] } },
{ "type": "Feature", "properties": { "element": "node", "id": 7213394742, "addr:block": null, "addr:city": null, "addr:district": "Chennai", "addr:full": "12/8, Phase-1, Thirumalai Nagar, Tirumalai Nagar, Perungudi", "addr:postcode": "600096", "addr:state": "Tamil Nadu", "amenity": "hospital", "healthcare": null, "name": "London Harley Street Women And Fertility Centre", "source": "OpenGovernmentData", "check_date": null, "created_by": null, "addr:subdistrict": null, "email": null, "operator:type": null, "website": null, "addr:street": null, "phone": null, "wheelchair": null, "opening_hours": null, "addr:interpolation": null, "designation": null, "emergency": null, "addr:housename": null, "addr:housenumber": null, "note": null, "operator": null, "is_in": null, "name:en": null, "healthcare:speciality": null, "health_facility:type": null, "operator:wikidata": null, "wikidata": null, "wikipedia": null, "internet_access": null, "payment:cash": null, "payment:credit_cards": null, "payment:debit_cards": null, "name:ta": null, "description": null, "level": null, "addr:suburb": null, "image": null, "building": null, "alt_name": null, "name:tn": null, "comment": null, "mobile": null, "contact:phone": null, "short_name": null, "bus_covered": true, "true_metro_dist": 1080.8883545418737, "metro_covered": false, "metro_covered_red_only": false, "metro_covered_either_line": false }, "geometry": { "type": "Point", "coordinates": [ 80.2421492, 12.9609724 ] } },
{ "type": "Feature", "properties": { "element": "node", "id": 7213449202, "addr:block": null, "addr:city": null, "addr:district": "Chennai", "addr:full": "3/2, 3/2, Adyar 3rd St, Bakthavatchalam Nagar, Baktavatsalm Nagar, Adyar, Chennai", "addr:postcode": "600020", "addr:state": "Tamil Nadu", "amenity": "hospital", "healthcare": "hospital", "name": "Gas Hospital", "source": "OpenGovernmentData", "check_date": null, "created_by": null, "addr:subdistrict": null, "email": null, "operator:type": null, "website": null, "addr:street": null, "phone": null, "wheelchair": null, "opening_hours": null, "addr:interpolation": null, "designation": null, "emergency": null, "addr:housename": null, "addr:housenumber": null, "note": null, "operator": null, "is_in": null, "name:en": null, "healthcare:speciality": null, "health_facility:type": null, "operator:wikidata": null, "wikidata": null, "wikipedia": null, "internet_access": null, "payment:cash": null, "payment:credit_cards": null, "payment:debit_cards": null, "name:ta": null, "description": null, "level": null, "addr:suburb": null, "image": null, "building": null, "alt_name": null, "name:tn": null, "comment": null, "mobile": null, "contact:phone": null, "short_name": null, "bus_covered": false, "true_metro_dist": 832.33313604582997, "metro_covered": false, "metro_covered_red_only": false, "metro_covered_either_line": false }, "geometry": { "type": "Point", "coordinates": [ 80.2540981, 13.003026 ] } },
{ "type": "Feature", "properties": { "element": "node", "id": 7213449203, "addr:block": null, "addr:city": null, "addr:district": "Chennai", "addr:full": "108/2, Akhil Apartment, Kamaraj Avenue First Street, Kasturba Nagar Main Road, Adyar, near Nalli Silks, Chennai", "addr:postcode": "600020", "addr:state": "Tamil Nadu", "amenity": "clinic", "healthcare": "clinic", "name": "Adyar Ortho Clinic", "source": "OpenGovernmentData", "check_date": null, "created_by": null, "addr:subdistrict": null, "email": null, "operator:type": null, "website": null, "addr:street": null, "phone": null, "wheelchair": null, "opening_hours": null, "addr:interpolation": null, "designation": null, "emergency": null, "addr:housename": null, "addr:housenumber": null, "note": null, "operator": null, "is_in": null, "name:en": null, "healthcare:speciality": null, "health_facility:type": null, "operator:wikidata": null, "wikidata": null, "wikipedia": null, "internet_access": null, "payment:cash": null, "payment:credit_cards": null, "payment:debit_cards": null, "name:ta": null, "description": null, "level": null, "addr:suburb": null, "image": null, "building": null, "alt_name": null, "name:tn": null, "comment": null, "mobile": null, "contact:phone": null, "short_name": null, "bus_covered": false, "true_metro_dist": 910.97575614643006, "metro_covered": false, "metro_covered_red_only": false, "metro_covered_either_line": false }, "geometry": { "type": "Point", "coordinates": [ 80.2518544, 13.0017764 ] } },
{ "type": "Feature", "properties": { "element": "node", "id": 7213449204, "addr:block": null, "addr:city": null, "addr:district": "Chennai", "addr:full": "Justice Ramaswamy Ave, Venkata Rathnam Nagar Extension, Rukmani Nagar, Adyar", "addr:postcode": "600020", "addr:state": "Tamil Nadu", "amenity": "clinic", "healthcare": "clinic", "name": "Siloam Hospital", "source": "OpenGovernmentData", "check_date": null, "created_by": null, "addr:subdistrict": null, "email": null, "operator:type": null, "website": null, "addr:street": null, "phone": null, "wheelchair": null, "opening_hours": null, "addr:interpolation": null, "designation": null, "emergency": null, "addr:housename": null, "addr:housenumber": null, "note": null, "operator": null, "is_in": null, "name:en": null, "healthcare:speciality": null, "health_facility:type": null, "operator:wikidata": null, "wikidata": null, "wikipedia": null, "internet_access": null, "payment:cash": null, "payment:credit_cards": null, "payment:debit_cards": null, "name:ta": null, "description": null, "level": null, "addr:suburb": null, "image": null, "building": null, "alt_name": null, "name:tn": null, "comment": null, "mobile": null, "contact:phone": null, "short_name": null, "bus_covered": false, "true_metro_dist": 1107.4648786079424, "metro_covered": false, "metro_covered_red_only": false, "metro_covered_either_line": false }, "geometry": { "type": "Point", "coordinates": [ 80.2498239, 13.0012776 ] } },
{ "type": "Feature", "properties": { "element": "node", "id": 7213449205, "addr:block": null, "addr:city": null, "addr:district": "Chennai", "addr:full": "No: 148, Kamaraj Ave 2nd St, Adyar", "addr:postcode": "600020", "addr:state": "Tamil Nadu", "amenity": "clinic", "healthcare": "clinic", "name": "Dr VK Jayalakshmi - Vishnu Fertility Centre", "source": "OpenGovernmentData", "check_date": null, "created_by": null, "addr:subdistrict": null, "email": null, "operator:type": null, "website": null, "addr:street": null, "phone": null, "wheelchair": null, "opening_hours": null, "addr:interpolation": null, "designation": null, "emergency": null, "addr:housename": null, "addr:housenumber": null, "note": null, "operator": null, "is_in": null, "name:en": null, "healthcare:speciality": null, "health_facility:type": null, "operator:wikidata": null, "wikidata": null, "wikipedia": null, "internet_access": null, "payment:cash": null, "payment:credit_cards": null, "payment:debit_cards": null, "name:ta": null, "description": null, "level": null, "addr:suburb": null, "image": null, "building": null, "alt_name": null, "name:tn": null, "comment": null, "mobile": null, "contact:phone": null, "short_name": null, "bus_covered": false, "true_metro_dist": 1102.7364104257576, "metro_covered": false, "metro_covered_red_only": false, "metro_covered_either_line": false }, "geometry": { "type": "Point", "coordinates": [ 80.2497784, 13.0015495 ] } },
{ "type": "Feature", "properties": { "element": "node", "id": 7257289123, "addr:block": "Thiruvannamalai", "addr:city": null, "addr:district": "Tiruvannamalai", "addr:full": "Arani Road, Chetpet, Dharmaraja Kovil Street", "addr:postcode": "606801", "addr:state": "Tamil Nadu", "amenity": "hospital", "healthcare": "hospital", "name": "Suraj Hospital", "source": "OpenGovernmentData", "check_date": null, "created_by": null, "addr:subdistrict": null, "email": null, "operator:type": null, "website": null, "addr:street": null, "phone": null, "wheelchair": null, "opening_hours": null, "addr:interpolation": null, "designation": null, "emergency": null, "addr:housename": null, "addr:housenumber": null, "note": null, "operator": null, "is_in": null, "name:en": null, "healthcare:speciality": null, "health_facility:type": null, "operator:wikidata": null, "wikidata": null, "wikipedia": null, "internet_access": null, "payment:cash": null, "payment:credit_cards": null, "payment:debit_cards": null, "name:ta": null, "description": null, "level": null, "addr:suburb": null, "image": null, "building": null, "alt_name": null, "name:tn": null, "comment": null, "mobile": null, "contact:phone": null, "short_name": null, "bus_covered": true, "true_metro_dist": 999999.0, "metro_covered": false, "metro_covered_red_only": false, "metro_covered_either_line": false }, "geometry": { "type": "Point", "coordinates": [ 80.1967559, 12.9107782 ] } },
{ "type": "Feature", "properties": { "element": "node", "id": 7822259985, "addr:block": null, "addr:city": null, "addr:district": "Chengalpattu", "addr:full": "Oggiyamduraipakkam", "addr:postcode": "600097", "addr:state": "Tamil Nadu", "amenity": "clinic", "healthcare": null, "name": "Sri Kumaran Clinic", "source": "Local Knowledge", "check_date": null, "created_by": null, "addr:subdistrict": null, "email": null, "operator:type": null, "website": null, "addr:street": null, "phone": null, "wheelchair": null, "opening_hours": null, "addr:interpolation": null, "designation": null, "emergency": null, "addr:housename": null, "addr:housenumber": null, "note": null, "operator": null, "is_in": null, "name:en": null, "healthcare:speciality": null, "health_facility:type": null, "operator:wikidata": null, "wikidata": null, "wikipedia": null, "internet_access": null, "payment:cash": null, "payment:credit_cards": null, "payment:debit_cards": null, "name:ta": null, "description": null, "level": null, "addr:suburb": null, "image": null, "building": null, "alt_name": null, "name:tn": null, "comment": null, "mobile": null, "contact:phone": null, "short_name": null, "bus_covered": true, "true_metro_dist": 505.66670841768797, "metro_covered": false, "metro_covered_red_only": false, "metro_covered_either_line": false }, "geometry": { "type": "Point", "coordinates": [ 80.2370143, 12.9428602 ] } },
{ "type": "Feature", "properties": { "element": "node", "id": 7822259986, "addr:block": null, "addr:city": null, "addr:district": "Chengalpattu", "addr:full": "Elcot Sez, Sholinganallur", "addr:postcode": "600119", "addr:state": "Tamil Nadu", "amenity": "hospital", "healthcare": "hospital", "name": "HCL Health Care", "source": "Local Knowledge", "check_date": null, "created_by": null, "addr:subdistrict": null, "email": null, "operator:type": null, "website": null, "addr:street": null, "phone": null, "wheelchair": null, "opening_hours": null, "addr:interpolation": null, "designation": null, "emergency": null, "addr:housename": null, "addr:housenumber": null, "note": null, "operator": null, "is_in": null, "name:en": null, "healthcare:speciality": null, "health_facility:type": null, "operator:wikidata": null, "wikidata": null, "wikipedia": null, "internet_access": null, "payment:cash": null, "payment:credit_cards": null, "payment:debit_cards": null, "name:ta": null, "description": null, "level": null, "addr:suburb": null, "image": null, "building": null, "alt_name": null, "name:tn": null, "comment": null, "mobile": null, "contact:phone": null, "short_name": null, "bus_covered": false, "true_metro_dist": 999999.0, "metro_covered": false, "metro_covered_red_only": true, "metro_covered_either_line": true }, "geometry": { "type": "Point", "coordinates": [ 80.216804, 12.9044723 ] } },
{ "type": "Feature", "properties": { "element": "node", "id": 7822259989, "addr:block": null, "addr:city": null, "addr:district": "Chengalpattu", "addr:full": "Thoraipakkam", "addr:postcode": "600097", "addr:state": "Tamil Nadu", "amenity": "clinic", "healthcare": "clinic", "name": "Jayadeva Fertility Centre and Women's Hospital", "source": "Local Knowledge", "check_date": null, "created_by": null, "addr:subdistrict": null, "email": null, "operator:type": null, "website": null, "addr:street": null, "phone": null, "wheelchair": null, "opening_hours": null, "addr:interpolation": null, "designation": null, "emergency": null, "addr:housename": null, "addr:housenumber": null, "note": null, "operator": null, "is_in": null, "name:en": null, "healthcare:speciality": null, "health_facility:type": null, "operator:wikidata": null, "wikidata": null, "wikipedia": null, "internet_access": null, "payment:cash": null, "payment:credit_cards": null, "payment:debit_cards": null, "name:ta": null, "description": null, "level": null, "addr:suburb": null, "image": null, "building": null, "alt_name": null, "name:tn": null, "comment": null, "mobile": null, "contact:phone": null, "short_name": null, "bus_covered": true, "true_metro_dist": 1236.8503328633578, "metro_covered": false, "metro_covered_red_only": false, "metro_covered_either_line": false }, "geometry": { "type": "Point", "coordinates": [ 80.2327258, 12.9347551 ] } },
{ "type": "Feature", "properties": { "element": "node", "id": 7822259990, "addr:block": null, "addr:city": null, "addr:district": "Chengalpattu", "addr:full": "Oggiyamduraipakkam", "addr:postcode": "600097", "addr:state": "Tamil Nadu", "amenity": "clinic", "healthcare": null, "name": "GV's Good Health Centre", "source": "Local Knowledge", "check_date": null, "created_by": null, "addr:subdistrict": null, "email": null, "operator:type": null, "website": null, "addr:street": null, "phone": null, "wheelchair": null, "opening_hours": null, "addr:interpolation": null, "designation": null, "emergency": null, "addr:housename": null, "addr:housenumber": null, "note": null, "operator": null, "is_in": null, "name:en": null, "healthcare:speciality": null, "health_facility:type": null, "operator:wikidata": null, "wikidata": null, "wikipedia": null, "internet_access": null, "payment:cash": null, "payment:credit_cards": null, "payment:debit_cards": null, "name:ta": null, "description": null, "level": null, "addr:suburb": null, "image": null, "building": null, "alt_name": null, "name:tn": null, "comment": null, "mobile": null, "contact:phone": null, "short_name": null, "bus_covered": false, "true_metro_dist": 953.42711323678554, "metro_covered": false, "metro_covered_red_only": false, "metro_covered_either_line": false }, "geometry": { "type": "Point", "coordinates": [ 80.2361968, 12.9458692 ] } },
{ "type": "Feature", "properties": { "element": "node", "id": 7822259992, "addr:block": null, "addr:city": null, "addr:district": "Chengalpattu", "addr:full": "Sholinganallur", "addr:postcode": "600119", "addr:state": "Tamil Nadu", "amenity": "hospital", "healthcare": null, "name": "Centre For Vision and Eye Surgery", "source": "Local Knowledge", "check_date": null, "created_by": null, "addr:subdistrict": null, "email": null, "operator:type": null, "website": null, "addr:street": null, "phone": null, "wheelchair": null, "opening_hours": null, "addr:interpolation": null, "designation": null, "emergency": null, "addr:housename": null, "addr:housenumber": null, "note": null, "operator": null, "is_in": null, "name:en": null, "healthcare:speciality": null, "health_facility:type": null, "operator:wikidata": null, "wikidata": null, "wikipedia": null, "internet_access": null, "payment:cash": null, "payment:credit_cards": null, "payment:debit_cards": null, "name:ta": null, "description": null, "level": null, "addr:suburb": null, "image": null, "building": null, "alt_name": null, "name:tn": null, "comment": null, "mobile": null, "contact:phone": null, "short_name": null, "bus_covered": false, "true_metro_dist": 807.50483952150535, "metro_covered": false, "metro_covered_red_only": false, "metro_covered_either_line": false }, "geometry": { "type": "Point", "coordinates": [ 80.2233057, 12.8948311 ] } },
{ "type": "Feature", "properties": { "element": "node", "id": 7822259995, "addr:block": null, "addr:city": null, "addr:district": "Chengalpattu", "addr:full": "Karappakam", "addr:postcode": "600097", "addr:state": "Tamil Nadu", "amenity": "hospital", "healthcare": "hospital", "name": "Shri Sai Children's Hospital and Dental Clinic", "source": "Local Knowledge", "check_date": null, "created_by": null, "addr:subdistrict": null, "email": null, "operator:type": null, "website": null, "addr:street": null, "phone": null, "wheelchair": null, "opening_hours": null, "addr:interpolation": null, "designation": null, "emergency": null, "addr:housename": null, "addr:housenumber": null, "note": null, "operator": null, "is_in": null, "name:en": null, "healthcare:speciality": null, "health_facility:type": null, "operator:wikidata": null, "wikidata": null, "wikipedia": null, "internet_access": null, "payment:cash": null, "payment:credit_cards": null, "payment:debit_cards": null, "name:ta": null, "description": null, "level": null, "addr:suburb": null, "image": null, "building": null, "alt_name": null, "name:tn": null, "comment": null, "mobile": null, "contact:phone": null, "short_name": null, "bus_covered": true, "true_metro_dist": 187.12911465895445, "metro_covered": true, "metro_covered_red_only": false, "metro_covered_either_line": true }, "geometry": { "type": "Point", "coordinates": [ 80.229384, 12.912214 ] } },
{ "type": "Feature", "properties": { "element": "node", "id": 7822259996, "addr:block": null, "addr:city": null, "addr:district": "Chengalpattu", "addr:full": "Oggiyamduraipakkam", "addr:postcode": "600097", "addr:state": "Tamil Nadu", "amenity": "clinic", "healthcare": "clinic", "name": "Sara Skin Clinic", "source": "Local Knowledge", "check_date": null, "created_by": null, "addr:subdistrict": null, "email": null, "operator:type": null, "website": null, "addr:street": null, "phone": null, "wheelchair": null, "opening_hours": null, "addr:interpolation": null, "designation": null, "emergency": null, "addr:housename": null, "addr:housenumber": null, "note": null, "operator": null, "is_in": null, "name:en": null, "healthcare:speciality": null, "health_facility:type": null, "operator:wikidata": null, "wikidata": null, "wikipedia": null, "internet_access": null, "payment:cash": null, "payment:credit_cards": null, "payment:debit_cards": null, "name:ta": null, "description": null, "level": null, "addr:suburb": null, "image": null, "building": null, "alt_name": null, "name:tn": null, "comment": null, "mobile": null, "contact:phone": null, "short_name": null, "bus_covered": true, "true_metro_dist": 343.72916660694193, "metro_covered": true, "metro_covered_red_only": false, "metro_covered_either_line": true }, "geometry": { "type": "Point", "coordinates": [ 80.233537, 12.933657 ] } },
{ "type": "Feature", "properties": { "element": "node", "id": 7822259998, "addr:block": null, "addr:city": null, "addr:district": "Chengalpattu", "addr:full": "Raj Nagar, Oggiyamduraipakkam", "addr:postcode": "600097", "addr:state": "Tamil Nadu", "amenity": "clinic", "healthcare": "clinic", "name": "Eashwar Multispeciality Clinic", "source": "Local Knowledge", "check_date": null, "created_by": null, "addr:subdistrict": null, "email": null, "operator:type": null, "website": null, "addr:street": null, "phone": null, "wheelchair": null, "opening_hours": null, "addr:interpolation": null, "designation": null, "emergency": null, "addr:housename": null, "addr:housenumber": null, "note": null, "operator": null, "is_in": null, "name:en": null, "healthcare:speciality": null, "health_facility:type": null, "operator:wikidata": null, "wikidata": null, "wikipedia": null, "internet_access": null, "payment:cash": null, "payment:credit_cards": null, "payment:debit_cards": null, "name:ta": null, "description": null, "level": null, "addr:suburb": null, "image": null, "building": null, "alt_name": null, "name:tn": null, "comment": null, "mobile": null, "contact:phone": null, "short_name": null, "bus_covered": false, "true_metro_dist": 404.84940474774822, "metro_covered": true, "metro_covered_red_only": false, "metro_covered_either_line": true }, "geometry": { "type": "Point", "coordinates": [ 80.2355344, 12.9338927 ] } },
{ "type": "Feature", "properties": { "element": "node", "id": 7822260006, "addr:block": null, "addr:city": null, "addr:district": "Chengalpattu", "addr:full": "Sholinganallur", "addr:postcode": "600119", "addr:state": "Tamil Nadu", "amenity": "clinic", "healthcare": "clinic", "name": "Tharamai Child Care Clinic", "source": "Local Knowledge", "check_date": null, "created_by": null, "addr:subdistrict": null, "email": null, "operator:type": null, "website": null, "addr:street": null, "phone": null, "wheelchair": null, "opening_hours": null, "addr:interpolation": null, "designation": null, "emergency": null, "addr:housename": null, "addr:housenumber": null, "note": null, "operator": null, "is_in": null, "name:en": null, "healthcare:speciality": null, "health_facility:type": null, "operator:wikidata": null, "wikidata": null, "wikipedia": null, "internet_access": null, "payment:cash": null, "payment:credit_cards": null, "payment:debit_cards": null, "name:ta": null, "description": null, "level": null, "addr:suburb": null, "image": null, "building": null, "alt_name": null, "name:tn": null, "comment": null, "mobile": null, "contact:phone": null, "short_name": null, "bus_covered": false, "true_metro_dist": 1094.6829267093326, "metro_covered": false, "metro_covered_red_only": false, "metro_covered_either_line": false }, "geometry": { "type": "Point", "coordinates": [ 80.2326608, 12.9020392 ] } },
{ "type": "Feature", "properties": { "element": "node", "id": 7822260009, "addr:block": null, "addr:city": null, "addr:district": "Chengalpattu", "addr:full": "Bhagat Singh Nagar", "addr:postcode": "600097", "addr:state": "Tamil Nadu", "amenity": "hospital", "healthcare": "hospital", "name": "SV Hospital", "source": "Local Knowledge", "check_date": null, "created_by": null, "addr:subdistrict": null, "email": null, "operator:type": null, "website": null, "addr:street": null, "phone": null, "wheelchair": null, "opening_hours": null, "addr:interpolation": null, "designation": null, "emergency": null, "addr:housename": null, "addr:housenumber": null, "note": null, "operator": null, "is_in": null, "name:en": null, "healthcare:speciality": null, "health_facility:type": null, "operator:wikidata": null, "wikidata": null, "wikipedia": null, "internet_access": null, "payment:cash": null, "payment:credit_cards": null, "payment:debit_cards": null, "name:ta": null, "description": null, "level": null, "addr:suburb": null, "image": null, "building": null, "alt_name": null, "name:tn": null, "comment": null, "mobile": null, "contact:phone": null, "short_name": null, "bus_covered": false, "true_metro_dist": 572.19735911459702, "metro_covered": false, "metro_covered_red_only": false, "metro_covered_either_line": false }, "geometry": { "type": "Point", "coordinates": [ 80.2326252, 12.9319677 ] } },
{ "type": "Feature", "properties": { "element": "node", "id": 7822260010, "addr:block": null, "addr:city": null, "addr:district": "Chengalpattu", "addr:full": null, "addr:postcode": "600097", "addr:state": "Tamil Nadu", "amenity": "clinic", "healthcare": "clinic", "name": "Apollo Clinic", "source": "Local Knowledge", "check_date": null, "created_by": null, "addr:subdistrict": null, "email": null, "operator:type": null, "website": null, "addr:street": null, "phone": null, "wheelchair": null, "opening_hours": null, "addr:interpolation": null, "designation": null, "emergency": null, "addr:housename": null, "addr:housenumber": null, "note": null, "operator": null, "is_in": null, "name:en": null, "healthcare:speciality": null, "health_facility:type": null, "operator:wikidata": null, "wikidata": null, "wikipedia": null, "internet_access": null, "payment:cash": null, "payment:credit_cards": null, "payment:debit_cards": null, "name:ta": null, "description": null, "level": null, "addr:suburb": null, "image": null, "building": null, "alt_name": null, "name:tn": null, "comment": null, "mobile": null, "contact:phone": null, "short_name": null, "bus_covered": true, "true_metro_dist": 1046.31044129572, "metro_covered": false, "metro_covered_red_only": false, "metro_covered_either_line": false }, "geometry": { "type": "Point", "coordinates": [ 80.2331464, 12.9337566 ] } },
{ "type": "Feature", "properties": { "element": "node", "id": 7822260012, "addr:block": null, "addr:city": null, "addr:district": "Chengalpattu", "addr:full": "Ezhil Nagar, Sholinganallur", "addr:postcode": "600119", "addr:state": "Tamil Nadu", "amenity": "clinic", "healthcare": "clinic", "name": "Dr. Nithiya Clinic", "source": "Local Knowledge", "check_date": null, "created_by": null, "addr:subdistrict": null, "email": null, "operator:type": null, "website": null, "addr:street": null, "phone": null, "wheelchair": null, "opening_hours": null, "addr:interpolation": null, "designation": null, "emergency": null, "addr:housename": null, "addr:housenumber": null, "note": null, "operator": null, "is_in": null, "name:en": null, "healthcare:speciality": null, "health_facility:type": null, "operator:wikidata": null, "wikidata": null, "wikipedia": null, "internet_access": null, "payment:cash": null, "payment:credit_cards": null, "payment:debit_cards": null, "name:ta": null, "description": null, "level": null, "addr:suburb": null, "image": null, "building": null, "alt_name": null, "name:tn": null, "comment": null, "mobile": null, "contact:phone": null, "short_name": null, "bus_covered": true, "true_metro_dist": 978.91035482376344, "metro_covered": false, "metro_covered_red_only": true, "metro_covered_either_line": true }, "geometry": { "type": "Point", "coordinates": [ 80.228171, 12.8994432 ] } },
{ "type": "Feature", "properties": { "element": "node", "id": 7822260020, "addr:block": null, "addr:city": null, "addr:district": "Chengalpattu", "addr:full": "Mettukuppam, Oggiyamduraipakkam", "addr:postcode": "600097", "addr:state": "Tamil Nadu", "amenity": "clinic", "healthcare": null, "name": "Rayar Clinic", "source": "Local Knowledge", "check_date": null, "created_by": null, "addr:subdistrict": null, "email": null, "operator:type": null, "website": null, "addr:street": null, "phone": null, "wheelchair": null, "opening_hours": null, "addr:interpolation": null, "designation": null, "emergency": null, "addr:housename": null, "addr:housenumber": null, "note": null, "operator": null, "is_in": null, "name:en": null, "healthcare:speciality": null, "health_facility:type": null, "operator:wikidata": null, "wikidata": null, "wikipedia": null, "internet_access": null, "payment:cash": null, "payment:credit_cards": null, "payment:debit_cards": null, "name:ta": null, "description": null, "level": null, "addr:suburb": null, "image": null, "building": null, "alt_name": null, "name:tn": null, "comment": null, "mobile": null, "contact:phone": null, "short_name": null, "bus_covered": true, "true_metro_dist": 711.07118588476249, "metro_covered": false, "metro_covered_red_only": false, "metro_covered_either_line": false }, "geometry": { "type": "Point", "coordinates": [ 80.2397616, 12.9424446 ] } },
{ "type": "Feature", "properties": { "element": "node", "id": 7822260021, "addr:block": null, "addr:city": null, "addr:district": "Chengalpattu", "addr:full": "Thoraipakkam", "addr:postcode": "600097", "addr:state": "Tamil Nadu", "amenity": "hospital", "healthcare": null, "name": "Jayam Hospital", "source": "Local Knowledge", "check_date": null, "created_by": null, "addr:subdistrict": null, "email": null, "operator:type": null, "website": null, "addr:street": null, "phone": null, "wheelchair": null, "opening_hours": null, "addr:interpolation": null, "designation": null, "emergency": null, "addr:housename": null, "addr:housenumber": null, "note": null, "operator": null, "is_in": null, "name:en": null, "healthcare:speciality": null, "health_facility:type": null, "operator:wikidata": null, "wikidata": null, "wikipedia": null, "internet_access": null, "payment:cash": null, "payment:credit_cards": null, "payment:debit_cards": null, "name:ta": null, "description": null, "level": null, "addr:suburb": null, "image": null, "building": null, "alt_name": null, "name:tn": null, "comment": null, "mobile": null, "contact:phone": null, "short_name": null, "bus_covered": false, "true_metro_dist": 1120.6674109455932, "metro_covered": false, "metro_covered_red_only": false, "metro_covered_either_line": false }, "geometry": { "type": "Point", "coordinates": [ 80.2381651, 12.9498749 ] } },
{ "type": "Feature", "properties": { "element": "node", "id": 7822260028, "addr:block": null, "addr:city": null, "addr:district": "Chengalpattu", "addr:full": "Oggiyamduraipakkam", "addr:postcode": "600097", "addr:state": "Tamil Nadu", "amenity": "clinic", "healthcare": "clinic", "name": "H.K. Clinic", "source": "Local Knowledge", "check_date": null, "created_by": null, "addr:subdistrict": null, "email": null, "operator:type": null, "website": null, "addr:street": null, "phone": null, "wheelchair": null, "opening_hours": null, "addr:interpolation": null, "designation": null, "emergency": null, "addr:housename": null, "addr:housenumber": null, "note": null, "operator": null, "is_in": null, "name:en": null, "healthcare:speciality": null, "health_facility:type": null, "operator:wikidata": null, "wikidata": null, "wikipedia": null, "internet_access": null, "payment:cash": null, "payment:credit_cards": null, "payment:debit_cards": null, "name:ta": null, "description": null, "level": null, "addr:suburb": null, "image": null, "building": null, "alt_name": null, "name:tn": null, "comment": null, "mobile": null, "contact:phone": null, "short_name": null, "bus_covered": true, "true_metro_dist": 436.29088765169115, "metro_covered": true, "metro_covered_red_only": false, "metro_covered_either_line": true }, "geometry": { "type": "Point", "coordinates": [ 80.2344666, 12.9334179 ] } },
{ "type": "Feature", "properties": { "element": "node", "id": 7822260033, "addr:block": null, "addr:city": null, "addr:district": "Chengalpattu", "addr:full": "Oggiyamduraipakkam", "addr:postcode": "600097", "addr:state": "Tamil Nadu", "amenity": "hospital", "healthcare": null, "name": "Dhanvantri Multi Speciality", "source": "Local Knowledge", "check_date": null, "created_by": null, "addr:subdistrict": null, "email": null, "operator:type": null, "website": null, "addr:street": null, "phone": null, "wheelchair": null, "opening_hours": null, "addr:interpolation": null, "designation": null, "emergency": null, "addr:housename": null, "addr:housenumber": null, "note": null, "operator": null, "is_in": null, "name:en": null, "healthcare:speciality": null, "health_facility:type": null, "operator:wikidata": null, "wikidata": null, "wikipedia": null, "internet_access": null, "payment:cash": null, "payment:credit_cards": null, "payment:debit_cards": null, "name:ta": null, "description": null, "level": null, "addr:suburb": null, "image": null, "building": null, "alt_name": null, "name:tn": null, "comment": null, "mobile": null, "contact:phone": null, "short_name": null, "bus_covered": true, "true_metro_dist": 1171.369183982227, "metro_covered": false, "metro_covered_red_only": false, "metro_covered_either_line": false }, "geometry": { "type": "Point", "coordinates": [ 80.2412342, 12.9402236 ] } },
{ "type": "Feature", "properties": { "element": "node", "id": 7822260044, "addr:block": null, "addr:city": null, "addr:district": "Chengalpattu", "addr:full": "Sholinganallur", "addr:postcode": "600097", "addr:state": "Tamil Nadu", "amenity": "hospital", "healthcare": "hospital", "name": "Swaram Hospital and Speciality Clinic", "source": "Local Knowledge", "check_date": null, "created_by": null, "addr:subdistrict": null, "email": null, "operator:type": null, "website": null, "addr:street": null, "phone": null, "wheelchair": null, "opening_hours": null, "addr:interpolation": null, "designation": null, "emergency": null, "addr:housename": null, "addr:housenumber": null, "note": null, "operator": null, "is_in": null, "name:en": null, "healthcare:speciality": null, "health_facility:type": null, "operator:wikidata": null, "wikidata": null, "wikipedia": null, "internet_access": null, "payment:cash": null, "payment:credit_cards": null, "payment:debit_cards": null, "name:ta": null, "description": null, "level": null, "addr:suburb": null, "image": null, "building": null, "alt_name": null, "name:tn": null, "comment": null, "mobile": null, "contact:phone": null, "short_name": null, "bus_covered": false, "true_metro_dist": 876.32480749914509, "metro_covered": false, "metro_covered_red_only": true, "metro_covered_either_line": true }, "geometry": { "type": "Point", "coordinates": [ 80.2286, 12.9011793 ] } },
{ "type": "Feature", "properties": { "element": "node", "id": 7822260046, "addr:block": null, "addr:city": null, "addr:district": "Chengalpattu", "addr:full": "Oggiyamduraipakkam", "addr:postcode": "600097", "addr:state": "Tamil Nadu", "amenity": "clinic", "healthcare": "clinic", "name": "Angel Child Clinic", "source": "Local Knowledge", "check_date": null, "created_by": null, "addr:subdistrict": null, "email": null, "operator:type": null, "website": null, "addr:street": null, "phone": null, "wheelchair": null, "opening_hours": null, "addr:interpolation": null, "designation": null, "emergency": null, "addr:housename": null, "addr:housenumber": null, "note": null, "operator": null, "is_in": null, "name:en": null, "healthcare:speciality": null, "health_facility:type": null, "operator:wikidata": null, "wikidata": null, "wikipedia": null, "internet_access": null, "payment:cash": null, "payment:credit_cards": null, "payment:debit_cards": null, "name:ta": null, "description": null, "level": null, "addr:suburb": null, "image": null, "building": null, "alt_name": null, "name:tn": null, "comment": null, "mobile": null, "contact:phone": null, "short_name": null, "bus_covered": true, "true_metro_dist": 483.28030227147303, "metro_covered": true, "metro_covered_red_only": false, "metro_covered_either_line": true }, "geometry": { "type": "Point", "coordinates": [ 80.2345155, 12.9330206 ] } },
{ "type": "Feature", "properties": { "element": "node", "id": 7822260048, "addr:block": null, "addr:city": null, "addr:district": "Chengalpattu", "addr:full": "Karappakam", "addr:postcode": "600097", "addr:state": "Tamil Nadu", "amenity": "clinic", "healthcare": "clinic", "name": "Cure and Care Family Clinic", "source": "Local Knowledge", "check_date": null, "created_by": null, "addr:subdistrict": null, "email": null, "operator:type": null, "website": null, "addr:street": null, "phone": null, "wheelchair": null, "opening_hours": null, "addr:interpolation": null, "designation": null, "emergency": null, "addr:housename": null, "addr:housenumber": null, "note": null, "operator": null, "is_in": null, "name:en": null, "healthcare:speciality": null, "health_facility:type": null, "operator:wikidata": null, "wikidata": null, "wikipedia": null, "internet_access": null, "payment:cash": null, "payment:credit_cards": null, "payment:debit_cards": null, "name:ta": null, "description": null, "level": null, "addr:suburb": null, "image": null, "building": null, "alt_name": null, "name:tn": null, "comment": null, "mobile": null, "contact:phone": null, "short_name": null, "bus_covered": true, "true_metro_dist": 420.67968483074367, "metro_covered": true, "metro_covered_red_only": false, "metro_covered_either_line": true }, "geometry": { "type": "Point", "coordinates": [ 80.2321791, 12.9136451 ] } },
{ "type": "Feature", "properties": { "element": "node", "id": 7822543403, "addr:block": null, "addr:city": null, "addr:district": "Chengalpattu", "addr:full": "Jalladiampet, Medavakkam", "addr:postcode": "600100", "addr:state": "Tamil Nadu", "amenity": "clinic", "healthcare": null, "name": "Sri Vinayaga Clinic", "source": "Local Knowledge", "check_date": null, "created_by": null, "addr:subdistrict": null, "email": null, "operator:type": null, "website": null, "addr:street": null, "phone": null, "wheelchair": null, "opening_hours": null, "addr:interpolation": null, "designation": null, "emergency": null, "addr:housename": null, "addr:housenumber": null, "note": null, "operator": null, "is_in": null, "name:en": null, "healthcare:speciality": null, "health_facility:type": null, "operator:wikidata": null, "wikidata": null, "wikipedia": null, "internet_access": null, "payment:cash": null, "payment:credit_cards": null, "payment:debit_cards": null, "name:ta": null, "description": null, "level": null, "addr:suburb": null, "image": null, "building": null, "alt_name": null, "name:tn": null, "comment": null, "mobile": null, "contact:phone": null, "short_name": null, "bus_covered": false, "true_metro_dist": 999999.0, "metro_covered": false, "metro_covered_red_only": false, "metro_covered_either_line": false }, "geometry": { "type": "Point", "coordinates": [ 80.2015489, 12.9208368 ] } },
{ "type": "Feature", "properties": { "element": "node", "id": 7822543413, "addr:block": null, "addr:city": null, "addr:district": "Chengalpattu", "addr:full": "Pallikaranai", "addr:postcode": "600100", "addr:state": "Tamil Nadu", "amenity": "clinic", "healthcare": "clinic", "name": "Cuticle Skin Care Clinic", "source": "Local Knowledge", "check_date": null, "created_by": null, "addr:subdistrict": null, "email": null, "operator:type": null, "website": null, "addr:street": null, "phone": null, "wheelchair": null, "opening_hours": null, "addr:interpolation": null, "designation": null, "emergency": null, "addr:housename": null, "addr:housenumber": null, "note": null, "operator": null, "is_in": null, "name:en": null, "healthcare:speciality": null, "health_facility:type": null, "operator:wikidata": null, "wikidata": null, "wikipedia": null, "internet_access": null, "payment:cash": null, "payment:credit_cards": null, "payment:debit_cards": null, "name:ta": null, "description": null, "level": null, "addr:suburb": null, "image": null, "building": null, "alt_name": null, "name:tn": null, "comment": null, "mobile": null, "contact:phone": null, "short_name": null, "bus_covered": true, "true_metro_dist": 999999.0, "metro_covered": false, "metro_covered_red_only": false, "metro_covered_either_line": false }, "geometry": { "type": "Point", "coordinates": [ 80.202681, 12.928255 ] } },
{ "type": "Feature", "properties": { "element": "node", "id": 7822543422, "addr:block": null, "addr:city": null, "addr:district": "Chengalpattu", "addr:full": "Pallikaranai", "addr:postcode": "600100", "addr:state": "Tamil Nadu", "amenity": "clinic", "healthcare": null, "name": "Janya Child Clinic", "source": "Local Knowledge", "check_date": null, "created_by": null, "addr:subdistrict": null, "email": null, "operator:type": null, "website": null, "addr:street": null, "phone": null, "wheelchair": null, "opening_hours": null, "addr:interpolation": null, "designation": null, "emergency": null, "addr:housename": null, "addr:housenumber": null, "note": null, "operator": null, "is_in": null, "name:en": null, "healthcare:speciality": null, "health_facility:type": null, "operator:wikidata": null, "wikidata": null, "wikipedia": null, "internet_access": null, "payment:cash": null, "payment:credit_cards": null, "payment:debit_cards": null, "name:ta": null, "description": null, "level": null, "addr:suburb": null, "image": null, "building": null, "alt_name": null, "name:tn": null, "comment": null, "mobile": null, "contact:phone": null, "short_name": null, "bus_covered": false, "true_metro_dist": 999999.0, "metro_covered": false, "metro_covered_red_only": false, "metro_covered_either_line": false }, "geometry": { "type": "Point", "coordinates": [ 80.2008099, 12.9287243 ] } },
{ "type": "Feature", "properties": { "element": "node", "id": 7822543425, "addr:block": null, "addr:city": null, "addr:district": "Chengalpattu", "addr:full": "Medavakkam", "addr:postcode": "600100", "addr:state": "Tamil Nadu", "amenity": "clinic", "healthcare": null, "name": "Shree's Women Speciality Clinic", "source": "Local Knowledge", "check_date": null, "created_by": null, "addr:subdistrict": null, "email": null, "operator:type": null, "website": null, "addr:street": null, "phone": null, "wheelchair": null, "opening_hours": null, "addr:interpolation": null, "designation": null, "emergency": null, "addr:housename": null, "addr:housenumber": null, "note": null, "operator": null, "is_in": null, "name:en": null, "healthcare:speciality": null, "health_facility:type": null, "operator:wikidata": null, "wikidata": null, "wikipedia": null, "internet_access": null, "payment:cash": null, "payment:credit_cards": null, "payment:debit_cards": null, "name:ta": null, "description": null, "level": null, "addr:suburb": null, "image": null, "building": null, "alt_name": null, "name:tn": null, "comment": null, "mobile": null, "contact:phone": null, "short_name": null, "bus_covered": true, "true_metro_dist": 999999.0, "metro_covered": false, "metro_covered_red_only": false, "metro_covered_either_line": false }, "geometry": { "type": "Point", "coordinates": [ 80.2017237, 12.926507 ] } },
{ "type": "Feature", "properties": { "element": "node", "id": 7822543455, "addr:block": null, "addr:city": null, "addr:district": "Chengalpattu", "addr:full": "Devi Karumariamman Nagar, Pallikaranai", "addr:postcode": "600100", "addr:state": "Tamil Nadu", "amenity": "hospital", "healthcare": "hospital", "name": "Muthu Multi Speciality Hospital and Pharmacy", "source": "Local Knowledge", "check_date": null, "created_by": null, "addr:subdistrict": null, "email": null, "operator:type": null, "website": null, "addr:street": null, "phone": null, "wheelchair": null, "opening_hours": null, "addr:interpolation": null, "designation": null, "emergency": null, "addr:housename": null, "addr:housenumber": null, "note": null, "operator": null, "is_in": null, "name:en": null, "healthcare:speciality": null, "health_facility:type": null, "operator:wikidata": null, "wikidata": null, "wikipedia": null, "internet_access": null, "payment:cash": null, "payment:credit_cards": null, "payment:debit_cards": null, "name:ta": null, "description": null, "level": null, "addr:suburb": null, "image": null, "building": null, "alt_name": null, "name:tn": null, "comment": null, "mobile": null, "contact:phone": null, "short_name": null, "bus_covered": false, "true_metro_dist": 999999.0, "metro_covered": false, "metro_covered_red_only": false, "metro_covered_either_line": false }, "geometry": { "type": "Point", "coordinates": [ 80.200805, 12.928263 ] } },
{ "type": "Feature", "properties": { "element": "node", "id": 7822543501, "addr:block": null, "addr:city": null, "addr:district": "Chengalpattu", "addr:full": "Pallikaranai", "addr:postcode": "600100", "addr:state": "Tamil Nadu", "amenity": "hospital", "healthcare": "hospital", "name": "V Cure Hospital", "source": "Local Knowledge", "check_date": null, "created_by": null, "addr:subdistrict": null, "email": null, "operator:type": null, "website": null, "addr:street": null, "phone": null, "wheelchair": null, "opening_hours": null, "addr:interpolation": null, "designation": null, "emergency": null, "addr:housename": null, "addr:housenumber": null, "note": null, "operator": null, "is_in": null, "name:en": null, "healthcare:speciality": null, "health_facility:type": null, "operator:wikidata": null, "wikidata": null, "wikipedia": null, "internet_access": null, "payment:cash": null, "payment:credit_cards": null, "payment:debit_cards": null, "name:ta": null, "description": null, "level": null, "addr:suburb": null, "image": null, "building": null, "alt_name": null, "name:tn": null, "comment": null, "mobile": null, "contact:phone": null, "short_name": null, "bus_covered": true, "true_metro_dist": 999999.0, "metro_covered": false, "metro_covered_red_only": false, "metro_covered_either_line": false }, "geometry": { "type": "Point", "coordinates": [ 80.199546, 12.9280452 ] } },
{ "type": "Feature", "properties": { "element": "node", "id": 7823212559, "addr:block": null, "addr:city": null, "addr:district": "Chengalpattu", "addr:full": "Valmiki Nagar, Kannappa Nagar, Thiruvanmiyur", "addr:postcode": "600041", "addr:state": "Tamil Nadu", "amenity": "hospital", "healthcare": "hospital", "name": "Shakthi Hospital", "source": "Local Knowledge", "check_date": null, "created_by": null, "addr:subdistrict": null, "email": null, "operator:type": null, "website": null, "addr:street": null, "phone": null, "wheelchair": null, "opening_hours": null, "addr:interpolation": null, "designation": null, "emergency": null, "addr:housename": null, "addr:housenumber": null, "note": null, "operator": null, "is_in": null, "name:en": null, "healthcare:speciality": null, "health_facility:type": null, "operator:wikidata": null, "wikidata": null, "wikipedia": null, "internet_access": null, "payment:cash": null, "payment:credit_cards": null, "payment:debit_cards": null, "name:ta": null, "description": null, "level": null, "addr:suburb": null, "image": null, "building": null, "alt_name": null, "name:tn": null, "comment": null, "mobile": null, "contact:phone": null, "short_name": null, "bus_covered": false, "true_metro_dist": 928.55625018082412, "metro_covered": false, "metro_covered_red_only": false, "metro_covered_either_line": false }, "geometry": { "type": "Point", "coordinates": [ 80.2543198, 12.9753651 ] } },
{ "type": "Feature", "properties": { "element": "node", "id": 7823212565, "addr:block": null, "addr:city": null, "addr:district": "Chengalpattu", "addr:full": "Thiruvanmiyur", "addr:postcode": "600041", "addr:state": "Tamil Nadu", "amenity": "clinic", "healthcare": "clinic", "name": "Dani Physio Clinic", "source": "Local Knowledge", "check_date": null, "created_by": null, "addr:subdistrict": null, "email": null, "operator:type": null, "website": null, "addr:street": null, "phone": null, "wheelchair": null, "opening_hours": null, "addr:interpolation": null, "designation": null, "emergency": null, "addr:housename": null, "addr:housenumber": null, "note": null, "operator": null, "is_in": null, "name:en": null, "healthcare:speciality": null, "health_facility:type": null, "operator:wikidata": null, "wikidata": null, "wikipedia": null, "internet_access": null, "payment:cash": null, "payment:credit_cards": null, "payment:debit_cards": null, "name:ta": null, "description": null, "level": null, "addr:suburb": null, "image": null, "building": null, "alt_name": null, "name:tn": null, "comment": null, "mobile": null, "contact:phone": null, "short_name": null, "bus_covered": false, "true_metro_dist": 999999.0, "metro_covered": false, "metro_covered_red_only": false, "metro_covered_either_line": false }, "geometry": { "type": "Point", "coordinates": [ 80.2604704, 12.9728845 ] } },
{ "type": "Feature", "properties": { "element": "node", "id": 7823212570, "addr:block": null, "addr:city": null, "addr:district": "Chengalpattu", "addr:full": "Thiruvanmiyur", "addr:postcode": "600041", "addr:state": "Tamil Nadu", "amenity": "hospital", "healthcare": "hospital", "name": "Hale and Healthy Hospitals", "source": "Local Knowledge", "check_date": null, "created_by": null, "addr:subdistrict": null, "email": null, "operator:type": null, "website": null, "addr:street": null, "phone": null, "wheelchair": null, "opening_hours": null, "addr:interpolation": null, "designation": null, "emergency": null, "addr:housename": null, "addr:housenumber": null, "note": null, "operator": null, "is_in": null, "name:en": null, "healthcare:speciality": null, "health_facility:type": null, "operator:wikidata": null, "wikidata": null, "wikipedia": null, "internet_access": null, "payment:cash": null, "payment:credit_cards": null, "payment:debit_cards": null, "name:ta": null, "description": null, "level": null, "addr:suburb": null, "image": null, "building": null, "alt_name": null, "name:tn": null, "comment": null, "mobile": null, "contact:phone": null, "short_name": null, "bus_covered": true, "true_metro_dist": 999999.0, "metro_covered": false, "metro_covered_red_only": false, "metro_covered_either_line": false }, "geometry": { "type": "Point", "coordinates": [ 80.2590077, 12.9757686 ] } },
{ "type": "Feature", "properties": { "element": "node", "id": 7823212571, "addr:block": null, "addr:city": null, "addr:district": "Chengalpattu", "addr:full": "Thiruvanmiyur", "addr:postcode": "600041", "addr:state": "Tamil Nadu", "amenity": "clinic", "healthcare": "clinic", "name": "Noble Super Speciality Clinic", "source": "Local Knowledge", "check_date": null, "created_by": null, "addr:subdistrict": null, "email": null, "operator:type": null, "website": null, "addr:street": null, "phone": null, "wheelchair": null, "opening_hours": null, "addr:interpolation": null, "designation": null, "emergency": null, "addr:housename": null, "addr:housenumber": null, "note": null, "operator": null, "is_in": null, "name:en": null, "healthcare:speciality": null, "health_facility:type": null, "operator:wikidata": null, "wikidata": null, "wikipedia": null, "internet_access": null, "payment:cash": null, "payment:credit_cards": null, "payment:debit_cards": null, "name:ta": null, "description": null, "level": null, "addr:suburb": null, "image": null, "building": null, "alt_name": null, "name:tn": null, "comment": null, "mobile": null, "contact:phone": null, "short_name": null, "bus_covered": true, "true_metro_dist": 999999.0, "metro_covered": false, "metro_covered_red_only": false, "metro_covered_either_line": false }, "geometry": { "type": "Point", "coordinates": [ 80.2594925, 12.9752589 ] } },
{ "type": "Feature", "properties": { "element": "node", "id": 7823212572, "addr:block": null, "addr:city": null, "addr:district": "Chengalpattu", "addr:full": "Thiruvanmiyur", "addr:postcode": "600041", "addr:state": "Tamil Nadu", "amenity": "clinic", "healthcare": "clinic", "name": "Turiya Care", "source": "Local Knowledge", "check_date": null, "created_by": null, "addr:subdistrict": null, "email": null, "operator:type": null, "website": null, "addr:street": null, "phone": null, "wheelchair": null, "opening_hours": null, "addr:interpolation": null, "designation": null, "emergency": null, "addr:housename": null, "addr:housenumber": null, "note": null, "operator": null, "is_in": null, "name:en": null, "healthcare:speciality": null, "health_facility:type": null, "operator:wikidata": null, "wikidata": null, "wikipedia": null, "internet_access": null, "payment:cash": null, "payment:credit_cards": null, "payment:debit_cards": null, "name:ta": null, "description": null, "level": null, "addr:suburb": null, "image": null, "building": null, "alt_name": null, "name:tn": null, "comment": null, "mobile": null, "contact:phone": null, "short_name": null, "bus_covered": false, "true_metro_dist": 1055.2509240617806, "metro_covered": false, "metro_covered_red_only": false, "metro_covered_either_line": false }, "geometry": { "type": "Point", "coordinates": [ 80.2555078, 12.9753853 ] } },
{ "type": "Feature", "properties": { "element": "node", "id": 7823212598, "addr:block": null, "addr:city": null, "addr:district": "Chengalpattu", "addr:full": "Palkalai Nagar, Palavakkam", "addr:postcode": "600041", "addr:state": "Tamil Nadu", "amenity": "clinic", "healthcare": "clinic", "name": "Dr. Aleem's Homoeo Clinic", "source": "Local Knowledge", "check_date": null, "created_by": null, "addr:subdistrict": null, "email": null, "operator:type": null, "website": null, "addr:street": null, "phone": null, "wheelchair": null, "opening_hours": null, "addr:interpolation": null, "designation": null, "emergency": null, "addr:housename": null, "addr:housenumber": null, "note": null, "operator": null, "is_in": null, "name:en": null, "healthcare:speciality": null, "health_facility:type": null, "operator:wikidata": null, "wikidata": null, "wikipedia": null, "internet_access": null, "payment:cash": null, "payment:credit_cards": null, "payment:debit_cards": null, "name:ta": null, "description": null, "level": null, "addr:suburb": null, "image": null, "building": null, "alt_name": null, "name:tn": null, "comment": null, "mobile": null, "contact:phone": null, "short_name": null, "bus_covered": false, "true_metro_dist": 999999.0, "metro_covered": false, "metro_covered_red_only": false, "metro_covered_either_line": false }, "geometry": { "type": "Point", "coordinates": [ 80.2591196, 12.9653707 ] } },
{ "type": "Feature", "properties": { "element": "node", "id": 7823212607, "addr:block": null, "addr:city": null, "addr:district": "Chengalpattu", "addr:full": "Kottivakkam, Near Tiruvanmiyur", "addr:postcode": "600041", "addr:state": "Tamil Nadu", "amenity": "hospital", "healthcare": "hospital", "name": "Promed Hospital", "source": "Local Knowledge", "check_date": null, "created_by": null, "addr:subdistrict": null, "email": null, "operator:type": null, "website": null, "addr:street": null, "phone": null, "wheelchair": null, "opening_hours": null, "addr:interpolation": null, "designation": null, "emergency": null, "addr:housename": null, "addr:housenumber": null, "note": null, "operator": null, "is_in": null, "name:en": null, "healthcare:speciality": null, "health_facility:type": null, "operator:wikidata": null, "wikidata": null, "wikipedia": null, "internet_access": null, "payment:cash": null, "payment:credit_cards": null, "payment:debit_cards": null, "name:ta": null, "description": null, "level": null, "addr:suburb": null, "image": null, "building": null, "alt_name": null, "name:tn": null, "comment": null, "mobile": null, "contact:phone": null, "short_name": null, "bus_covered": false, "true_metro_dist": 1394.0403413006752, "metro_covered": false, "metro_covered_red_only": false, "metro_covered_either_line": false }, "geometry": { "type": "Point", "coordinates": [ 80.2582571, 12.9751423 ] } },
{ "type": "Feature", "properties": { "element": "node", "id": 7823212610, "addr:block": null, "addr:city": null, "addr:district": "Chengalpattu", "addr:full": "Kottivakkam", "addr:postcode": "600041", "addr:state": "Tamil Nadu", "amenity": "hospital", "healthcare": "hospital", "name": "Happy Clinic Hospital", "source": "Local Knowledge", "check_date": null, "created_by": null, "addr:subdistrict": null, "email": null, "operator:type": null, "website": null, "addr:street": null, "phone": null, "wheelchair": null, "opening_hours": null, "addr:interpolation": null, "designation": null, "emergency": null, "addr:housename": null, "addr:housenumber": null, "note": null, "operator": null, "is_in": null, "name:en": null, "healthcare:speciality": null, "health_facility:type": null, "operator:wikidata": null, "wikidata": null, "wikipedia": null, "internet_access": null, "payment:cash": null, "payment:credit_cards": null, "payment:debit_cards": null, "name:ta": null, "description": null, "level": null, "addr:suburb": null, "image": null, "building": null, "alt_name": null, "name:tn": null, "comment": null, "mobile": null, "contact:phone": null, "short_name": null, "bus_covered": true, "true_metro_dist": 1349.1138158498363, "metro_covered": false, "metro_covered_red_only": false, "metro_covered_either_line": false }, "geometry": { "type": "Point", "coordinates": [ 80.2566138, 12.9693629 ] } },
{ "type": "Feature", "properties": { "element": "node", "id": 7823212613, "addr:block": null, "addr:city": null, "addr:district": "Chengalpattu", "addr:full": "Karpagambal Nagar, Kottivakkam", "addr:postcode": "600041", "addr:state": "Tamil Nadu", "amenity": "clinic", "healthcare": "clinic", "name": "Smiles Nature Cure", "source": "Local Knowledge", "check_date": null, "created_by": null, "addr:subdistrict": null, "email": null, "operator:type": null, "website": null, "addr:street": null, "phone": null, "wheelchair": null, "opening_hours": null, "addr:interpolation": null, "designation": null, "emergency": null, "addr:housename": null, "addr:housenumber": null, "note": null, "operator": null, "is_in": null, "name:en": null, "healthcare:speciality": null, "health_facility:type": null, "operator:wikidata": null, "wikidata": null, "wikipedia": null, "internet_access": null, "payment:cash": null, "payment:credit_cards": null, "payment:debit_cards": null, "name:ta": null, "description": null, "level": null, "addr:suburb": null, "image": null, "building": null, "alt_name": null, "name:tn": null, "comment": null, "mobile": null, "contact:phone": null, "short_name": null, "bus_covered": false, "true_metro_dist": 999999.0, "metro_covered": false, "metro_covered_red_only": false, "metro_covered_either_line": false }, "geometry": { "type": "Point", "coordinates": [ 80.2595079, 12.9726702 ] } },
{ "type": "Feature", "properties": { "element": "node", "id": 7823415015, "addr:block": null, "addr:city": null, "addr:district": "Chennai", "addr:full": "Kamaraj Nagar, Thiruvanmiyur", "addr:postcode": "600041", "addr:state": "Tamil Nadu", "amenity": "clinic", "healthcare": "clinic", "name": "Sri Sai Clinic", "source": "Local Knowledge", "check_date": null, "created_by": null, "addr:subdistrict": null, "email": null, "operator:type": null, "website": null, "addr:street": null, "phone": null, "wheelchair": null, "opening_hours": null, "addr:interpolation": null, "designation": null, "emergency": null, "addr:housename": null, "addr:housenumber": null, "note": null, "operator": null, "is_in": null, "name:en": null, "healthcare:speciality": null, "health_facility:type": null, "operator:wikidata": null, "wikidata": null, "wikipedia": null, "internet_access": null, "payment:cash": null, "payment:credit_cards": null, "payment:debit_cards": null, "name:ta": null, "description": null, "level": null, "addr:suburb": null, "image": null, "building": null, "alt_name": null, "name:tn": null, "comment": null, "mobile": null, "contact:phone": null, "short_name": null, "bus_covered": true, "true_metro_dist": 1191.431132319819, "metro_covered": false, "metro_covered_red_only": false, "metro_covered_either_line": false }, "geometry": { "type": "Point", "coordinates": [ 80.25394940000001, 12.9829583 ] } },
{ "type": "Feature", "properties": { "element": "node", "id": 7823415018, "addr:block": null, "addr:city": null, "addr:district": "Chennai", "addr:full": "Besant Nagar", "addr:postcode": "600090", "addr:state": "Tamil Nadu", "amenity": "clinic", "healthcare": "clinic", "name": "Synapse Pain and Spine Clinic", "source": "Local Knowledge", "check_date": null, "created_by": null, "addr:subdistrict": null, "email": null, "operator:type": null, "website": null, "addr:street": null, "phone": null, "wheelchair": null, "opening_hours": null, "addr:interpolation": null, "designation": null, "emergency": null, "addr:housename": null, "addr:housenumber": null, "note": null, "operator": null, "is_in": null, "name:en": null, "healthcare:speciality": null, "health_facility:type": null, "operator:wikidata": null, "wikidata": null, "wikipedia": null, "internet_access": null, "payment:cash": null, "payment:credit_cards": null, "payment:debit_cards": null, "name:ta": null, "description": null, "level": null, "addr:suburb": null, "image": null, "building": null, "alt_name": null, "name:tn": null, "comment": null, "mobile": null, "contact:phone": null, "short_name": null, "bus_covered": false, "true_metro_dist": 999999.0, "metro_covered": false, "metro_covered_red_only": false, "metro_covered_either_line": false }, "geometry": { "type": "Point", "coordinates": [ 80.2660055, 12.9956385 ] } },
{ "type": "Feature", "properties": { "element": "node", "id": 7823415020, "addr:block": null, "addr:city": null, "addr:district": "Chennai", "addr:full": "Radhakrishnan Nagar, Thiruvanmiyur", "addr:postcode": "600041", "addr:state": "Tamil Nadu", "amenity": "hospital", "healthcare": "hospital", "name": "Corporation Hospital", "source": "Local Knowledge", "check_date": null, "created_by": null, "addr:subdistrict": null, "email": null, "operator:type": null, "website": null, "addr:street": null, "phone": null, "wheelchair": null, "opening_hours": null, "addr:interpolation": null, "designation": null, "emergency": null, "addr:housename": null, "addr:housenumber": null, "note": null, "operator": null, "is_in": null, "name:en": null, "healthcare:speciality": null, "health_facility:type": null, "operator:wikidata": null, "wikidata": null, "wikipedia": null, "internet_access": null, "payment:cash": null, "payment:credit_cards": null, "payment:debit_cards": null, "name:ta": null, "description": null, "level": null, "addr:suburb": null, "image": null, "building": null, "alt_name": null, "name:tn": null, "comment": null, "mobile": null, "contact:phone": null, "short_name": null, "bus_covered": false, "true_metro_dist": 1364.4237573150165, "metro_covered": false, "metro_covered_red_only": false, "metro_covered_either_line": false }, "geometry": { "type": "Point", "coordinates": [ 80.2615046, 12.9915347 ] } },
{ "type": "Feature", "properties": { "element": "node", "id": 7823415021, "addr:block": null, "addr:city": null, "addr:district": "Chennai", "addr:full": "Thiruvanmiyur", "addr:postcode": "600041", "addr:state": "Tamil Nadu", "amenity": "hospital", "healthcare": "hospital", "name": "Relief Dental Hospitals", "source": "Local Knowledge", "check_date": null, "created_by": null, "addr:subdistrict": null, "email": null, "operator:type": null, "website": null, "addr:street": null, "phone": null, "wheelchair": null, "opening_hours": null, "addr:interpolation": null, "designation": null, "emergency": null, "addr:housename": null, "addr:housenumber": null, "note": null, "operator": null, "is_in": null, "name:en": null, "healthcare:speciality": null, "health_facility:type": null, "operator:wikidata": null, "wikidata": null, "wikipedia": null, "internet_access": null, "payment:cash": null, "payment:credit_cards": null, "payment:debit_cards": null, "name:ta": null, "description": null, "level": null, "addr:suburb": null, "image": null, "building": null, "alt_name": null, "name:tn": null, "comment": null, "mobile": null, "contact:phone": null, "short_name": null, "bus_covered": true, "true_metro_dist": 999999.0, "metro_covered": false, "metro_covered_red_only": false, "metro_covered_either_line": false }, "geometry": { "type": "Point", "coordinates": [ 80.258947, 12.978253 ] } },
{ "type": "Feature", "properties": { "element": "node", "id": 7823415022, "addr:block": null, "addr:city": null, "addr:district": "Chennai", "addr:full": "Besant Nagar", "addr:postcode": "600090", "addr:state": "Tamil Nadu", "amenity": "clinic", "healthcare": "clinic", "name": "RR Clinic", "source": "Local Knowledge", "check_date": null, "created_by": null, "addr:subdistrict": null, "email": null, "operator:type": null, "website": null, "addr:street": null, "phone": null, "wheelchair": null, "opening_hours": null, "addr:interpolation": null, "designation": null, "emergency": null, "addr:housename": null, "addr:housenumber": null, "note": null, "operator": null, "is_in": null, "name:en": null, "healthcare:speciality": null, "health_facility:type": null, "operator:wikidata": null, "wikidata": null, "wikipedia": null, "internet_access": null, "payment:cash": null, "payment:credit_cards": null, "payment:debit_cards": null, "name:ta": null, "description": null, "level": null, "addr:suburb": null, "image": null, "building": null, "alt_name": null, "name:tn": null, "comment": null, "mobile": null, "contact:phone": null, "short_name": null, "bus_covered": false, "true_metro_dist": 999999.0, "metro_covered": false, "metro_covered_red_only": false, "metro_covered_either_line": false }, "geometry": { "type": "Point", "coordinates": [ 80.2630762, 12.9960029 ] } },
{ "type": "Feature", "properties": { "element": "node", "id": 7823415023, "addr:block": null, "addr:city": null, "addr:district": "Chennai", "addr:full": "Besant Nagar", "addr:postcode": "600090", "addr:state": "Tamil Nadu", "amenity": "clinic", "healthcare": "clinic", "name": "Dr. Baranee's Sukra Diabetes Care", "source": "Local Knowledge", "check_date": null, "created_by": null, "addr:subdistrict": null, "email": null, "operator:type": null, "website": null, "addr:street": null, "phone": null, "wheelchair": null, "opening_hours": null, "addr:interpolation": null, "designation": null, "emergency": null, "addr:housename": null, "addr:housenumber": null, "note": null, "operator": null, "is_in": null, "name:en": null, "healthcare:speciality": null, "health_facility:type": null, "operator:wikidata": null, "wikidata": null, "wikipedia": null, "internet_access": null, "payment:cash": null, "payment:credit_cards": null, "payment:debit_cards": null, "name:ta": null, "description": null, "level": null, "addr:suburb": null, "image": null, "building": null, "alt_name": null, "name:tn": null, "comment": null, "mobile": null, "contact:phone": null, "short_name": null, "bus_covered": true, "true_metro_dist": 999999.0, "metro_covered": false, "metro_covered_red_only": false, "metro_covered_either_line": false }, "geometry": { "type": "Point", "coordinates": [ 80.2682429, 12.9954269 ] } },
{ "type": "Feature", "properties": { "element": "node", "id": 7823415025, "addr:block": null, "addr:city": null, "addr:district": "Chennai", "addr:full": "Chennai", "addr:postcode": "600041", "addr:state": "Tamil Nadu", "amenity": "clinic", "healthcare": "clinic", "name": "Best Siddha Clinic", "source": "Local Knowledge", "check_date": null, "created_by": null, "addr:subdistrict": null, "email": null, "operator:type": null, "website": null, "addr:street": null, "phone": null, "wheelchair": null, "opening_hours": null, "addr:interpolation": null, "designation": null, "emergency": null, "addr:housename": null, "addr:housenumber": null, "note": null, "operator": null, "is_in": null, "name:en": null, "healthcare:speciality": null, "health_facility:type": null, "operator:wikidata": null, "wikidata": null, "wikipedia": null, "internet_access": null, "payment:cash": null, "payment:credit_cards": null, "payment:debit_cards": null, "name:ta": null, "description": null, "level": null, "addr:suburb": null, "image": null, "building": null, "alt_name": null, "name:tn": null, "comment": null, "mobile": null, "contact:phone": null, "short_name": null, "bus_covered": true, "true_metro_dist": 1396.4604510368974, "metro_covered": false, "metro_covered_red_only": false, "metro_covered_either_line": false }, "geometry": { "type": "Point", "coordinates": [ 80.2622141, 12.9866722 ] } },
{ "type": "Feature", "properties": { "element": "node", "id": 7823415030, "addr:block": null, "addr:city": null, "addr:district": "Chennai", "addr:full": "Kamaraj Nagar, Thiruvanmiyur", "addr:postcode": "600041", "addr:state": "Tamil Nadu", "amenity": "clinic", "healthcare": "clinic", "name": "Drabaranam Pulmonology Clinic", "source": "Local Knowledge", "check_date": null, "created_by": null, "addr:subdistrict": null, "email": null, "operator:type": null, "website": null, "addr:street": null, "phone": null, "wheelchair": null, "opening_hours": null, "addr:interpolation": null, "designation": null, "emergency": null, "addr:housename": null, "addr:housenumber": null, "note": null, "operator": null, "is_in": null, "name:en": null, "healthcare:speciality": null, "health_facility:type": null, "operator:wikidata": null, "wikidata": null, "wikipedia": null, "internet_access": null, "payment:cash": null, "payment:credit_cards": null, "payment:debit_cards": null, "name:ta": null, "description": null, "level": null, "addr:suburb": null, "image": null, "building": null, "alt_name": null, "name:tn": null, "comment": null, "mobile": null, "contact:phone": null, "short_name": null, "bus_covered": true, "true_metro_dist": 1153.8231261006274, "metro_covered": false, "metro_covered_red_only": false, "metro_covered_either_line": false }, "geometry": { "type": "Point", "coordinates": [ 80.2601508, 12.9863661 ] } },
{ "type": "Feature", "properties": { "element": "node", "id": 7823415031, "addr:block": null, "addr:city": null, "addr:district": "Chennai", "addr:full": "Thiruvalluvar Nagar, Thiruvanmiyur", "addr:postcode": "600041", "addr:state": "Tamil Nadu", "amenity": "clinic", "healthcare": "clinic", "name": "Jeeva ENT Clinic", "source": "Local Knowledge", "check_date": null, "created_by": null, "addr:subdistrict": null, "email": null, "operator:type": null, "website": null, "addr:street": null, "phone": null, "wheelchair": null, "opening_hours": null, "addr:interpolation": null, "designation": null, "emergency": null, "addr:housename": null, "addr:housenumber": null, "note": null, "operator": null, "is_in": null, "name:en": null, "healthcare:speciality": null, "health_facility:type": null, "operator:wikidata": null, "wikidata": null, "wikipedia": null, "internet_access": null, "payment:cash": null, "payment:credit_cards": null, "payment:debit_cards": null, "name:ta": null, "description": null, "level": null, "addr:suburb": null, "image": null, "building": null, "alt_name": null, "name:tn": null, "comment": null, "mobile": null, "contact:phone": null, "short_name": null, "bus_covered": false, "true_metro_dist": 999999.0, "metro_covered": false, "metro_covered_red_only": false, "metro_covered_either_line": false }, "geometry": { "type": "Point", "coordinates": [ 80.2595179, 12.9796957 ] } },
{ "type": "Feature", "properties": { "element": "node", "id": 7823415035, "addr:block": null, "addr:city": null, "addr:district": "Chennai", "addr:full": "Ambedkar Nagar, Kamaraj Nagar, Thiruvanmiyur", "addr:postcode": "600041", "addr:state": "Tamil Nadu", "amenity": "clinic", "healthcare": "clinic", "name": "Leela Eye Clinic", "source": "Local Knowledge", "check_date": null, "created_by": null, "addr:subdistrict": null, "email": null, "operator:type": null, "website": null, "addr:street": null, "phone": null, "wheelchair": null, "opening_hours": null, "addr:interpolation": null, "designation": null, "emergency": null, "addr:housename": null, "addr:housenumber": null, "note": null, "operator": null, "is_in": null, "name:en": null, "healthcare:speciality": null, "health_facility:type": null, "operator:wikidata": null, "wikidata": null, "wikipedia": null, "internet_access": null, "payment:cash": null, "payment:credit_cards": null, "payment:debit_cards": null, "name:ta": null, "description": null, "level": null, "addr:suburb": null, "image": null, "building": null, "alt_name": null, "name:tn": null, "comment": null, "mobile": null, "contact:phone": null, "short_name": null, "bus_covered": false, "true_metro_dist": 999999.0, "metro_covered": false, "metro_covered_red_only": false, "metro_covered_either_line": false }, "geometry": { "type": "Point", "coordinates": [ 80.2585613, 12.985598 ] } },
{ "type": "Feature", "properties": { "element": "node", "id": 7823415044, "addr:block": null, "addr:city": null, "addr:district": "Chennai", "addr:full": "Kalakshetra Colony, Besant Nagar", "addr:postcode": "600090", "addr:state": "Tamil Nadu", "amenity": "clinic", "healthcare": "clinic", "name": "The Chennai Speciality Clinic", "source": "Local Knowledge", "check_date": null, "created_by": null, "addr:subdistrict": null, "email": null, "operator:type": null, "website": null, "addr:street": null, "phone": null, "wheelchair": null, "opening_hours": null, "addr:interpolation": null, "designation": null, "emergency": null, "addr:housename": null, "addr:housenumber": null, "note": null, "operator": null, "is_in": null, "name:en": null, "healthcare:speciality": null, "health_facility:type": null, "operator:wikidata": null, "wikidata": null, "wikipedia": null, "internet_access": null, "payment:cash": null, "payment:credit_cards": null, "payment:debit_cards": null, "name:ta": null, "description": null, "level": null, "addr:suburb": null, "image": null, "building": null, "alt_name": null, "name:tn": null, "comment": null, "mobile": null, "contact:phone": null, "short_name": null, "bus_covered": true, "true_metro_dist": 999999.0, "metro_covered": false, "metro_covered_red_only": false, "metro_covered_either_line": false }, "geometry": { "type": "Point", "coordinates": [ 80.2629482, 12.9949549 ] } },
{ "type": "Feature", "properties": { "element": "node", "id": 7823415045, "addr:block": null, "addr:city": null, "addr:district": "Chennai", "addr:full": "Rajaji Nagar, Thiruvanmiyur", "addr:postcode": "600041", "addr:state": "Tamil Nadu", "amenity": "clinic", "healthcare": "clinic", "name": "The Madras Pain Clinic", "source": "Local Knowledge", "check_date": null, "created_by": null, "addr:subdistrict": null, "email": null, "operator:type": null, "website": null, "addr:street": null, "phone": null, "wheelchair": null, "opening_hours": null, "addr:interpolation": null, "designation": null, "emergency": null, "addr:housename": null, "addr:housenumber": null, "note": null, "operator": null, "is_in": null, "name:en": null, "healthcare:speciality": null, "health_facility:type": null, "operator:wikidata": null, "wikidata": null, "wikipedia": null, "internet_access": null, "payment:cash": null, "payment:credit_cards": null, "payment:debit_cards": null, "name:ta": null, "description": null, "level": null, "addr:suburb": null, "image": null, "building": null, "alt_name": null, "name:tn": null, "comment": null, "mobile": null, "contact:phone": null, "short_name": null, "bus_covered": true, "true_metro_dist": 999999.0, "metro_covered": false, "metro_covered_red_only": false, "metro_covered_either_line": false }, "geometry": { "type": "Point", "coordinates": [ 80.2584981, 12.9790513 ] } },
{ "type": "Feature", "properties": { "element": "node", "id": 7823415049, "addr:block": null, "addr:city": null, "addr:district": "Chennai", "addr:full": "Kamaraj Nagar, Thiruvanmiyur", "addr:postcode": "600041", "addr:state": "Tamil Nadu", "amenity": "hospital", "healthcare": "hospital", "name": "SMK Hospital", "source": "Local Knowledge", "check_date": null, "created_by": null, "addr:subdistrict": null, "email": null, "operator:type": null, "website": null, "addr:street": null, "phone": null, "wheelchair": null, "opening_hours": null, "addr:interpolation": null, "designation": null, "emergency": null, "addr:housename": null, "addr:housenumber": null, "note": null, "operator": null, "is_in": null, "name:en": null, "healthcare:speciality": null, "health_facility:type": null, "operator:wikidata": null, "wikidata": null, "wikipedia": null, "internet_access": null, "payment:cash": null, "payment:credit_cards": null, "payment:debit_cards": null, "name:ta": null, "description": null, "level": null, "addr:suburb": null, "image": null, "building": null, "alt_name": null, "name:tn": null, "comment": null, "mobile": null, "contact:phone": null, "short_name": null, "bus_covered": true, "true_metro_dist": 1153.0133490281551, "metro_covered": false, "metro_covered_red_only": false, "metro_covered_either_line": false }, "geometry": { "type": "Point", "coordinates": [ 80.260187, 12.986383 ] } },
{ "type": "Feature", "properties": { "element": "node", "id": 7823415053, "addr:block": null, "addr:city": null, "addr:district": "Chennai", "addr:full": "Kamaraj Nagar, Thiruvanmiyur", "addr:postcode": "600041", "addr:state": "Tamil Nadu", "amenity": "clinic", "healthcare": "clinic", "name": "Dr. Kavitha Iyer's Orthodontics & Dental Centre", "source": "Local Knowledge", "check_date": null, "created_by": null, "addr:subdistrict": null, "email": null, "operator:type": null, "website": null, "addr:street": null, "phone": null, "wheelchair": null, "opening_hours": null, "addr:interpolation": null, "designation": null, "emergency": null, "addr:housename": null, "addr:housenumber": null, "note": null, "operator": null, "is_in": null, "name:en": null, "healthcare:speciality": null, "health_facility:type": null, "operator:wikidata": null, "wikidata": null, "wikipedia": null, "internet_access": null, "payment:cash": null, "payment:credit_cards": null, "payment:debit_cards": null, "name:ta": null, "description": null, "level": null, "addr:suburb": null, "image": null, "building": null, "alt_name": null, "name:tn": null, "comment": null, "mobile": null, "contact:phone": null, "short_name": null, "bus_covered": true, "true_metro_dist": 1156.2442871375085, "metro_covered": false, "metro_covered_red_only": false, "metro_covered_either_line": false }, "geometry": { "type": "Point", "coordinates": [ 80.2559655, 12.9832651 ] } },
{ "type": "Feature", "properties": { "element": "node", "id": 7823415056, "addr:block": null, "addr:city": null, "addr:district": "Chennai", "addr:full": "Radhakrishnan Nagar, Thiruvanmiyur", "addr:postcode": "600041", "addr:state": "Tamil Nadu", "amenity": "hospital", "healthcare": "hospital", "name": "Uma Sankaran Siddha Hospital", "source": "Local Knowledge", "check_date": null, "created_by": null, "addr:subdistrict": null, "email": null, "operator:type": null, "website": null, "addr:street": null, "phone": null, "wheelchair": null, "opening_hours": null, "addr:interpolation": null, "designation": null, "emergency": null, "addr:housename": null, "addr:housenumber": null, "note": null, "operator": null, "is_in": null, "name:en": null, "healthcare:speciality": null, "health_facility:type": null, "operator:wikidata": null, "wikidata": null, "wikipedia": null, "internet_access": null, "payment:cash": null, "payment:credit_cards": null, "payment:debit_cards": null, "name:ta": null, "description": null, "level": null, "addr:suburb": null, "image": null, "building": null, "alt_name": null, "name:tn": null, "comment": null, "mobile": null, "contact:phone": null, "short_name": null, "bus_covered": false, "true_metro_dist": 1554.7795881938832, "metro_covered": false, "metro_covered_red_only": false, "metro_covered_either_line": false }, "geometry": { "type": "Point", "coordinates": [ 80.2624479, 12.9916719 ] } },
{ "type": "Feature", "properties": { "element": "node", "id": 7823415058, "addr:block": null, "addr:city": null, "addr:district": "Chennai", "addr:full": "Thiruvalluvar Nagar, Thiruvanmiyur", "addr:postcode": "600041", "addr:state": "Tamil Nadu", "amenity": "clinic", "healthcare": "clinic", "name": "Vethathiri Maharishi Siddha Clinic", "source": "Local Knowledge", "check_date": null, "created_by": null, "addr:subdistrict": null, "email": null, "operator:type": null, "website": null, "addr:street": null, "phone": null, "wheelchair": null, "opening_hours": null, "addr:interpolation": null, "designation": null, "emergency": null, "addr:housename": null, "addr:housenumber": null, "note": null, "operator": null, "is_in": null, "name:en": null, "healthcare:speciality": null, "health_facility:type": null, "operator:wikidata": null, "wikidata": null, "wikipedia": null, "internet_access": null, "payment:cash": null, "payment:credit_cards": null, "payment:debit_cards": null, "name:ta": null, "description": null, "level": null, "addr:suburb": null, "image": null, "building": null, "alt_name": null, "name:tn": null, "comment": null, "mobile": null, "contact:phone": null, "short_name": null, "bus_covered": false, "true_metro_dist": 999999.0, "metro_covered": false, "metro_covered_red_only": false, "metro_covered_either_line": false }, "geometry": { "type": "Point", "coordinates": [ 80.2643211, 12.9815891 ] } },
{ "type": "Feature", "properties": { "element": "node", "id": 7823415063, "addr:block": null, "addr:city": null, "addr:district": "Chennai", "addr:full": "Kalakshetra Colony, Besant Nagar", "addr:postcode": "600090", "addr:state": "Tamil Nadu", "amenity": "clinic", "healthcare": "clinic", "name": "Akshi Vision Therapy", "source": "Local Knowledge", "check_date": null, "created_by": null, "addr:subdistrict": null, "email": null, "operator:type": null, "website": null, "addr:street": null, "phone": null, "wheelchair": null, "opening_hours": null, "addr:interpolation": null, "designation": null, "emergency": null, "addr:housename": null, "addr:housenumber": null, "note": null, "operator": null, "is_in": null, "name:en": null, "healthcare:speciality": null, "health_facility:type": null, "operator:wikidata": null, "wikidata": null, "wikipedia": null, "internet_access": null, "payment:cash": null, "payment:credit_cards": null, "payment:debit_cards": null, "name:ta": null, "description": null, "level": null, "addr:suburb": null, "image": null, "building": null, "alt_name": null, "name:tn": null, "comment": null, "mobile": null, "contact:phone": null, "short_name": null, "bus_covered": false, "true_metro_dist": 999999.0, "metro_covered": false, "metro_covered_red_only": false, "metro_covered_either_line": false }, "geometry": { "type": "Point", "coordinates": [ 80.2661832, 12.994316 ] } },
{ "type": "Feature", "properties": { "element": "node", "id": 7823415064, "addr:block": null, "addr:city": null, "addr:district": "Chennai", "addr:full": "Netaji Nagar, Thiruvanmiyur", "addr:postcode": "600041", "addr:state": "Tamil Nadu", "amenity": "clinic", "healthcare": "clinic", "name": "Remedy Clinic", "source": "Local Knowledge", "check_date": null, "created_by": null, "addr:subdistrict": null, "email": null, "operator:type": null, "website": null, "addr:street": null, "phone": null, "wheelchair": null, "opening_hours": null, "addr:interpolation": null, "designation": null, "emergency": null, "addr:housename": null, "addr:housenumber": null, "note": null, "operator": null, "is_in": null, "name:en": null, "healthcare:speciality": null, "health_facility:type": null, "operator:wikidata": null, "wikidata": null, "wikipedia": null, "internet_access": null, "payment:cash": null, "payment:credit_cards": null, "payment:debit_cards": null, "name:ta": null, "description": null, "level": null, "addr:suburb": null, "image": null, "building": null, "alt_name": null, "name:tn": null, "comment": null, "mobile": null, "contact:phone": null, "short_name": null, "bus_covered": false, "true_metro_dist": 999999.0, "metro_covered": false, "metro_covered_red_only": false, "metro_covered_either_line": false }, "geometry": { "type": "Point", "coordinates": [ 80.2587762, 12.9767853 ] } },
{ "type": "Feature", "properties": { "element": "node", "id": 7823415067, "addr:block": null, "addr:city": null, "addr:district": "Chennai", "addr:full": "Thiruvalluvar Nagar, Thiruvanmiyur", "addr:postcode": "600041", "addr:state": "Tamil Nadu", "amenity": "clinic", "healthcare": "clinic", "name": "Sri Sai Homoeo Clinic", "source": "Local Knowledge", "check_date": null, "created_by": null, "addr:subdistrict": null, "email": null, "operator:type": null, "website": null, "addr:street": null, "phone": null, "wheelchair": null, "opening_hours": null, "addr:interpolation": null, "designation": null, "emergency": null, "addr:housename": null, "addr:housenumber": null, "note": null, "operator": null, "is_in": null, "name:en": null, "healthcare:speciality": null, "health_facility:type": null, "operator:wikidata": null, "wikidata": null, "wikipedia": null, "internet_access": null, "payment:cash": null, "payment:credit_cards": null, "payment:debit_cards": null, "name:ta": null, "description": null, "level": null, "addr:suburb": null, "image": null, "building": null, "alt_name": null, "name:tn": null, "comment": null, "mobile": null, "contact:phone": null, "short_name": null, "bus_covered": false, "true_metro_dist": 999999.0, "metro_covered": false, "metro_covered_red_only": false, "metro_covered_either_line": false }, "geometry": { "type": "Point", "coordinates": [ 80.261741, 12.982038 ] } },
{ "type": "Feature", "properties": { "element": "node", "id": 7823415072, "addr:block": null, "addr:city": null, "addr:district": "Chennai", "addr:full": "Kamaraj Nagar, Thiruvanmiyur", "addr:postcode": "600041", "addr:state": "Tamil Nadu", "amenity": "clinic", "healthcare": "clinic", "name": "Appasamy Pillai Bone Setting Clinic", "source": "Local Knowledge", "check_date": null, "created_by": null, "addr:subdistrict": null, "email": null, "operator:type": null, "website": null, "addr:street": null, "phone": null, "wheelchair": null, "opening_hours": null, "addr:interpolation": null, "designation": null, "emergency": null, "addr:housename": null, "addr:housenumber": null, "note": null, "operator": null, "is_in": null, "name:en": null, "healthcare:speciality": null, "health_facility:type": null, "operator:wikidata": null, "wikidata": null, "wikipedia": null, "internet_access": null, "payment:cash": null, "payment:credit_cards": null, "payment:debit_cards": null, "name:ta": null, "description": null, "level": null, "addr:suburb": null, "image": null, "building": null, "alt_name": null, "name:tn": null, "comment": null, "mobile": null, "contact:phone": null, "short_name": null, "bus_covered": true, "true_metro_dist": 1189.6373738083139, "metro_covered": false, "metro_covered_red_only": false, "metro_covered_either_line": false }, "geometry": { "type": "Point", "coordinates": [ 80.2543207, 12.9827116 ] } },
{ "type": "Feature", "properties": { "element": "node", "id": 7823415073, "addr:block": null, "addr:city": null, "addr:district": "Chennai", "addr:full": "Thiruvalluvar Nagar, Thiruvanmiyur", "addr:postcode": "600041", "addr:state": "Tamil Nadu", "amenity": "clinic", "healthcare": "clinic", "name": "Tharu Clinic", "source": "Local Knowledge", "check_date": null, "created_by": null, "addr:subdistrict": null, "email": null, "operator:type": null, "website": null, "addr:street": null, "phone": null, "wheelchair": null, "opening_hours": null, "addr:interpolation": null, "designation": null, "emergency": null, "addr:housename": null, "addr:housenumber": null, "note": null, "operator": null, "is_in": null, "name:en": null, "healthcare:speciality": null, "health_facility:type": null, "operator:wikidata": null, "wikidata": null, "wikipedia": null, "internet_access": null, "payment:cash": null, "payment:credit_cards": null, "payment:debit_cards": null, "name:ta": null, "description": null, "level": null, "addr:suburb": null, "image": null, "building": null, "alt_name": null, "name:tn": null, "comment": null, "mobile": null, "contact:phone": null, "short_name": null, "bus_covered": false, "true_metro_dist": 999999.0, "metro_covered": false, "metro_covered_red_only": false, "metro_covered_either_line": false }, "geometry": { "type": "Point", "coordinates": [ 80.2638733, 12.9812766 ] } },
{ "type": "Feature", "properties": { "element": "node", "id": 7823415074, "addr:block": null, "addr:city": null, "addr:district": "Chennai", "addr:full": "Radhakrishnan Nagar, Adyar", "addr:postcode": "600041", "addr:state": "Tamil Nadu", "amenity": "clinic", "healthcare": "clinic", "name": "Sujetha Clinic", "source": "Local Knowledge", "check_date": null, "created_by": null, "addr:subdistrict": null, "email": null, "operator:type": null, "website": null, "addr:street": null, "phone": null, "wheelchair": null, "opening_hours": null, "addr:interpolation": null, "designation": null, "emergency": null, "addr:housename": null, "addr:housenumber": null, "note": null, "operator": null, "is_in": null, "name:en": null, "healthcare:speciality": null, "health_facility:type": null, "operator:wikidata": null, "wikidata": null, "wikipedia": null, "internet_access": null, "payment:cash": null, "payment:credit_cards": null, "payment:debit_cards": null, "name:ta": null, "description": null, "level": null, "addr:suburb": null, "image": null, "building": null, "alt_name": null, "name:tn": null, "comment": null, "mobile": null, "contact:phone": null, "short_name": null, "bus_covered": true, "true_metro_dist": 999999.0, "metro_covered": false, "metro_covered_red_only": false, "metro_covered_either_line": false }, "geometry": { "type": "Point", "coordinates": [ 80.2619646, 12.993602 ] } },
{ "type": "Feature", "properties": { "element": "node", "id": 7823415076, "addr:block": null, "addr:city": null, "addr:district": "Chennai", "addr:full": "Saraswathi Nagar, Thiruvanmiyur", "addr:postcode": "600041", "addr:state": "Tamil Nadu", "amenity": "clinic", "healthcare": "clinic", "name": "Dr. K.Chandra ENT Clinic", "source": "Local Knowledge", "check_date": null, "created_by": null, "addr:subdistrict": null, "email": null, "operator:type": null, "website": null, "addr:street": null, "phone": null, "wheelchair": null, "opening_hours": null, "addr:interpolation": null, "designation": null, "emergency": null, "addr:housename": null, "addr:housenumber": null, "note": null, "operator": null, "is_in": null, "name:en": null, "healthcare:speciality": null, "health_facility:type": null, "operator:wikidata": null, "wikidata": null, "wikipedia": null, "internet_access": null, "payment:cash": null, "payment:credit_cards": null, "payment:debit_cards": null, "name:ta": null, "description": null, "level": null, "addr:suburb": null, "image": null, "building": null, "alt_name": null, "name:tn": null, "comment": null, "mobile": null, "contact:phone": null, "short_name": null, "bus_covered": false, "true_metro_dist": 999999.0, "metro_covered": false, "metro_covered_red_only": false, "metro_covered_either_line": false }, "geometry": { "type": "Point", "coordinates": [ 80.2594242, 12.9802929 ] } },
{ "type": "Feature", "properties": { "element": "node", "id": 7823415079, "addr:block": null, "addr:city": null, "addr:district": "Chennai", "addr:full": "Thiruvanmiyur", "addr:postcode": "600041", "addr:state": "Tamil Nadu", "amenity": "clinic", "healthcare": "clinic", "name": "Sri Saradha Eye Clinic", "source": "Local Knowledge", "check_date": null, "created_by": null, "addr:subdistrict": null, "email": null, "operator:type": null, "website": null, "addr:street": null, "phone": null, "wheelchair": null, "opening_hours": null, "addr:interpolation": null, "designation": null, "emergency": null, "addr:housename": null, "addr:housenumber": null, "note": null, "operator": null, "is_in": null, "name:en": null, "healthcare:speciality": null, "health_facility:type": null, "operator:wikidata": null, "wikidata": null, "wikipedia": null, "internet_access": null, "payment:cash": null, "payment:credit_cards": null, "payment:debit_cards": null, "name:ta": null, "description": null, "level": null, "addr:suburb": null, "image": null, "building": null, "alt_name": null, "name:tn": null, "comment": null, "mobile": null, "contact:phone": null, "short_name": null, "bus_covered": false, "true_metro_dist": 1239.2733957518728, "metro_covered": false, "metro_covered_red_only": false, "metro_covered_either_line": false }, "geometry": { "type": "Point", "coordinates": [ 80.2590444, 12.9854883 ] } },
{ "type": "Feature", "properties": { "element": "node", "id": 7823415090, "addr:block": null, "addr:city": null, "addr:district": "Chennai", "addr:full": "Thiruvanmiyur", "addr:postcode": "600041", "addr:state": "Tamil Nadu", "amenity": "clinic", "healthcare": "clinic", "name": "Sreehareeyam Ayurveda", "source": "Local Knowledge", "check_date": null, "created_by": null, "addr:subdistrict": null, "email": null, "operator:type": null, "website": null, "addr:street": null, "phone": null, "wheelchair": null, "opening_hours": null, "addr:interpolation": null, "designation": null, "emergency": null, "addr:housename": null, "addr:housenumber": null, "note": null, "operator": null, "is_in": null, "name:en": null, "healthcare:speciality": null, "health_facility:type": null, "operator:wikidata": null, "wikidata": null, "wikipedia": null, "internet_access": null, "payment:cash": null, "payment:credit_cards": null, "payment:debit_cards": null, "name:ta": null, "description": null, "level": null, "addr:suburb": null, "image": null, "building": null, "alt_name": null, "name:tn": null, "comment": null, "mobile": null, "contact:phone": null, "short_name": null, "bus_covered": true, "true_metro_dist": 999999.0, "metro_covered": false, "metro_covered_red_only": false, "metro_covered_either_line": false }, "geometry": { "type": "Point", "coordinates": [ 80.2580809, 12.9787624 ] } },
{ "type": "Feature", "properties": { "element": "node", "id": 7823415091, "addr:block": null, "addr:city": null, "addr:district": "Chennai", "addr:full": "Kamaraj Nagar, Thiruvanmiyur", "addr:postcode": "600041", "addr:state": "Tamil Nadu", "amenity": "hospital", "healthcare": "hospital", "name": "Ashwini Hospital", "source": "Local Knowledge", "check_date": null, "created_by": null, "addr:subdistrict": null, "email": null, "operator:type": null, "website": null, "addr:street": null, "phone": null, "wheelchair": null, "opening_hours": null, "addr:interpolation": null, "designation": null, "emergency": null, "addr:housename": null, "addr:housenumber": null, "note": null, "operator": null, "is_in": null, "name:en": null, "healthcare:speciality": null, "health_facility:type": null, "operator:wikidata": null, "wikidata": null, "wikipedia": null, "internet_access": null, "payment:cash": null, "payment:credit_cards": null, "payment:debit_cards": null, "name:ta": null, "description": null, "level": null, "addr:suburb": null, "image": null, "building": null, "alt_name": null, "name:tn": null, "comment": null, "mobile": null, "contact:phone": null, "short_name": null, "bus_covered": true, "true_metro_dist": 1149.520686385184, "metro_covered": false, "metro_covered_red_only": false, "metro_covered_either_line": false }, "geometry": { "type": "Point", "coordinates": [ 80.2599586, 12.9890173 ] } },
{ "type": "Feature", "properties": { "element": "node", "id": 11679595256, "addr:block": null, "addr:city": null, "addr:district": null, "addr:full": null, "addr:postcode": null, "addr:state": null, "amenity": "hospital", "healthcare": "hospital", "name": "Jananam fertility centre", "source": null, "check_date": null, "created_by": null, "addr:subdistrict": null, "email": null, "operator:type": null, "website": null, "addr:street": "Kazura Garden, 1st Street", "phone": null, "wheelchair": null, "opening_hours": null, "addr:interpolation": null, "designation": null, "emergency": null, "addr:housename": null, "addr:housenumber": "22/10 11", "note": null, "operator": null, "is_in": null, "name:en": null, "healthcare:speciality": null, "health_facility:type": null, "operator:wikidata": null, "wikidata": null, "wikipedia": null, "internet_access": null, "payment:cash": null, "payment:credit_cards": null, "payment:debit_cards": null, "name:ta": null, "description": null, "level": null, "addr:suburb": null, "image": null, "building": null, "alt_name": null, "name:tn": null, "comment": null, "mobile": null, "contact:phone": null, "short_name": null, "bus_covered": false, "true_metro_dist": 999999.0, "metro_covered": false, "metro_covered_red_only": false, "metro_covered_either_line": false }, "geometry": { "type": "Point", "coordinates": [ 80.2513405, 12.9569147 ] } },
{ "type": "Feature", "properties": { "element": "node", "id": 11804254199, "addr:block": null, "addr:city": null, "addr:district": null, "addr:full": null, "addr:postcode": null, "addr:state": null, "amenity": "hospital", "healthcare": "hospital", "name": "Dental College & Hospital", "source": null, "check_date": null, "created_by": null, "addr:subdistrict": null, "email": null, "operator:type": null, "website": null, "addr:street": null, "phone": null, "wheelchair": null, "opening_hours": null, "addr:interpolation": null, "designation": null, "emergency": "no", "addr:housename": null, "addr:housenumber": null, "note": null, "operator": null, "is_in": null, "name:en": null, "healthcare:speciality": null, "health_facility:type": null, "operator:wikidata": null, "wikidata": null, "wikipedia": null, "internet_access": null, "payment:cash": null, "payment:credit_cards": null, "payment:debit_cards": null, "name:ta": null, "description": null, "level": null, "addr:suburb": null, "image": "https://college4u.in/wp-content/uploads/2017/04/SAT.jpg", "building": null, "alt_name": null, "name:tn": null, "comment": null, "mobile": null, "contact:phone": null, "short_name": null, "bus_covered": false, "true_metro_dist": 361.82561933909005, "metro_covered": true, "metro_covered_red_only": false, "metro_covered_either_line": true }, "geometry": { "type": "Point", "coordinates": [ 80.2233736, 12.8705153 ] } },
{ "type": "Feature", "properties": { "element": "node", "id": 13096237915, "addr:block": null, "addr:city": null, "addr:district": null, "addr:full": null, "addr:postcode": null, "addr:state": null, "amenity": "hospital", "healthcare": "hospital", "name": "Iswarya Fertility Center", "source": null, "check_date": null, "created_by": null, "addr:subdistrict": null, "email": null, "operator:type": null, "website": null, "addr:street": null, "phone": null, "wheelchair": null, "opening_hours": null, "addr:interpolation": null, "designation": null, "emergency": null, "addr:housename": null, "addr:housenumber": null, "note": null, "operator": null, "is_in": null, "name:en": null, "healthcare:speciality": null, "health_facility:type": null, "operator:wikidata": null, "wikidata": null, "wikipedia": null, "internet_access": null, "payment:cash": null, "payment:credit_cards": null, "payment:debit_cards": null, "name:ta": null, "description": null, "level": null, "addr:suburb": null, "image": null, "building": null, "alt_name": null, "name:tn": null, "comment": null, "mobile": null, "contact:phone": null, "short_name": null, "bus_covered": false, "true_metro_dist": 1427.3856972352842, "metro_covered": false, "metro_covered_red_only": false, "metro_covered_either_line": false }, "geometry": { "type": "Point", "coordinates": [ 80.2504829, 13.0064894 ] } },
{ "type": "Feature", "properties": { "element": "node", "id": 13155026101, "addr:block": null, "addr:city": null, "addr:district": null, "addr:full": null, "addr:postcode": null, "addr:state": null, "amenity": "hospital", "healthcare": null, "name": "Good Shepard hospital", "source": null, "check_date": null, "created_by": null, "addr:subdistrict": null, "email": null, "operator:type": null, "website": null, "addr:street": "Taramani Link Road", "phone": null, "wheelchair": null, "opening_hours": "24/7", "addr:interpolation": null, "designation": null, "emergency": null, "addr:housename": null, "addr:housenumber": null, "note": null, "operator": null, "is_in": null, "name:en": null, "healthcare:speciality": null, "health_facility:type": null, "operator:wikidata": null, "wikidata": null, "wikipedia": null, "internet_access": null, "payment:cash": null, "payment:credit_cards": null, "payment:debit_cards": null, "name:ta": null, "description": null, "level": null, "addr:suburb": null, "image": null, "building": null, "alt_name": null, "name:tn": null, "comment": null, "mobile": null, "contact:phone": null, "short_name": null, "bus_covered": true, "true_metro_dist": 999999.0, "metro_covered": false, "metro_covered_red_only": false, "metro_covered_either_line": false }, "geometry": { "type": "Point", "coordinates": [ 80.2343492, 12.9810842 ] } },
{ "type": "Feature", "properties": { "element": "way", "id": 28404807, "addr:block": null, "addr:city": null, "addr:district": null, "addr:full": null, "addr:postcode": null, "addr:state": null, "amenity": "hospital", "healthcare": "hospital", "name": null, "source": null, "check_date": null, "created_by": null, "addr:subdistrict": null, "email": null, "operator:type": null, "website": null, "addr:street": null, "phone": null, "wheelchair": null, "opening_hours": null, "addr:interpolation": null, "designation": null, "emergency": null, "addr:housename": null, "addr:housenumber": null, "note": null, "operator": null, "is_in": null, "name:en": null, "healthcare:speciality": null, "health_facility:type": null, "operator:wikidata": null, "wikidata": null, "wikipedia": null, "internet_access": null, "payment:cash": null, "payment:credit_cards": null, "payment:debit_cards": null, "name:ta": null, "description": null, "level": null, "addr:suburb": null, "image": null, "building": null, "alt_name": null, "name:tn": null, "comment": null, "mobile": null, "contact:phone": null, "short_name": null, "bus_covered": false, "true_metro_dist": 999999.0, "metro_covered": false, "metro_covered_red_only": false, "metro_covered_either_line": false }, "geometry": { "type": "Polygon", "coordinates": [ [ [ 80.2397078, 13.0040368 ], [ 80.2389762, 13.0043431 ], [ 80.2392002, 13.005289 ], [ 80.2396983, 13.0067952 ], [ 80.2404107, 13.0066617 ], [ 80.2400846, 13.0049544 ], [ 80.2397078, 13.0040368 ] ] ] } },
{ "type": "Feature", "properties": { "element": "way", "id": 29046387, "addr:block": null, "addr:city": null, "addr:district": "Chennai", "addr:full": "17,Iv Main Road,Indira Nagar", "addr:postcode": "600020", "addr:state": "Tamil Nadu", "amenity": "hospital", "healthcare": "hospital", "name": "Tt Ranganathan Clinical Research Foundation", "source": "OpenGovernmentData", "check_date": null, "created_by": null, "addr:subdistrict": null, "email": null, "operator:type": null, "website": null, "addr:street": null, "phone": null, "wheelchair": null, "opening_hours": null, "addr:interpolation": null, "designation": null, "emergency": null, "addr:housename": null, "addr:housenumber": null, "note": null, "operator": null, "is_in": null, "name:en": null, "healthcare:speciality": null, "health_facility:type": null, "operator:wikidata": null, "wikidata": null, "wikipedia": null, "internet_access": null, "payment:cash": null, "payment:credit_cards": null, "payment:debit_cards": null, "name:ta": null, "description": null, "level": null, "addr:suburb": null, "image": null, "building": "hospital", "alt_name": null, "name:tn": null, "comment": null, "mobile": null, "contact:phone": null, "short_name": null, "bus_covered": false, "true_metro_dist": 891.84663044629133, "metro_covered": false, "metro_covered_red_only": false, "metro_covered_either_line": false }, "geometry": { "type": "Polygon", "coordinates": [ [ [ 80.255116, 12.9928553 ], [ 80.2550215, 12.9928582 ], [ 80.2550198, 12.9928027 ], [ 80.2549327, 12.9928054 ], [ 80.2549177, 12.9923158 ], [ 80.2549864, 12.9923138 ], [ 80.2549821, 12.9921717 ], [ 80.2549133, 12.9921737 ], [ 80.2549043, 12.99188 ], [ 80.2550607, 12.9918751 ], [ 80.2550621, 12.9919207 ], [ 80.2550872, 12.99192 ], [ 80.2550916, 12.9920617 ], [ 80.2550681, 12.9920624 ], [ 80.255069, 12.9920904 ], [ 80.2550924, 12.9920898 ], [ 80.255116, 12.9928553 ] ] ] } },
{ "type": "Feature", "properties": { "element": "way", "id": 29046742, "addr:block": null, "addr:city": null, "addr:district": "Chennai", "addr:full": "34-37, Kalki Krishnamurthy Salai", "addr:postcode": "600041", "addr:state": "Tamil Nadu", "amenity": "hospital", "healthcare": "hospital", "name": "IMPCOPS Traditional Hospital", "source": "OpenGovernmentData", "check_date": null, "created_by": null, "addr:subdistrict": "Thiruvanmiyur", "email": "contact@impcops.org", "operator:type": "private", "website": "https://impcops.org/", "addr:street": null, "phone": null, "wheelchair": null, "opening_hours": null, "addr:interpolation": null, "designation": null, "emergency": null, "addr:housename": null, "addr:housenumber": null, "note": null, "operator": null, "is_in": null, "name:en": null, "healthcare:speciality": null, "health_facility:type": null, "operator:wikidata": null, "wikidata": null, "wikipedia": null, "internet_access": null, "payment:cash": null, "payment:credit_cards": null, "payment:debit_cards": null, "name:ta": null, "description": null, "level": null, "addr:suburb": null, "image": null, "building": null, "alt_name": null, "name:tn": null, "comment": null, "mobile": null, "contact:phone": null, "short_name": null, "bus_covered": false, "true_metro_dist": 1062.4645450345511, "metro_covered": false, "metro_covered_red_only": false, "metro_covered_either_line": false }, "geometry": { "type": "Polygon", "coordinates": [ [ [ 80.2561934, 12.994073 ], [ 80.2583655, 12.9941283 ], [ 80.2580356, 12.9920327 ], [ 80.2568853, 12.9920711 ], [ 80.2568853, 12.992239 ], [ 80.2561948, 12.9922576 ], [ 80.2561934, 12.994073 ] ] ] } },
{ "type": "Feature", "properties": { "element": "way", "id": 131961841, "addr:block": null, "addr:city": null, "addr:district": null, "addr:full": null, "addr:postcode": null, "addr:state": null, "amenity": "hospital", "healthcare": "hospital", "name": "Ayurveda Hospital", "source": null, "check_date": null, "created_by": null, "addr:subdistrict": null, "email": null, "operator:type": null, "website": null, "addr:street": null, "phone": null, "wheelchair": null, "opening_hours": null, "addr:interpolation": null, "designation": null, "emergency": null, "addr:housename": null, "addr:housenumber": null, "note": null, "operator": null, "is_in": null, "name:en": null, "healthcare:speciality": null, "health_facility:type": null, "operator:wikidata": null, "wikidata": null, "wikipedia": null, "internet_access": null, "payment:cash": null, "payment:credit_cards": null, "payment:debit_cards": null, "name:ta": null, "description": null, "level": null, "addr:suburb": null, "image": null, "building": null, "alt_name": null, "name:tn": null, "comment": null, "mobile": null, "contact:phone": null, "short_name": null, "bus_covered": false, "true_metro_dist": 999999.0, "metro_covered": false, "metro_covered_red_only": false, "metro_covered_either_line": false }, "geometry": { "type": "Polygon", "coordinates": [ [ [ 80.2600077, 12.9714366 ], [ 80.2595768, 12.9697751 ], [ 80.2602286, 12.9695957 ], [ 80.2606555, 12.9712879 ], [ 80.2600077, 12.9714366 ] ] ] } },
{ "type": "Feature", "properties": { "element": "way", "id": 132073184, "addr:block": null, "addr:city": null, "addr:district": null, "addr:full": null, "addr:postcode": null, "addr:state": null, "amenity": "hospital", "healthcare": "hospital", "name": "Apollo Hospital", "source": null, "check_date": null, "created_by": null, "addr:subdistrict": null, "email": null, "operator:type": null, "website": null, "addr:street": null, "phone": null, "wheelchair": null, "opening_hours": null, "addr:interpolation": null, "designation": null, "emergency": "yes", "addr:housename": null, "addr:housenumber": null, "note": null, "operator": null, "is_in": null, "name:en": null, "healthcare:speciality": null, "health_facility:type": null, "operator:wikidata": null, "wikidata": null, "wikipedia": null, "internet_access": null, "payment:cash": null, "payment:credit_cards": null, "payment:debit_cards": null, "name:ta": null, "description": null, "level": null, "addr:suburb": null, "image": null, "building": null, "alt_name": null, "name:tn": null, "comment": null, "mobile": null, "contact:phone": null, "short_name": null, "bus_covered": false, "true_metro_dist": 1161.1377790299323, "metro_covered": false, "metro_covered_red_only": false, "metro_covered_either_line": false }, "geometry": { "type": "Polygon", "coordinates": [ [ [ 80.2451264, 12.9628992 ], [ 80.2452832, 12.9634505 ], [ 80.2456555, 12.9633861 ], [ 80.2463534, 12.9632493 ], [ 80.2460453, 12.9626644 ], [ 80.2451264, 12.9628992 ] ] ] } },
{ "type": "Feature", "properties": { "element": "way", "id": 170104584, "addr:block": null, "addr:city": null, "addr:district": null, "addr:full": null, "addr:postcode": null, "addr:state": null, "amenity": "hospital", "healthcare": "hospital", "name": "Global Hospitals", "source": null, "check_date": null, "created_by": null, "addr:subdistrict": null, "email": null, "operator:type": null, "website": null, "addr:street": null, "phone": null, "wheelchair": null, "opening_hours": null, "addr:interpolation": null, "designation": null, "emergency": null, "addr:housename": null, "addr:housenumber": null, "note": null, "operator": null, "is_in": null, "name:en": null, "healthcare:speciality": null, "health_facility:type": null, "operator:wikidata": null, "wikidata": null, "wikipedia": null, "internet_access": null, "payment:cash": null, "payment:credit_cards": null, "payment:debit_cards": null, "name:ta": null, "description": null, "level": null, "addr:suburb": null, "image": null, "building": null, "alt_name": null, "name:tn": null, "comment": null, "mobile": null, "contact:phone": null, "short_name": null, "bus_covered": true, "true_metro_dist": 950.38403446062875, "metro_covered": false, "metro_covered_red_only": false, "metro_covered_either_line": false }, "geometry": { "type": "Polygon", "coordinates": [ [ [ 80.2512538, 13.0096801 ], [ 80.251565, 13.0096605 ], [ 80.2517828, 13.0099244 ], [ 80.2512646, 13.0099623 ], [ 80.2512538, 13.0096801 ] ] ] } },
{ "type": "Feature", "properties": { "element": "way", "id": 211900029, "addr:block": null, "addr:city": null, "addr:district": "Chennai", "addr:full": "No.18, East Canal Bank Road, Gandhi Nagar", "addr:postcode": "600020", "addr:state": "Tamil Nadu", "amenity": "hospital", "healthcare": null, "name": "Cancer Hospital", "source": "OpenGovernmentData", "check_date": null, "created_by": null, "addr:subdistrict": "Adyar", "email": null, "operator:type": null, "website": "http://cancerinstitutewia.in/CIWIA/", "addr:street": null, "phone": null, "wheelchair": null, "opening_hours": null, "addr:interpolation": null, "designation": null, "emergency": null, "addr:housename": null, "addr:housenumber": null, "note": null, "operator": null, "is_in": null, "name:en": null, "healthcare:speciality": null, "health_facility:type": null, "operator:wikidata": null, "wikidata": null, "wikipedia": null, "internet_access": null, "payment:cash": null, "payment:credit_cards": null, "payment:debit_cards": null, "name:ta": null, "description": null, "level": null, "addr:suburb": null, "image": null, "building": null, "alt_name": null, "name:tn": null, "comment": null, "mobile": null, "contact:phone": null, "short_name": null, "bus_covered": false, "true_metro_dist": 1199.8826002463513, "metro_covered": false, "metro_covered_red_only": false, "metro_covered_either_line": false }, "geometry": { "type": "Polygon", "coordinates": [ [ [ 80.2481032, 13.0068365 ], [ 80.2483031, 13.0068356 ], [ 80.2483636, 13.0069224 ], [ 80.248827, 13.0105701 ], [ 80.2488859, 13.0112512 ], [ 80.2483251, 13.0112771 ], [ 80.2482789, 13.0107982 ], [ 80.2482768, 13.0107759 ], [ 80.2481892, 13.0084967 ], [ 80.2481032, 13.0068365 ] ] ] } },
{ "type": "Feature", "properties": { "element": "way", "id": 218163938, "addr:block": null, "addr:city": null, "addr:district": null, "addr:full": null, "addr:postcode": null, "addr:state": null, "amenity": "hospital", "healthcare": "hospital", "name": "Fortis Malar Hospital", "source": null, "check_date": null, "created_by": null, "addr:subdistrict": null, "email": null, "operator:type": null, "website": null, "addr:street": null, "phone": null, "wheelchair": null, "opening_hours": null, "addr:interpolation": null, "designation": null, "emergency": null, "addr:housename": null, "addr:housenumber": null, "note": null, "operator": null, "is_in": null, "name:en": null, "healthcare:speciality": null, "health_facility:type": null, "operator:wikidata": null, "wikidata": "Q5472672", "wikipedia": "en:Fortis Malar Hospital", "internet_access": null, "payment:cash": null, "payment:credit_cards": null, "payment:debit_cards": null, "name:ta": null, "description": null, "level": null, "addr:suburb": null, "image": null, "building": null, "alt_name": null, "name:tn": "ஃபோர்டிஸ் மலர் மருத்துவமனை சென்னை", "comment": null, "mobile": null, "contact:phone": null, "short_name": null, "bus_covered": false, "true_metro_dist": 551.58380965702258, "metro_covered": false, "metro_covered_red_only": false, "metro_covered_either_line": false }, "geometry": { "type": "Polygon", "coordinates": [ [ [ 80.2587339, 13.010424 ], [ 80.2587281, 13.0103202 ], [ 80.2587121, 13.010303 ], [ 80.2586966, 13.0103036 ], [ 80.2586949, 13.0102417 ], [ 80.2587147, 13.0102254 ], [ 80.2589286, 13.0102206 ], [ 80.2589259, 13.0101597 ], [ 80.2589187, 13.0099407 ], [ 80.2589176, 13.009897 ], [ 80.2584864, 13.0098993 ], [ 80.2584897, 13.0101595 ], [ 80.258456200000012, 13.010192 ], [ 80.2582684, 13.0101938 ], [ 80.2581998, 13.0101944 ], [ 80.2581996, 13.0103209 ], [ 80.2581995, 13.010378 ], [ 80.2587339, 13.010424 ] ] ] } },
{ "type": "Feature", "properties": { "element": "way", "id": 328706398, "addr:block": null, "addr:city": "Chennai", "addr:district": null, "addr:full": null, "addr:postcode": "600020", "addr:state": null, "amenity": "hospital", "healthcare": "hospital", "name": "Chennai Clinical Centres", "source": null, "check_date": null, "created_by": null, "addr:subdistrict": null, "email": null, "operator:type": null, "website": null, "addr:street": "16th Cross Street", "phone": "+919841910001", "wheelchair": null, "opening_hours": null, "addr:interpolation": null, "designation": null, "emergency": null, "addr:housename": null, "addr:housenumber": "6", "note": null, "operator": "Dr D Balakrishnan ENT Clinic", "is_in": null, "name:en": null, "healthcare:speciality": null, "health_facility:type": null, "operator:wikidata": null, "wikidata": null, "wikipedia": null, "internet_access": null, "payment:cash": null, "payment:credit_cards": null, "payment:debit_cards": null, "name:ta": null, "description": null, "level": null, "addr:suburb": null, "image": null, "building": null, "alt_name": null, "name:tn": null, "comment": null, "mobile": null, "contact:phone": null, "short_name": null, "bus_covered": true, "true_metro_dist": 380.5897575652188, "metro_covered": true, "metro_covered_red_only": false, "metro_covered_either_line": true }, "geometry": { "type": "Polygon", "coordinates": [ [ [ 80.2515531, 12.9942334 ], [ 80.2515874, 12.9941302 ], [ 80.2517012, 12.9941661 ], [ 80.2516668, 12.9942693 ], [ 80.2515531, 12.9942334 ] ] ] } },
{ "type": "Feature", "properties": { "element": "way", "id": 397271559, "addr:block": null, "addr:city": "palavakkam", "addr:district": null, "addr:full": null, "addr:postcode": "600041", "addr:state": null, "amenity": "clinic", "healthcare": "clinic", "name": "Government Dispensary", "source": null, "check_date": null, "created_by": null, "addr:subdistrict": null, "email": null, "operator:type": null, "website": null, "addr:street": "East Coast Road SH49", "phone": null, "wheelchair": null, "opening_hours": null, "addr:interpolation": null, "designation": null, "emergency": null, "addr:housename": null, "addr:housenumber": null, "note": null, "operator": null, "is_in": null, "name:en": null, "healthcare:speciality": null, "health_facility:type": null, "operator:wikidata": null, "wikidata": null, "wikipedia": null, "internet_access": null, "payment:cash": null, "payment:credit_cards": null, "payment:debit_cards": null, "name:ta": "அரசு ஆரம்ப சுகாதர மைய்யம்", "description": null, "level": null, "addr:suburb": null, "image": null, "building": "yes", "alt_name": null, "name:tn": null, "comment": null, "mobile": null, "contact:phone": null, "short_name": null, "bus_covered": false, "true_metro_dist": 1495.518329098951, "metro_covered": false, "metro_covered_red_only": false, "metro_covered_either_line": false }, "geometry": { "type": "Polygon", "coordinates": [ [ [ 80.2564042, 12.9608984 ], [ 80.2563873, 12.9608135 ], [ 80.2564679, 12.9607945 ], [ 80.2564938, 12.9608826 ], [ 80.2564042, 12.9608984 ] ] ] } },
{ "type": "Feature", "properties": { "element": "way", "id": 462740006, "addr:block": null, "addr:city": null, "addr:district": null, "addr:full": null, "addr:postcode": null, "addr:state": null, "amenity": "hospital", "healthcare": "hospital", "name": "corporation hospital", "source": null, "check_date": null, "created_by": null, "addr:subdistrict": null, "email": null, "operator:type": null, "website": null, "addr:street": null, "phone": null, "wheelchair": null, "opening_hours": null, "addr:interpolation": null, "designation": null, "emergency": null, "addr:housename": null, "addr:housenumber": null, "note": null, "operator": null, "is_in": null, "name:en": null, "healthcare:speciality": null, "health_facility:type": null, "operator:wikidata": null, "wikidata": null, "wikipedia": null, "internet_access": null, "payment:cash": null, "payment:credit_cards": null, "payment:debit_cards": null, "name:ta": null, "description": null, "level": null, "addr:suburb": null, "image": null, "building": null, "alt_name": null, "name:tn": null, "comment": null, "mobile": null, "contact:phone": null, "short_name": null, "bus_covered": true, "true_metro_dist": 1403.7012066409752, "metro_covered": false, "metro_covered_red_only": false, "metro_covered_either_line": false }, "geometry": { "type": "Polygon", "coordinates": [ [ [ 80.2572158, 12.9847632 ], [ 80.2572089, 12.9846385 ], [ 80.257465, 12.984625 ], [ 80.257476, 12.9847396 ], [ 80.2572158, 12.9847632 ] ] ] } },
{ "type": "Feature", "properties": { "element": "way", "id": 1373636356, "addr:block": null, "addr:city": null, "addr:district": null, "addr:full": null, "addr:postcode": null, "addr:state": null, "amenity": "hospital", "healthcare": "hospital", "name": "Chennai Urology & Robotics Institute", "source": null, "check_date": null, "created_by": null, "addr:subdistrict": null, "email": null, "operator:type": null, "website": null, "addr:street": null, "phone": null, "wheelchair": null, "opening_hours": null, "addr:interpolation": null, "designation": null, "emergency": null, "addr:housename": null, "addr:housenumber": null, "note": null, "operator": null, "is_in": null, "name:en": null, "healthcare:speciality": "urology", "health_facility:type": null, "operator:wikidata": null, "wikidata": null, "wikipedia": null, "internet_access": null, "payment:cash": null, "payment:credit_cards": null, "payment:debit_cards": null, "name:ta": null, "description": null, "level": null, "addr:suburb": null, "image": null, "building": null, "alt_name": "Hospital CURI", "name:tn": null, "comment": null, "mobile": null, "contact:phone": null, "short_name": "CURI Hospital", "bus_covered": false, "true_metro_dist": 668.61157333859035, "metro_covered": false, "metro_covered_red_only": false, "metro_covered_either_line": false }, "geometry": { "type": "Polygon", "coordinates": [ [ [ 80.2413992, 12.9516961 ], [ 80.2408835, 12.9519586 ], [ 80.2410697, 12.9523537 ], [ 80.241583, 12.9521939 ], [ 80.2413992, 12.9516961 ] ] ] } }
]
}
